kvk_id,season_id,kingdom_a,kingdom_b,prep_winner,castle_winner,attacker,defender,castle_captured,season_date,kvk_title,description,created_at,updated_at,kingdom_a_age_days,kingdom_b_age_days
6364,15,1,15,1,1,1,15,true,2026-06-20,KvK #15,KvK #15,2026-06-20T17:22:11.586Z,2026-06-20T17:22:11.586Z,481,466
6365,15,3,10,10,10,10,3,true,2026-06-20,KvK #15,KvK #15,2026-06-20T17:22:11.762Z,2026-06-20T17:22:11.762Z,478,471
6366,15,4,19,19,19,19,4,true,2026-06-20,KvK #15,KvK #15,2026-06-20T17:22:25.388Z,2026-06-20T17:22:25.388Z,477,462
6367,15,5,11,5,5,5,11,true,2026-06-20,KvK #15,KvK #15,2026-06-20T17:22:25.566Z,2026-06-20T17:22:25.566Z,476,470
6368,15,6,14,14,14,14,6,true,2026-06-20,KvK #15,KvK #15,2026-06-20T17:22:25.737Z,2026-06-20T17:22:25.737Z,475,467
6369,15,7,18,7,7,7,18,true,2026-06-20,KvK #15,KvK #15,2026-06-20T17:22:25.969Z,2026-06-20T17:22:25.969Z,474,463
6370,15,8,24,24,8,24,8,false,2026-06-20,KvK #15,KvK #15,2026-06-20T17:22:26.157Z,2026-06-20T17:22:26.157Z,473,461
6371,15,9,22,22,9,22,9,false,2026-06-20,KvK #15,KvK #15,2026-06-20T17:22:26.341Z,2026-06-20T17:22:26.341Z,472,461
6372,15,12,21,21,21,21,12,true,2026-06-20,KvK #15,KvK #15,2026-06-20T17:22:26.515Z,2026-06-20T17:22:26.515Z,469,462
6373,15,13,16,13,16,13,16,false,2026-06-20,KvK #15,KvK #15,2026-06-20T17:22:26.688Z,2026-06-20T17:22:26.688Z,468,465
6374,15,17,25,17,25,17,25,false,2026-06-20,KvK #15,KvK #15,2026-06-20T17:22:26.860Z,2026-06-20T17:22:26.860Z,464,461
6375,15,20,23,23,20,23,20,false,2026-06-20,KvK #15,KvK #15,2026-06-20T17:22:27.030Z,2026-06-20T17:22:27.030Z,462,461
6376,15,26,157,26,26,26,157,true,2026-06-20,KvK #15,KvK #15,2026-06-20T17:22:27.201Z,2026-06-20T17:22:27.201Z,460,423
6377,15,27,82,27,82,27,82,false,2026-06-20,KvK #15,KvK #15,2026-06-20T17:22:27.378Z,2026-06-20T17:22:27.378Z,460,441
6378,15,28,241,241,28,241,28,false,2026-06-20,KvK #15,KvK #15,2026-06-20T17:22:27.549Z,2026-06-20T17:22:27.549Z,459,403
6379,15,29,246,246,246,246,29,true,2026-06-20,KvK #15,KvK #15,2026-06-20T17:22:27.720Z,2026-06-20T17:22:27.720Z,459,402
6380,15,30,202,202,30,202,30,false,2026-06-20,KvK #15,KvK #15,2026-06-20T17:22:27.889Z,2026-06-20T17:22:27.889Z,459,412
6381,15,31,63,31,31,31,63,true,2026-06-20,KvK #15,KvK #15,2026-06-20T17:22:28.062Z,2026-06-20T17:22:28.062Z,457,448
6382,15,32,268,268,32,268,32,false,2026-06-20,KvK #15,KvK #15,2026-06-20T17:22:28.234Z,2026-06-20T17:22:28.234Z,458,398
6383,15,33,371,371,371,371,33,true,2026-06-20,KvK #15,KvK #15,2026-06-20T17:22:28.410Z,2026-06-20T17:22:28.410Z,457,382
6384,15,34,362,362,362,362,34,true,2026-06-20,KvK #15,KvK #15,2026-06-20T17:22:28.577Z,2026-06-20T17:22:28.577Z,457,384
6385,15,35,251,251,251,251,35,true,2026-06-20,KvK #15,KvK #15,2026-06-20T17:22:28.833Z,2026-06-20T17:22:28.833Z,456,401
6386,15,36,114,114,114,114,36,true,2026-06-20,KvK #15,KvK #15,2026-06-20T17:22:28.998Z,2026-06-20T17:22:28.998Z,456,433
6387,15,37,135,135,135,135,37,true,2026-06-20,KvK #15,KvK #15,2026-06-20T17:22:29.168Z,2026-06-20T17:22:29.168Z,455,427
6388,15,38,183,183,38,183,38,false,2026-06-20,KvK #15,KvK #15,2026-06-20T17:22:29.342Z,2026-06-20T17:22:29.342Z,454,417
6389,15,39,123,123,123,123,39,true,2026-06-20,KvK #15,KvK #15,2026-06-20T17:22:29.524Z,2026-06-20T17:22:29.524Z,455,430
6390,15,40,109,40,109,40,109,false,2026-06-20,KvK #15,KvK #15,2026-06-20T17:22:29.689Z,2026-06-20T17:22:29.689Z,455,434
6391,15,41,374,374,41,374,41,false,2026-06-20,KvK #15,KvK #15,2026-06-20T17:22:29.863Z,2026-06-20T17:22:29.863Z,455,382
6392,15,42,87,87,87,87,42,true,2026-06-20,KvK #15,KvK #15,2026-06-20T17:22:30.030Z,2026-06-20T17:22:30.030Z,454,440
6393,15,43,134,134,43,134,43,false,2026-06-20,KvK #15,KvK #15,2026-06-20T17:22:30.203Z,2026-06-20T17:22:30.203Z,454,427
6394,15,44,66,66,66,66,44,true,2026-06-20,KvK #15,KvK #15,2026-06-20T17:22:30.370Z,2026-06-20T17:22:30.370Z,454,447
6395,15,45,404,404,404,404,45,true,2026-06-20,KvK #15,KvK #15,2026-06-20T17:22:30.541Z,2026-06-20T17:22:30.541Z,454,378
6396,15,46,158,158,46,158,46,false,2026-06-20,KvK #15,KvK #15,2026-06-20T17:22:30.730Z,2026-06-20T17:22:30.730Z,453,423
6397,15,47,83,83,83,83,47,true,2026-06-20,KvK #15,KvK #15,2026-06-20T17:22:30.910Z,2026-06-20T17:22:30.910Z,453,441
6398,15,48,269,269,48,269,48,false,2026-06-20,KvK #15,KvK #15,2026-06-20T17:22:31.091Z,2026-06-20T17:22:31.091Z,453,397
6399,15,49,219,219,49,219,49,false,2026-06-20,KvK #15,KvK #15,2026-06-20T17:22:31.257Z,2026-06-20T17:22:31.257Z,452,407
6400,15,50,95,50,95,50,95,false,2026-06-20,KvK #15,KvK #15,2026-06-20T17:22:31.442Z,2026-06-20T17:22:31.442Z,452,438
6401,15,51,104,104,51,104,51,false,2026-06-20,KvK #15,KvK #15,2026-06-20T17:22:31.614Z,2026-06-20T17:22:31.614Z,452,435
6402,15,52,248,248,52,248,52,false,2026-06-20,KvK #15,KvK #15,2026-06-20T17:22:31.785Z,2026-06-20T17:22:31.785Z,451,402
6403,15,53,64,64,64,64,53,true,2026-06-20,KvK #15,KvK #15,2026-06-20T17:22:31.954Z,2026-06-20T17:22:31.954Z,451,447
6404,15,54,254,54,254,54,254,false,2026-06-20,KvK #15,KvK #15,2026-06-20T17:22:32.128Z,2026-06-20T17:22:32.128Z,451,400
6405,15,55,133,133,55,133,55,false,2026-06-20,KvK #15,KvK #15,2026-06-20T17:22:32.300Z,2026-06-20T17:22:32.300Z,449,428
6406,15,56,204,56,56,56,204,true,2026-06-20,KvK #15,KvK #15,2026-06-20T17:22:32.472Z,2026-06-20T17:22:32.472Z,450,412
6407,15,57,112,112,57,112,57,false,2026-06-20,KvK #15,KvK #15,2026-06-20T17:22:32.642Z,2026-06-20T17:22:32.642Z,449,433
6408,15,58,297,297,297,297,58,true,2026-06-20,KvK #15,KvK #15,2026-06-20T17:22:32.814Z,2026-06-20T17:22:32.814Z,449,391
6409,15,59,386,386,59,386,59,false,2026-06-20,KvK #15,KvK #15,2026-06-20T17:22:32.985Z,2026-06-20T17:22:32.985Z,449,381
6410,15,60,188,60,60,60,188,true,2026-06-20,KvK #15,KvK #15,2026-06-20T17:22:33.158Z,2026-06-20T17:22:33.158Z,448,415
6411,15,61,138,61,138,61,138,false,2026-06-20,KvK #15,KvK #15,2026-06-20T17:22:33.348Z,2026-06-20T17:22:33.348Z,448,427
6412,15,62,278,278,278,278,62,true,2026-06-20,KvK #15,KvK #15,2026-06-20T17:22:33.515Z,2026-06-20T17:22:33.515Z,448,396
6413,15,65,164,65,65,65,164,true,2026-06-20,KvK #15,KvK #15,2026-06-20T17:22:33.681Z,2026-06-20T17:22:33.681Z,447,421
6414,15,67,363,363,363,363,67,true,2026-06-20,KvK #15,KvK #15,2026-06-20T17:22:33.854Z,2026-06-20T17:22:33.854Z,447,384
6415,15,68,174,68,174,68,174,false,2026-06-20,KvK #15,KvK #15,2026-06-20T17:22:34.022Z,2026-06-20T17:22:34.022Z,446,419
6416,15,69,209,69,69,69,209,true,2026-06-20,KvK #15,KvK #15,2026-06-20T17:22:34.192Z,2026-06-20T17:22:34.192Z,446,411
6417,15,70,102,102,102,102,70,true,2026-06-20,KvK #15,KvK #15,2026-06-20T17:22:34.363Z,2026-06-20T17:22:34.363Z,446,436
6418,15,71,353,71,71,71,353,true,2026-06-20,KvK #15,KvK #15,2026-06-20T17:22:34.535Z,2026-06-20T17:22:34.535Z,445,385
6419,15,72,318,318,72,318,72,false,2026-06-20,KvK #15,KvK #15,2026-06-20T17:22:34.704Z,2026-06-20T17:22:34.704Z,445,389
6420,15,73,413,73,73,73,413,true,2026-06-20,KvK #15,KvK #15,2026-06-20T17:22:34.876Z,2026-06-20T17:22:34.876Z,445,377
6421,15,74,159,159,159,159,74,true,2026-06-20,KvK #15,KvK #15,2026-06-20T17:22:35.050Z,2026-06-20T17:22:35.050Z,444,422
6422,15,75,393,393,393,393,75,true,2026-06-20,KvK #15,KvK #15,2026-06-20T17:22:35.220Z,2026-06-20T17:22:35.220Z,444,380
6423,15,76,289,289,76,289,76,false,2026-06-20,KvK #15,KvK #15,2026-06-20T17:22:35.388Z,2026-06-20T17:22:35.388Z,443,393
6424,15,77,151,77,151,77,151,false,2026-06-20,KvK #15,KvK #15,2026-06-20T17:22:35.560Z,2026-06-20T17:22:35.560Z,443,424
6425,15,78,194,194,194,194,78,true,2026-06-20,KvK #15,KvK #15,2026-06-20T17:22:35.735Z,2026-06-20T17:22:35.735Z,443,414
6426,15,79,379,379,79,379,79,false,2026-06-20,KvK #15,KvK #15,2026-06-20T17:22:35.902Z,2026-06-20T17:22:35.902Z,442,382
6427,15,80,279,80,80,80,279,true,2026-06-20,KvK #15,KvK #15,2026-06-20T17:22:36.077Z,2026-06-20T17:22:36.077Z,441,395
6428,15,81,145,145,81,145,81,false,2026-06-20,KvK #15,KvK #15,2026-06-20T17:22:36.247Z,2026-06-20T17:22:36.247Z,442,425
6429,15,84,190,84,190,84,190,false,2026-06-20,KvK #15,KvK #15,2026-06-20T17:22:36.422Z,2026-06-20T17:22:36.422Z,441,415
6430,15,85,217,217,217,217,85,true,2026-06-20,KvK #15,KvK #15,2026-06-20T17:22:36.595Z,2026-06-20T17:22:36.595Z,441,409
6431,15,86,240,86,240,86,240,false,2026-06-20,KvK #15,KvK #15,2026-06-20T17:22:36.769Z,2026-06-20T17:22:36.769Z,440,403
6432,15,88,140,88,140,88,140,false,2026-06-20,KvK #15,KvK #15,2026-06-20T17:22:36.939Z,2026-06-20T17:22:36.939Z,440,426
6433,15,89,256,89,256,89,256,false,2026-06-20,KvK #15,KvK #15,2026-06-20T17:22:37.107Z,2026-06-20T17:22:37.107Z,440,400
6434,15,90,321,321,90,321,90,false,2026-06-20,KvK #15,KvK #15,2026-06-20T17:22:37.289Z,2026-06-20T17:22:37.289Z,439,389
6435,15,91,198,198,91,198,91,false,2026-06-20,KvK #15,KvK #15,2026-06-20T17:22:37.468Z,2026-06-20T17:22:37.468Z,439,412
6436,15,92,150,150,150,150,92,true,2026-06-20,KvK #15,KvK #15,2026-06-20T17:22:37.640Z,2026-06-20T17:22:37.640Z,439,424
6437,15,93,210,210,93,210,93,false,2026-06-20,KvK #15,KvK #15,2026-06-20T17:22:37.809Z,2026-06-20T17:22:37.809Z,439,411
6438,15,94,154,154,94,154,94,false,2026-06-20,KvK #15,KvK #15,2026-06-20T17:22:37.981Z,2026-06-20T17:22:37.981Z,438,424
6439,15,96,211,211,211,211,96,true,2026-06-20,KvK #15,KvK #15,2026-06-20T17:22:38.153Z,2026-06-20T17:22:38.153Z,438,409
6440,15,97,224,224,224,224,97,true,2026-06-20,KvK #15,KvK #15,2026-06-20T17:22:38.321Z,2026-06-20T17:22:38.321Z,438,407
6441,15,98,347,347,347,347,98,true,2026-06-20,KvK #15,KvK #15,2026-06-20T17:22:38.497Z,2026-06-20T17:22:38.497Z,437,386
6442,15,99,252,252,252,252,99,true,2026-06-20,KvK #15,KvK #15,2026-06-20T17:22:38.663Z,2026-06-20T17:22:38.663Z,437,401
6443,15,100,412,412,100,412,100,false,2026-06-20,KvK #15,KvK #15,2026-06-20T17:22:38.833Z,2026-06-20T17:22:38.833Z,437,377
6444,15,101,285,285,285,285,101,true,2026-06-20,KvK #15,KvK #15,2026-06-20T17:22:39.006Z,2026-06-20T17:22:39.006Z,436,394
6445,15,103,238,238,103,238,103,false,2026-06-20,KvK #15,KvK #15,2026-06-20T17:22:39.174Z,2026-06-20T17:22:39.174Z,435,404
6446,15,105,200,200,200,200,105,true,2026-06-20,KvK #15,KvK #15,2026-06-20T17:22:40.579Z,2026-06-20T17:22:40.579Z,435,412
6447,15,106,186,106,106,106,186,true,2026-06-20,KvK #15,KvK #15,2026-06-20T17:22:40.751Z,2026-06-20T17:22:40.751Z,435,416
6448,15,107,189,107,189,107,189,false,2026-06-20,KvK #15,KvK #15,2026-06-20T17:22:40.919Z,2026-06-20T17:22:40.919Z,434,415
6449,15,108,173,108,108,108,173,true,2026-06-20,KvK #15,KvK #15,2026-06-20T17:22:41.093Z,2026-06-20T17:22:41.093Z,434,419
6450,15,110,350,350,110,350,110,false,2026-06-20,KvK #15,KvK #15,2026-06-20T17:22:41.260Z,2026-06-20T17:22:41.260Z,433,385
6451,15,111,270,270,270,270,111,true,2026-06-20,KvK #15,KvK #15,2026-06-20T17:22:41.432Z,2026-06-20T17:22:41.432Z,433,397
6452,15,113,341,113,113,113,341,true,2026-06-20,KvK #15,KvK #15,2026-06-20T17:22:41.603Z,2026-06-20T17:22:41.603Z,433,386
6453,15,115,193,193,115,193,115,false,2026-06-20,KvK #15,KvK #15,2026-06-20T17:22:41.773Z,2026-06-20T17:22:41.773Z,433,414
6454,15,116,280,116,116,116,280,true,2026-06-20,KvK #15,KvK #15,2026-06-20T17:22:41.947Z,2026-06-20T17:22:41.947Z,432,395
6455,15,117,205,205,205,205,117,true,2026-06-20,KvK #15,KvK #15,2026-06-20T17:22:42.118Z,2026-06-20T17:22:42.118Z,432,412
6456,15,118,136,118,118,118,136,true,2026-06-20,KvK #15,KvK #15,2026-06-20T17:22:42.291Z,2026-06-20T17:22:42.291Z,432,427
6457,15,119,264,264,264,264,119,true,2026-06-20,KvK #15,KvK #15,2026-06-20T17:22:42.462Z,2026-06-20T17:22:42.462Z,432,398
6458,15,120,369,369,369,369,120,true,2026-06-20,KvK #15,KvK #15,2026-06-20T17:22:42.636Z,2026-06-20T17:22:42.636Z,431,383
6459,15,121,207,207,207,207,121,true,2026-06-20,KvK #15,KvK #15,2026-06-20T17:22:42.823Z,2026-06-20T17:22:42.823Z,431,411
6460,15,122,237,237,237,237,122,true,2026-06-20,KvK #15,KvK #15,2026-06-20T17:22:42.994Z,2026-06-20T17:22:42.994Z,431,403
6461,15,124,165,124,165,124,165,false,2026-06-20,KvK #15,KvK #15,2026-06-20T17:22:43.167Z,2026-06-20T17:22:43.167Z,430,421
6462,15,125,417,417,125,417,125,false,2026-06-20,KvK #15,KvK #15,2026-06-20T17:22:43.337Z,2026-06-20T17:22:43.337Z,430,377
6463,15,126,195,126,126,126,195,true,2026-06-20,KvK #15,KvK #15,2026-06-20T17:22:43.509Z,2026-06-20T17:22:43.509Z,430,414
6464,15,127,220,220,220,220,127,true,2026-06-20,KvK #15,KvK #15,2026-06-20T17:22:43.682Z,2026-06-20T17:22:43.682Z,429,408
6465,15,128,196,128,196,128,196,false,2026-06-20,KvK #15,KvK #15,2026-06-20T17:22:43.852Z,2026-06-20T17:22:43.852Z,429,414
6466,15,129,236,236,236,236,129,true,2026-06-20,KvK #15,KvK #15,2026-06-20T17:22:44.023Z,2026-06-20T17:22:44.023Z,429,404
6467,15,130,247,247,247,247,130,true,2026-06-20,KvK #15,KvK #15,2026-06-20T17:22:44.195Z,2026-06-20T17:22:44.195Z,428,402
6468,15,131,229,229,229,229,131,true,2026-06-20,KvK #15,KvK #15,2026-06-20T17:22:44.363Z,2026-06-20T17:22:44.363Z,428,406
6469,15,132,271,271,132,271,132,false,2026-06-20,KvK #15,KvK #15,2026-06-20T17:22:44.533Z,2026-06-20T17:22:44.533Z,428,397
6470,15,137,338,338,137,338,137,false,2026-06-20,KvK #15,KvK #15,2026-06-20T17:22:44.704Z,2026-06-20T17:22:44.704Z,427,387
6471,15,139,331,331,139,331,139,false,2026-06-20,KvK #15,KvK #15,2026-06-20T17:22:44.874Z,2026-06-20T17:22:44.874Z,426,388
6472,15,141,403,141,141,141,403,true,2026-06-20,KvK #15,KvK #15,2026-06-20T17:22:45.068Z,2026-06-20T17:22:45.068Z,426,378
6473,15,142,398,398,142,398,142,false,2026-06-20,KvK #15,KvK #15,2026-06-20T17:22:45.232Z,2026-06-20T17:22:45.232Z,426,379
6474,15,143,161,143,161,143,161,false,2026-06-20,KvK #15,KvK #15,2026-06-20T17:22:45.427Z,2026-06-20T17:22:45.427Z,426,422
6475,15,144,365,365,365,365,144,true,2026-06-20,KvK #15,KvK #15,2026-06-20T17:22:45.592Z,2026-06-20T17:22:45.592Z,426,384
6476,15,146,339,146,146,146,339,true,2026-06-20,KvK #15,KvK #15,2026-06-20T17:22:45.760Z,2026-06-20T17:22:45.760Z,425,387
6477,15,147,197,197,147,197,147,false,2026-06-20,KvK #15,KvK #15,2026-06-20T17:22:45.942Z,2026-06-20T17:22:45.942Z,425,413
6478,15,148,360,360,360,360,148,true,2026-06-20,KvK #15,KvK #15,2026-06-20T17:22:46.105Z,2026-06-20T17:22:46.105Z,425,384
6479,15,149,170,170,170,170,149,true,2026-06-20,KvK #15,KvK #15,2026-06-20T17:22:46.276Z,2026-06-20T17:22:46.276Z,425,419
6480,15,152,293,293,293,293,152,true,2026-06-20,KvK #15,KvK #15,2026-06-20T17:22:46.449Z,2026-06-20T17:22:46.449Z,424,393
6481,15,153,245,153,153,153,245,true,2026-06-20,KvK #15,KvK #15,2026-06-20T17:22:46.619Z,2026-06-20T17:22:46.619Z,424,402
6482,15,155,281,281,281,281,155,true,2026-06-20,KvK #15,KvK #15,2026-06-20T17:22:46.794Z,2026-06-20T17:22:46.794Z,423,395
6483,15,156,203,203,203,203,156,true,2026-06-20,KvK #15,KvK #15,2026-06-20T17:22:46.961Z,2026-06-20T17:22:46.961Z,423,412
6484,15,160,305,305,160,305,160,false,2026-06-20,KvK #15,KvK #15,2026-06-20T17:22:47.132Z,2026-06-20T17:22:47.132Z,422,391
6485,15,162,401,401,162,401,162,false,2026-06-20,KvK #15,KvK #15,2026-06-20T17:22:47.306Z,2026-06-20T17:22:47.306Z,422,379
6486,15,163,169,163,163,163,169,true,2026-06-20,KvK #15,KvK #15,2026-06-20T17:22:47.480Z,2026-06-20T17:22:47.480Z,421,420
6487,15,166,185,185,185,185,166,true,2026-06-20,KvK #15,KvK #15,2026-06-20T17:22:47.652Z,2026-06-20T17:22:47.652Z,420,415
6488,15,167,396,167,167,167,396,true,2026-06-20,KvK #15,KvK #15,2026-06-20T17:22:47.820Z,2026-06-20T17:22:47.820Z,420,379
6489,15,168,361,361,168,361,168,false,2026-06-20,KvK #15,KvK #15,2026-06-20T17:22:47.994Z,2026-06-20T17:22:47.994Z,420,384
6490,15,171,324,324,324,324,171,true,2026-06-20,KvK #15,KvK #15,2026-06-20T17:22:48.166Z,2026-06-20T17:22:48.166Z,419,389
6491,15,172,259,172,172,172,259,true,2026-06-20,KvK #15,KvK #15,2026-06-20T17:22:48.337Z,2026-06-20T17:22:48.337Z,419,399
6492,15,175,234,234,234,234,175,true,2026-06-20,KvK #15,KvK #15,2026-06-20T17:22:48.507Z,2026-06-20T17:22:48.507Z,419,405
6493,15,176,206,176,176,176,206,true,2026-06-20,KvK #15,KvK #15,2026-06-20T17:22:48.679Z,2026-06-20T17:22:48.679Z,418,411
6494,15,177,391,391,177,391,177,false,2026-06-20,KvK #15,KvK #15,2026-06-20T17:22:48.850Z,2026-06-20T17:22:48.850Z,418,380
6495,15,178,299,178,178,178,299,true,2026-06-20,KvK #15,KvK #15,2026-06-20T17:22:49.023Z,2026-06-20T17:22:49.023Z,418,392
6496,15,179,382,382,179,382,179,false,2026-06-20,KvK #15,KvK #15,2026-06-20T17:22:49.200Z,2026-06-20T17:22:49.200Z,418,381
6497,15,180,244,244,244,244,180,true,2026-06-20,KvK #15,KvK #15,2026-06-20T17:22:49.370Z,2026-06-20T17:22:49.370Z,417,402
6498,15,181,239,239,239,239,181,true,2026-06-20,KvK #15,KvK #15,2026-06-20T17:22:49.540Z,2026-06-20T17:22:49.540Z,417,404
6499,15,182,228,228,228,228,182,true,2026-06-20,KvK #15,KvK #15,2026-06-20T17:22:49.711Z,2026-06-20T17:22:49.711Z,417,406
6500,15,184,311,184,311,184,311,false,2026-06-20,KvK #15,KvK #15,2026-06-20T17:22:49.885Z,2026-06-20T17:22:49.885Z,415,390
6501,15,187,394,394,394,394,187,true,2026-06-20,KvK #15,KvK #15,2026-06-20T17:22:50.056Z,2026-06-20T17:22:50.056Z,416,379
6502,15,191,405,191,191,191,405,true,2026-06-20,KvK #15,KvK #15,2026-06-20T17:22:50.228Z,2026-06-20T17:22:50.228Z,415,377
6503,15,192,326,326,326,326,192,true,2026-06-20,KvK #15,KvK #15,2026-06-20T17:22:50.401Z,2026-06-20T17:22:50.401Z,414,388
6504,15,199,255,199,255,199,255,false,2026-06-20,KvK #15,KvK #15,2026-06-20T17:22:50.574Z,2026-06-20T17:22:50.574Z,413,400
6505,15,201,231,231,231,231,201,true,2026-06-20,KvK #15,KvK #15,2026-06-20T17:22:50.742Z,2026-06-20T17:22:50.742Z,412,406
6506,15,208,260,208,208,208,260,true,2026-06-20,KvK #15,KvK #15,2026-06-20T17:22:50.911Z,2026-06-20T17:22:50.911Z,411,399
6507,15,212,343,343,343,343,212,true,2026-06-20,KvK #15,KvK #15,2026-06-20T17:22:51.085Z,2026-06-20T17:22:51.085Z,410,386
6508,15,213,356,356,213,356,213,false,2026-06-20,KvK #15,KvK #15,2026-06-20T17:22:51.256Z,2026-06-20T17:22:51.256Z,410,384
6509,15,214,323,214,323,214,323,false,2026-06-20,KvK #15,KvK #15,2026-06-20T17:22:51.427Z,2026-06-20T17:22:51.427Z,410,389
6510,15,215,287,287,215,287,215,false,2026-06-20,KvK #15,KvK #15,2026-06-20T17:22:51.599Z,2026-06-20T17:22:51.599Z,410,394
6511,15,216,282,216,216,216,282,true,2026-06-20,KvK #15,KvK #15,2026-06-20T17:22:51.770Z,2026-06-20T17:22:51.770Z,409,395
6512,15,218,313,313,218,313,218,false,2026-06-20,KvK #15,KvK #15,2026-06-20T17:22:51.944Z,2026-06-20T17:22:51.944Z,409,390
6513,15,221,390,390,390,390,221,true,2026-06-20,KvK #15,KvK #15,2026-06-20T17:22:52.115Z,2026-06-20T17:22:52.115Z,408,380
6514,15,222,395,222,222,222,395,true,2026-06-20,KvK #15,KvK #15,2026-06-20T17:22:52.286Z,2026-06-20T17:22:52.286Z,407,379
6515,15,223,380,380,223,380,223,false,2026-06-20,KvK #15,KvK #15,2026-06-20T17:22:52.456Z,2026-06-20T17:22:52.456Z,407,381
6516,15,225,351,351,351,351,225,true,2026-06-20,KvK #15,KvK #15,2026-06-20T17:22:52.628Z,2026-06-20T17:22:52.628Z,407,385
6517,15,226,409,409,409,409,226,true,2026-06-20,KvK #15,KvK #15,2026-06-20T17:22:52.799Z,2026-06-20T17:22:52.799Z,405,377
6518,15,227,384,384,227,384,227,false,2026-06-20,KvK #15,KvK #15,2026-06-20T17:22:52.967Z,2026-06-20T17:22:52.967Z,406,381
6519,15,230,306,230,230,230,306,true,2026-06-20,KvK #15,KvK #15,2026-06-20T17:22:53.149Z,2026-06-20T17:22:53.149Z,406,391
6520,15,232,295,295,232,295,232,false,2026-06-20,KvK #15,KvK #15,2026-06-20T17:22:53.313Z,2026-06-20T17:22:53.313Z,405,392
6521,15,233,357,357,233,357,233,false,2026-06-20,KvK #15,KvK #15,2026-06-20T17:22:53.485Z,2026-06-20T17:22:53.485Z,405,384
6522,15,235,414,414,235,414,235,false,2026-06-20,KvK #15,KvK #15,2026-06-20T17:22:53.656Z,2026-06-20T17:22:53.656Z,405,377
6523,15,242,364,242,364,242,364,false,2026-06-20,KvK #15,KvK #15,2026-06-20T17:22:53.833Z,2026-06-20T17:22:53.833Z,403,384
6524,15,243,415,243,415,243,415,false,2026-06-20,KvK #15,KvK #15,2026-06-20T17:22:53.999Z,2026-06-20T17:22:53.999Z,402,376
6525,15,249,376,249,376,249,376,false,2026-06-20,KvK #15,KvK #15,2026-06-20T17:22:54.174Z,2026-06-20T17:22:54.174Z,401,382
6526,15,250,267,250,250,250,267,true,2026-06-20,KvK #15,KvK #15,2026-06-20T17:22:54.343Z,2026-06-20T17:22:54.343Z,401,398
6527,15,253,275,253,253,253,275,true,2026-06-20,KvK #15,KvK #15,2026-06-20T17:22:54.514Z,2026-06-20T17:22:54.514Z,401,396
6528,15,257,346,257,257,257,346,true,2026-06-20,KvK #15,KvK #15,2026-06-20T17:22:54.687Z,2026-06-20T17:22:54.687Z,400,386
6529,15,258,392,392,392,392,258,true,2026-06-20,KvK #15,KvK #15,2026-06-20T17:22:54.862Z,2026-06-20T17:22:54.862Z,399,380
6530,15,261,387,261,387,261,387,false,2026-06-20,KvK #15,KvK #15,2026-06-20T17:22:55.032Z,2026-06-20T17:22:55.032Z,399,380
6531,15,262,333,333,333,333,262,true,2026-06-20,KvK #15,KvK #15,2026-06-20T17:22:55.206Z,2026-06-20T17:22:55.206Z,398,387
6532,15,263,337,337,337,337,263,true,2026-06-20,KvK #15,KvK #15,2026-06-20T17:22:55.375Z,2026-06-20T17:22:55.375Z,398,387
6533,15,265,316,265,265,265,316,true,2026-06-20,KvK #15,KvK #15,2026-06-20T17:22:55.545Z,2026-06-20T17:22:55.545Z,398,390
6534,15,266,336,336,336,336,266,true,2026-06-20,KvK #15,KvK #15,2026-06-20T17:22:55.716Z,2026-06-20T17:22:55.716Z,398,387
6535,15,272,290,290,290,290,272,true,2026-06-20,KvK #15,KvK #15,2026-06-20T17:22:55.886Z,2026-06-20T17:22:55.886Z,397,393
6536,15,273,358,358,358,358,273,true,2026-06-20,KvK #15,KvK #15,2026-06-20T17:22:56.059Z,2026-06-20T17:22:56.059Z,397,384
6537,15,274,407,407,407,407,274,true,2026-06-20,KvK #15,KvK #15,2026-06-20T17:22:56.235Z,2026-06-20T17:22:56.235Z,396,378
6538,15,276,294,294,294,294,276,true,2026-06-20,KvK #15,KvK #15,2026-06-20T17:22:56.408Z,2026-06-20T17:22:56.408Z,396,393
6539,15,277,312,312,277,312,277,false,2026-06-20,KvK #15,KvK #15,2026-06-20T17:22:56.580Z,2026-06-20T17:22:56.580Z,396,390
6540,15,283,309,283,309,283,309,false,2026-06-20,KvK #15,KvK #15,2026-06-20T17:22:56.750Z,2026-06-20T17:22:56.750Z,395,391
6541,15,284,314,314,284,314,284,false,2026-06-20,KvK #15,KvK #15,2026-06-20T17:22:56.923Z,2026-06-20T17:22:56.923Z,394,390
6542,15,286,307,307,286,307,286,false,2026-06-20,KvK #15,KvK #15,2026-06-20T17:22:57.094Z,2026-06-20T17:22:57.094Z,394,390
6543,15,288,334,334,334,334,288,true,2026-06-20,KvK #15,KvK #15,2026-06-20T17:22:57.264Z,2026-06-20T17:22:57.264Z,394,387
6544,15,291,342,342,342,342,291,true,2026-06-20,KvK #15,KvK #15,2026-06-20T17:22:57.437Z,2026-06-20T17:22:57.437Z,393,386
6545,15,292,315,315,292,315,292,false,2026-06-20,KvK #15,KvK #15,2026-06-20T17:22:57.610Z,2026-06-20T17:22:57.610Z,393,390
6546,15,296,397,296,397,296,397,false,2026-06-20,KvK #15,KvK #15,2026-06-20T17:22:57.785Z,2026-06-20T17:22:57.785Z,392,379
6547,15,298,327,327,327,327,298,true,2026-06-20,KvK #15,KvK #15,2026-06-20T17:22:57.952Z,2026-06-20T17:22:57.952Z,392,388
6548,15,300,335,335,335,335,300,true,2026-06-20,KvK #15,KvK #15,2026-06-20T17:22:58.124Z,2026-06-20T17:22:58.124Z,392,387
6549,15,301,373,373,301,373,301,false,2026-06-20,KvK #15,KvK #15,2026-06-20T17:22:58.296Z,2026-06-20T17:22:58.296Z,392,382
6550,15,302,400,400,400,400,302,true,2026-06-20,KvK #15,KvK #15,2026-06-20T17:22:58.477Z,2026-06-20T17:22:58.477Z,391,379
6551,15,303,377,377,377,377,303,true,2026-06-20,KvK #15,KvK #15,2026-06-20T17:22:58.657Z,2026-06-20T17:22:58.657Z,391,382
6552,15,304,388,304,304,304,388,true,2026-06-20,KvK #15,KvK #15,2026-06-20T17:22:58.830Z,2026-06-20T17:22:58.830Z,391,380
6553,15,308,354,354,354,354,308,true,2026-06-20,KvK #15,KvK #15,2026-06-20T17:22:59.000Z,2026-06-20T17:22:59.000Z,391,385
6554,15,310,355,310,310,310,355,true,2026-06-20,KvK #15,KvK #15,2026-06-20T17:22:59.170Z,2026-06-20T17:22:59.170Z,390,385
6555,15,317,325,325,317,325,317,false,2026-06-20,KvK #15,KvK #15,2026-06-20T17:22:59.344Z,2026-06-20T17:22:59.344Z,390,388
6556,15,319,330,330,330,330,319,true,2026-06-20,KvK #15,KvK #15,2026-06-20T17:22:59.518Z,2026-06-20T17:22:59.518Z,389,388
6557,15,320,399,399,320,399,320,false,2026-06-20,KvK #15,KvK #15,2026-06-20T17:22:59.690Z,2026-06-20T17:22:59.690Z,389,379
6558,15,322,366,366,366,366,322,true,2026-06-20,KvK #15,KvK #15,2026-06-20T17:22:59.863Z,2026-06-20T17:22:59.863Z,389,383
6559,15,328,375,328,328,328,375,true,2026-06-20,KvK #15,KvK #15,2026-06-20T17:23:00.033Z,2026-06-20T17:23:00.033Z,388,382
6560,15,329,348,348,329,348,329,false,2026-06-20,KvK #15,KvK #15,2026-06-20T17:23:00.207Z,2026-06-20T17:23:00.207Z,388,385
6561,15,332,416,332,416,332,416,false,2026-06-20,KvK #15,KvK #15,2026-06-20T17:23:00.380Z,2026-06-20T17:23:00.380Z,388,377
6562,15,340,367,340,367,340,367,false,2026-06-20,KvK #15,KvK #15,2026-06-20T17:23:00.548Z,2026-06-20T17:23:00.548Z,386,383
6563,15,344,352,352,352,352,344,true,2026-06-20,KvK #15,KvK #15,2026-06-20T17:23:00.719Z,2026-06-20T17:23:00.719Z,386,385
6564,15,345,372,372,372,372,345,true,2026-06-20,KvK #15,KvK #15,2026-06-20T17:23:00.929Z,2026-06-20T17:23:00.929Z,386,382
6565,15,349,410,349,349,349,410,true,2026-06-20,KvK #15,KvK #15,2026-06-20T17:23:01.094Z,2026-06-20T17:23:01.094Z,385,377
6566,15,359,406,359,359,359,406,true,2026-06-20,KvK #15,KvK #15,2026-06-20T17:23:01.263Z,2026-06-20T17:23:01.263Z,384,378
6567,15,368,370,370,368,370,368,false,2026-06-20,KvK #15,KvK #15,2026-06-20T17:23:01.437Z,2026-06-20T17:23:01.437Z,383,383
6568,15,378,381,378,381,378,381,false,2026-06-20,KvK #15,KvK #15,2026-06-20T17:23:01.615Z,2026-06-20T17:23:01.615Z,382,380
6569,15,383,408,383,383,383,408,true,2026-06-20,KvK #15,KvK #15,2026-06-20T17:23:01.789Z,2026-06-20T17:23:01.789Z,381,378
6570,15,385,411,385,385,385,411,true,2026-06-20,KvK #15,KvK #15,2026-06-20T17:23:01.984Z,2026-06-20T17:23:01.984Z,381,377
6571,15,389,402,402,402,402,389,true,2026-06-20,KvK #15,KvK #15,2026-06-20T17:23:02.153Z,2026-06-20T17:23:02.153Z,380,378
6572,15,418,433,418,418,418,433,true,2026-06-20,KvK #15,KvK #15,2026-06-20T17:23:02.328Z,2026-06-20T17:23:02.328Z,376,374
6573,15,419,548,419,419,419,548,true,2026-06-20,KvK #15,KvK #15,2026-06-20T17:23:02.498Z,2026-06-20T17:23:02.498Z,376,355
6574,15,420,555,555,555,555,420,true,2026-06-20,KvK #15,KvK #15,2026-06-20T17:23:02.668Z,2026-06-20T17:23:02.668Z,375,354
6575,15,421,475,421,475,421,475,false,2026-06-20,KvK #15,KvK #15,2026-06-20T17:23:02.841Z,2026-06-20T17:23:02.841Z,376,366
6576,15,422,442,422,422,422,442,true,2026-06-20,KvK #15,KvK #15,2026-06-20T17:23:03.012Z,2026-06-20T17:23:03.012Z,376,372
6577,15,423,438,438,423,438,423,false,2026-06-20,KvK #15,KvK #15,2026-06-20T17:23:03.184Z,2026-06-20T17:23:03.184Z,376,373
6578,15,424,459,424,424,424,459,true,2026-06-20,KvK #15,KvK #15,2026-06-20T17:23:03.355Z,2026-06-20T17:23:03.355Z,376,370
6579,15,425,610,610,610,610,425,true,2026-06-20,KvK #15,KvK #15,2026-06-20T17:23:03.527Z,2026-06-20T17:23:03.527Z,375,345
6580,15,426,561,561,426,561,426,false,2026-06-20,KvK #15,KvK #15,2026-06-20T17:23:03.696Z,2026-06-20T17:23:03.696Z,375,353
6581,15,427,620,427,427,427,620,true,2026-06-20,KvK #15,KvK #15,2026-06-20T17:23:03.868Z,2026-06-20T17:23:03.868Z,375,343
6582,15,428,557,557,557,557,428,true,2026-06-20,KvK #15,KvK #15,2026-06-20T17:23:04.041Z,2026-06-20T17:23:04.041Z,375,354
6583,15,429,457,429,457,429,457,false,2026-06-20,KvK #15,KvK #15,2026-06-20T17:23:04.213Z,2026-06-20T17:23:04.213Z,375,370
6584,15,430,468,468,430,468,430,false,2026-06-20,KvK #15,KvK #15,2026-06-20T17:23:04.389Z,2026-06-20T17:23:04.389Z,375,368
6585,15,431,590,431,590,431,590,false,2026-06-20,KvK #15,KvK #15,2026-06-20T17:23:04.560Z,2026-06-20T17:23:04.560Z,374,347
6586,15,432,531,531,432,531,432,false,2026-06-20,KvK #15,KvK #15,2026-06-20T17:23:04.731Z,2026-06-20T17:23:04.731Z,374,358
6587,15,434,476,434,434,434,476,true,2026-06-20,KvK #15,KvK #15,2026-06-20T17:23:04.901Z,2026-06-20T17:23:04.901Z,374,367
6588,15,435,491,435,435,435,491,true,2026-06-20,KvK #15,KvK #15,2026-06-20T17:23:05.075Z,2026-06-20T17:23:05.075Z,374,365
6589,15,436,473,436,436,436,473,true,2026-06-20,KvK #15,KvK #15,2026-06-20T17:23:05.244Z,2026-06-20T17:23:05.244Z,374,368
6590,15,437,439,437,437,437,439,true,2026-06-20,KvK #15,KvK #15,2026-06-20T17:23:05.416Z,2026-06-20T17:23:05.416Z,374,373
6591,15,440,607,607,440,607,440,false,2026-06-20,KvK #15,KvK #15,2026-06-20T17:23:05.587Z,2026-06-20T17:23:05.587Z,373,345
6592,15,441,523,523,523,523,441,true,2026-06-20,KvK #15,KvK #15,2026-06-20T17:23:05.766Z,2026-06-20T17:23:05.766Z,373,359
6593,15,443,616,616,443,616,443,false,2026-06-20,KvK #15,KvK #15,2026-06-20T17:23:05.944Z,2026-06-20T17:23:05.944Z,372,342
6594,15,444,528,444,528,444,528,false,2026-06-20,KvK #15,KvK #15,2026-06-20T17:23:06.115Z,2026-06-20T17:23:06.115Z,372,358
6595,15,445,636,636,445,636,445,false,2026-06-20,KvK #15,KvK #15,2026-06-20T17:23:06.287Z,2026-06-20T17:23:06.287Z,372,341
6596,15,446,470,470,446,470,446,false,2026-06-20,KvK #15,KvK #15,2026-06-20T17:23:06.459Z,2026-06-20T17:23:06.459Z,372,368
6597,15,447,455,447,447,447,455,true,2026-06-20,KvK #15,KvK #15,2026-06-20T17:23:06.630Z,2026-06-20T17:23:06.630Z,372,371
6598,15,448,562,562,448,562,448,false,2026-06-20,KvK #15,KvK #15,2026-06-20T17:23:06.801Z,2026-06-20T17:23:06.801Z,372,353
6599,15,449,477,477,477,477,449,true,2026-06-20,KvK #15,KvK #15,2026-06-20T17:23:06.977Z,2026-06-20T17:23:06.977Z,371,366
6600,15,450,541,541,541,541,450,true,2026-06-20,KvK #15,KvK #15,2026-06-20T17:23:07.144Z,2026-06-20T17:23:07.144Z,371,356
6601,15,451,530,530,530,530,451,true,2026-06-20,KvK #15,KvK #15,2026-06-20T17:23:07.315Z,2026-06-20T17:23:07.315Z,371,358
6602,15,452,480,452,452,452,480,true,2026-06-20,KvK #15,KvK #15,2026-06-20T17:23:07.487Z,2026-06-20T17:23:07.487Z,370,367
6603,15,453,603,453,603,453,603,false,2026-06-20,KvK #15,KvK #15,2026-06-20T17:23:07.661Z,2026-06-20T17:23:07.661Z,371,346
6604,15,454,596,596,596,596,454,true,2026-06-20,KvK #15,KvK #15,2026-06-20T17:23:07.832Z,2026-06-20T17:23:07.832Z,371,347
6605,15,456,571,571,571,571,456,true,2026-06-20,KvK #15,KvK #15,2026-06-20T17:23:08.005Z,2026-06-20T17:23:08.005Z,371,351
6606,15,458,643,643,643,643,458,true,2026-06-20,KvK #15,KvK #15,2026-06-20T17:23:08.174Z,2026-06-20T17:23:08.174Z,370,340
6607,15,460,547,460,460,460,547,true,2026-06-20,KvK #15,KvK #15,2026-06-20T17:23:08.349Z,2026-06-20T17:23:08.349Z,370,355
6608,15,461,484,484,484,484,461,true,2026-06-20,KvK #15,KvK #15,2026-06-20T17:23:08.519Z,2026-06-20T17:23:08.519Z,370,366
6609,15,462,638,638,462,638,462,false,2026-06-20,KvK #15,KvK #15,2026-06-20T17:23:08.691Z,2026-06-20T17:23:08.691Z,370,340
6610,15,463,488,463,463,463,488,true,2026-06-20,KvK #15,KvK #15,2026-06-20T17:23:08.884Z,2026-06-20T17:23:08.884Z,370,365
6611,15,464,586,586,464,586,464,false,2026-06-20,KvK #15,KvK #15,2026-06-20T17:23:09.047Z,2026-06-20T17:23:09.047Z,368,349
6612,15,465,582,465,582,465,582,false,2026-06-20,KvK #15,KvK #15,2026-06-20T17:23:09.219Z,2026-06-20T17:23:09.219Z,369,349
6613,15,466,503,503,503,503,466,true,2026-06-20,KvK #15,KvK #15,2026-06-20T17:23:09.408Z,2026-06-20T17:23:09.408Z,369,363
6614,15,467,634,467,467,467,634,true,2026-06-20,KvK #15,KvK #15,2026-06-20T17:23:09.583Z,2026-06-20T17:23:09.583Z,369,341
6615,15,469,514,469,469,469,514,true,2026-06-20,KvK #15,KvK #15,2026-06-20T17:23:09.751Z,2026-06-20T17:23:09.751Z,367,361
6616,15,471,637,637,471,637,471,false,2026-06-20,KvK #15,KvK #15,2026-06-20T17:23:09.929Z,2026-06-20T17:23:09.929Z,367,341
6617,15,472,661,472,472,472,661,true,2026-06-20,KvK #15,KvK #15,2026-06-20T17:23:10.144Z,2026-06-20T17:23:10.144Z,368,336
6618,15,474,617,617,617,617,474,true,2026-06-20,KvK #15,KvK #15,2026-06-20T17:23:10.316Z,2026-06-20T17:23:10.316Z,368,343
6619,15,478,505,478,478,478,505,true,2026-06-20,KvK #15,KvK #15,2026-06-20T17:23:10.490Z,2026-06-20T17:23:10.490Z,367,363
6620,15,479,540,479,479,479,540,true,2026-06-20,KvK #15,KvK #15,2026-06-20T17:23:10.658Z,2026-06-20T17:23:10.658Z,367,355
6621,15,481,666,666,481,666,481,false,2026-06-20,KvK #15,KvK #15,2026-06-20T17:23:10.833Z,2026-06-20T17:23:10.833Z,366,336
6622,15,482,657,657,482,657,482,false,2026-06-20,KvK #15,KvK #15,2026-06-20T17:23:10.998Z,2026-06-20T17:23:10.998Z,366,336
6623,15,483,614,614,483,614,483,false,2026-06-20,KvK #15,KvK #15,2026-06-20T17:23:11.174Z,2026-06-20T17:23:11.174Z,366,344
6624,15,485,533,533,485,533,485,false,2026-06-20,KvK #15,KvK #15,2026-06-20T17:23:11.353Z,2026-06-20T17:23:11.353Z,366,357
6625,15,486,624,486,624,486,624,false,2026-06-20,KvK #15,KvK #15,2026-06-20T17:23:11.525Z,2026-06-20T17:23:11.525Z,366,342
6626,15,487,520,520,487,520,487,false,2026-06-20,KvK #15,KvK #15,2026-06-20T17:23:11.702Z,2026-06-20T17:23:11.702Z,364,360
6627,15,489,631,489,489,489,631,true,2026-06-20,KvK #15,KvK #15,2026-06-20T17:23:11.871Z,2026-06-20T17:23:11.871Z,365,340
6628,15,490,558,490,558,490,558,false,2026-06-20,KvK #15,KvK #15,2026-06-20T17:23:12.056Z,2026-06-20T17:23:12.056Z,365,353
6629,15,492,574,492,492,492,574,true,2026-06-20,KvK #15,KvK #15,2026-06-20T17:23:12.230Z,2026-06-20T17:23:12.230Z,364,350
6630,15,493,560,560,560,560,493,true,2026-06-20,KvK #15,KvK #15,2026-06-20T17:23:12.400Z,2026-06-20T17:23:12.400Z,364,352
6631,15,494,507,507,507,507,494,true,2026-06-20,KvK #15,KvK #15,2026-06-20T17:23:12.566Z,2026-06-20T17:23:12.566Z,364,361
6632,15,495,656,656,495,656,495,false,2026-06-20,KvK #15,KvK #15,2026-06-20T17:23:12.736Z,2026-06-20T17:23:12.736Z,363,337
6633,15,496,626,626,626,626,496,true,2026-06-20,KvK #15,KvK #15,2026-06-20T17:23:12.907Z,2026-06-20T17:23:12.907Z,364,342
6634,15,497,538,538,538,538,497,true,2026-06-20,KvK #15,KvK #15,2026-06-20T17:23:13.086Z,2026-06-20T17:23:13.086Z,364,357
6635,15,498,579,498,498,498,579,true,2026-06-20,KvK #15,KvK #15,2026-06-20T17:23:13.257Z,2026-06-20T17:23:13.257Z,364,350
6636,15,499,567,499,499,499,567,true,2026-06-20,KvK #15,KvK #15,2026-06-20T17:23:13.422Z,2026-06-20T17:23:13.422Z,363,352
6637,15,500,662,662,500,662,500,false,2026-06-20,KvK #15,KvK #15,2026-06-20T17:23:13.652Z,2026-06-20T17:23:13.652Z,362,336
6638,15,501,655,655,655,655,501,true,2026-06-20,KvK #15,KvK #15,2026-06-20T17:23:13.830Z,2026-06-20T17:23:13.830Z,363,338
6639,15,502,564,502,564,502,564,false,2026-06-20,KvK #15,KvK #15,2026-06-20T17:23:15.185Z,2026-06-20T17:23:15.185Z,363,351
6640,15,504,671,671,671,671,504,true,2026-06-20,KvK #15,KvK #15,2026-06-20T17:23:15.367Z,2026-06-20T17:23:15.367Z,363,335
6641,15,508,664,664,664,664,508,true,2026-06-20,KvK #15,KvK #15,2026-06-20T17:23:15.541Z,2026-06-20T17:23:15.541Z,362,336
6642,15,509,566,566,566,566,509,true,2026-06-20,KvK #15,KvK #15,2026-06-20T17:23:15.741Z,2026-06-20T17:23:15.741Z,362,352
6643,15,510,622,622,510,622,510,false,2026-06-20,KvK #15,KvK #15,2026-06-20T17:23:17.163Z,2026-06-20T17:23:17.163Z,362,343
6644,15,511,618,618,618,618,511,true,2026-06-20,KvK #15,KvK #15,2026-06-20T17:23:17.328Z,2026-06-20T17:23:17.328Z,362,343
6645,15,512,609,512,512,512,609,true,2026-06-20,KvK #15,KvK #15,2026-06-20T17:23:17.498Z,2026-06-20T17:23:17.498Z,361,345
6646,15,513,621,621,513,621,513,false,2026-06-20,KvK #15,KvK #15,2026-06-20T17:23:17.734Z,2026-06-20T17:23:17.734Z,361,343
6647,15,515,521,515,515,515,521,true,2026-06-20,KvK #15,KvK #15,2026-06-20T17:23:17.901Z,2026-06-20T17:23:17.901Z,361,360
6648,15,516,608,608,608,608,516,true,2026-06-20,KvK #15,KvK #15,2026-06-20T17:23:18.071Z,2026-06-20T17:23:18.071Z,361,345
6649,15,517,599,599,599,599,517,true,2026-06-20,KvK #15,KvK #15,2026-06-20T17:23:18.246Z,2026-06-20T17:23:18.246Z,360,347
6650,15,518,605,605,518,605,518,false,2026-06-20,KvK #15,KvK #15,2026-06-20T17:23:18.419Z,2026-06-20T17:23:18.419Z,360,346
6651,15,519,619,519,619,519,619,false,2026-06-20,KvK #15,KvK #15,2026-06-20T17:23:18.589Z,2026-06-20T17:23:18.589Z,359,342
6652,15,522,546,522,546,522,546,false,2026-06-20,KvK #15,KvK #15,2026-06-20T17:23:18.763Z,2026-06-20T17:23:18.763Z,360,355
6653,15,524,652,652,652,652,524,true,2026-06-20,KvK #15,KvK #15,2026-06-20T17:23:18.935Z,2026-06-20T17:23:18.935Z,359,338
6654,15,525,653,525,525,525,653,true,2026-06-20,KvK #15,KvK #15,2026-06-20T17:23:19.104Z,2026-06-20T17:23:19.104Z,359,338
6655,15,526,552,526,526,526,552,true,2026-06-20,KvK #15,KvK #15,2026-06-20T17:23:19.290Z,2026-06-20T17:23:19.290Z,359,354
6656,15,527,658,658,527,658,527,false,2026-06-20,KvK #15,KvK #15,2026-06-20T17:23:19.463Z,2026-06-20T17:23:19.463Z,358,337
6657,15,529,630,630,630,630,529,true,2026-06-20,KvK #15,KvK #15,2026-06-20T17:23:19.632Z,2026-06-20T17:23:19.632Z,358,342
6658,15,532,550,532,550,532,550,false,2026-06-20,KvK #15,KvK #15,2026-06-20T17:23:19.804Z,2026-06-20T17:23:19.804Z,358,355
6659,15,534,570,534,534,534,570,true,2026-06-20,KvK #15,KvK #15,2026-06-20T17:23:19.974Z,2026-06-20T17:23:19.974Z,357,351
6660,15,535,598,598,535,598,535,false,2026-06-20,KvK #15,KvK #15,2026-06-20T17:23:20.148Z,2026-06-20T17:23:20.148Z,357,347
6661,15,536,544,544,536,544,536,false,2026-06-20,KvK #15,KvK #15,2026-06-20T17:23:20.315Z,2026-06-20T17:23:20.315Z,357,355
6662,15,537,568,568,568,568,537,true,2026-06-20,KvK #15,KvK #15,2026-06-20T17:23:20.491Z,2026-06-20T17:23:20.491Z,357,351
6663,15,539,660,539,660,539,660,false,2026-06-20,KvK #15,KvK #15,2026-06-20T17:23:20.658Z,2026-06-20T17:23:20.658Z,357,337
6664,15,542,606,606,606,606,542,true,2026-06-20,KvK #15,KvK #15,2026-06-20T17:23:20.829Z,2026-06-20T17:23:20.829Z,356,344
6665,15,543,576,576,543,576,543,false,2026-06-20,KvK #15,KvK #15,2026-06-20T17:23:20.999Z,2026-06-20T17:23:20.999Z,356,350
6666,15,545,669,545,669,545,669,false,2026-06-20,KvK #15,KvK #15,2026-06-20T17:23:21.171Z,2026-06-20T17:23:21.171Z,356,335
6667,15,549,601,549,601,549,601,false,2026-06-20,KvK #15,KvK #15,2026-06-20T17:23:21.341Z,2026-06-20T17:23:21.341Z,355,346
6668,15,551,625,551,551,551,625,true,2026-06-20,KvK #15,KvK #15,2026-06-20T17:23:21.514Z,2026-06-20T17:23:21.514Z,355,342
6669,15,553,602,602,602,602,553,true,2026-06-20,KvK #15,KvK #15,2026-06-20T17:23:21.684Z,2026-06-20T17:23:21.684Z,354,346
6670,15,554,635,554,554,554,635,true,2026-06-20,KvK #15,KvK #15,2026-06-20T17:23:21.853Z,2026-06-20T17:23:21.853Z,354,341
6671,15,556,644,644,556,644,556,false,2026-06-20,KvK #15,KvK #15,2026-06-20T17:23:22.032Z,2026-06-20T17:23:22.032Z,354,339
6672,15,559,648,648,648,648,559,true,2026-06-20,KvK #15,KvK #15,2026-06-20T17:23:22.197Z,2026-06-20T17:23:22.197Z,352,339
6673,15,563,581,563,581,563,581,false,2026-06-20,KvK #15,KvK #15,2026-06-20T17:23:22.368Z,2026-06-20T17:23:22.368Z,352,349
6674,15,565,670,670,670,670,565,true,2026-06-20,KvK #15,KvK #15,2026-06-20T17:23:22.540Z,2026-06-20T17:23:22.540Z,352,335
6675,15,569,572,569,569,569,572,true,2026-06-20,KvK #15,KvK #15,2026-06-20T17:23:22.712Z,2026-06-20T17:23:22.712Z,351,351
6676,15,573,591,591,591,591,573,true,2026-06-20,KvK #15,KvK #15,2026-06-20T17:23:22.895Z,2026-06-20T17:23:22.895Z,351,348
6677,15,575,585,585,585,585,575,true,2026-06-20,KvK #15,KvK #15,2026-06-20T17:23:23.076Z,2026-06-20T17:23:23.076Z,350,349
6678,15,577,627,627,627,627,577,true,2026-06-20,KvK #15,KvK #15,2026-06-20T17:23:23.241Z,2026-06-20T17:23:23.241Z,350,342
6679,15,578,587,578,587,578,587,false,2026-06-20,KvK #15,KvK #15,2026-06-20T17:23:23.415Z,2026-06-20T17:23:23.415Z,350,349
6680,15,580,628,580,628,580,628,false,2026-06-20,KvK #15,KvK #15,2026-06-20T17:23:23.583Z,2026-06-20T17:23:23.583Z,350,342
6681,15,583,584,583,584,583,584,false,2026-06-20,KvK #15,KvK #15,2026-06-20T17:23:23.756Z,2026-06-20T17:23:23.756Z,349,349
6682,15,588,604,604,604,604,588,true,2026-06-20,KvK #15,KvK #15,2026-06-20T17:23:23.929Z,2026-06-20T17:23:23.929Z,348,346
6683,15,589,659,589,659,589,659,false,2026-06-20,KvK #15,KvK #15,2026-06-20T17:23:24.102Z,2026-06-20T17:23:24.102Z,348,337
6684,15,592,612,612,592,612,592,false,2026-06-20,KvK #15,KvK #15,2026-06-20T17:23:24.271Z,2026-06-20T17:23:24.271Z,348,344
6685,15,593,611,611,611,611,593,true,2026-06-20,KvK #15,KvK #15,2026-06-20T17:23:24.442Z,2026-06-20T17:23:24.442Z,348,343
6686,15,594,645,594,594,594,645,true,2026-06-20,KvK #15,KvK #15,2026-06-20T17:23:24.632Z,2026-06-20T17:23:24.632Z,347,339
6687,15,595,639,639,639,639,595,true,2026-06-20,KvK #15,KvK #15,2026-06-20T17:23:24.799Z,2026-06-20T17:23:24.799Z,347,340
6688,15,597,632,597,632,597,632,false,2026-06-20,KvK #15,KvK #15,2026-06-20T17:23:24.971Z,2026-06-20T17:23:24.971Z,347,341
6689,15,600,654,600,600,600,654,true,2026-06-20,KvK #15,KvK #15,2026-06-20T17:23:25.144Z,2026-06-20T17:23:25.144Z,346,338
6690,15,613,640,640,613,640,613,false,2026-06-20,KvK #15,KvK #15,2026-06-20T17:23:25.317Z,2026-06-20T17:23:25.317Z,344,340
6691,15,615,674,674,615,674,615,false,2026-06-20,KvK #15,KvK #15,2026-06-20T17:23:25.491Z,2026-06-20T17:23:25.491Z,344,335
6692,15,623,629,629,623,629,623,false,2026-06-20,KvK #15,KvK #15,2026-06-20T17:23:25.662Z,2026-06-20T17:23:25.662Z,342,342
6693,15,633,663,663,663,663,633,true,2026-06-20,KvK #15,KvK #15,2026-06-20T17:23:25.833Z,2026-06-20T17:23:25.833Z,340,336
6694,15,641,642,642,642,642,641,true,2026-06-20,KvK #15,KvK #15,2026-06-20T17:23:26.006Z,2026-06-20T17:23:26.006Z,340,340
6695,15,646,667,646,667,646,667,false,2026-06-20,KvK #15,KvK #15,2026-06-20T17:23:26.178Z,2026-06-20T17:23:26.178Z,339,335
6696,15,647,668,647,647,647,668,true,2026-06-20,KvK #15,KvK #15,2026-06-20T17:23:26.351Z,2026-06-20T17:23:26.351Z,339,335
6697,15,649,665,665,649,665,649,false,2026-06-20,KvK #15,KvK #15,2026-06-20T17:23:26.523Z,2026-06-20T17:23:26.523Z,338,336
6698,15,650,672,650,650,650,672,true,2026-06-20,KvK #15,KvK #15,2026-06-20T17:23:26.693Z,2026-06-20T17:23:26.693Z,338,335
6699,15,651,673,673,673,673,651,true,2026-06-20,KvK #15,KvK #15,2026-06-20T17:23:26.864Z,2026-06-20T17:23:26.864Z,338,335
6700,15,675,726,675,675,675,726,true,2026-06-20,KvK #15,KvK #15,2026-06-20T17:23:27.035Z,2026-06-20T17:23:27.035Z,334,326
6701,15,676,728,728,728,728,676,true,2026-06-20,KvK #15,KvK #15,2026-06-20T17:23:27.206Z,2026-06-20T17:23:27.206Z,333,326
6702,15,677,686,686,677,686,677,false,2026-06-20,KvK #15,KvK #15,2026-06-20T17:23:27.382Z,2026-06-20T17:23:27.382Z,334,333
6703,15,678,749,749,749,749,678,true,2026-06-20,KvK #15,KvK #15,2026-06-20T17:23:27.552Z,2026-06-20T17:23:27.552Z,334,322
6704,15,679,694,679,694,679,694,false,2026-06-20,KvK #15,KvK #15,2026-06-20T17:23:27.731Z,2026-06-20T17:23:27.731Z,334,331
6705,15,680,704,704,680,704,680,false,2026-06-20,KvK #15,KvK #15,2026-06-20T17:23:27.904Z,2026-06-20T17:23:27.904Z,334,329
6706,15,681,741,741,681,741,681,false,2026-06-20,KvK #15,KvK #15,2026-06-20T17:23:28.072Z,2026-06-20T17:23:28.072Z,334,323
6707,15,682,747,682,682,682,747,true,2026-06-20,KvK #15,KvK #15,2026-06-20T17:23:28.245Z,2026-06-20T17:23:28.245Z,332,322
6708,15,683,756,756,683,756,683,false,2026-06-20,KvK #15,KvK #15,2026-06-20T17:23:28.419Z,2026-06-20T17:23:28.419Z,333,321
6709,15,684,731,731,731,731,684,true,2026-06-20,KvK #15,KvK #15,2026-06-20T17:23:28.588Z,2026-06-20T17:23:28.588Z,333,325
6710,15,685,716,685,685,685,716,true,2026-06-20,KvK #15,KvK #15,2026-06-20T17:23:28.764Z,2026-06-20T17:23:28.764Z,333,328
6711,15,687,755,687,687,687,755,true,2026-06-20,KvK #15,KvK #15,2026-06-20T17:23:28.947Z,2026-06-20T17:23:28.947Z,332,321
6712,15,688,692,692,688,692,688,false,2026-06-20,KvK #15,KvK #15,2026-06-20T17:23:29.116Z,2026-06-20T17:23:29.116Z,331,332
6713,15,689,693,693,693,693,689,true,2026-06-20,KvK #15,KvK #15,2026-06-20T17:23:29.291Z,2026-06-20T17:23:29.291Z,332,331
6714,15,690,742,742,690,742,690,false,2026-06-20,KvK #15,KvK #15,2026-06-20T17:23:29.468Z,2026-06-20T17:23:29.468Z,332,323
6715,15,691,712,691,691,691,712,true,2026-06-20,KvK #15,KvK #15,2026-06-20T17:23:29.632Z,2026-06-20T17:23:29.632Z,332,327
6716,15,695,724,724,724,724,695,true,2026-06-20,KvK #15,KvK #15,2026-06-20T17:23:29.803Z,2026-06-20T17:23:29.803Z,331,326
6717,15,696,705,705,705,705,696,true,2026-06-20,KvK #15,KvK #15,2026-06-20T17:23:29.973Z,2026-06-20T17:23:29.973Z,330,328
6718,15,697,702,697,697,697,702,true,2026-06-20,KvK #15,KvK #15,2026-06-20T17:23:30.146Z,2026-06-20T17:23:30.146Z,331,330
6719,15,698,754,754,754,754,698,true,2026-06-20,KvK #15,KvK #15,2026-06-20T17:23:30.319Z,2026-06-20T17:23:30.319Z,331,320
6720,15,699,719,699,719,699,719,false,2026-06-20,KvK #15,KvK #15,2026-06-20T17:23:30.490Z,2026-06-20T17:23:30.490Z,331,327
6721,15,700,723,700,723,700,723,false,2026-06-20,KvK #15,KvK #15,2026-06-20T17:23:30.661Z,2026-06-20T17:23:30.661Z,329,326
6722,15,701,757,757,701,757,701,false,2026-06-20,KvK #15,KvK #15,2026-06-20T17:23:30.831Z,2026-06-20T17:23:30.831Z,330,321
6723,15,703,707,703,707,703,707,false,2026-06-20,KvK #15,KvK #15,2026-06-20T17:23:31.003Z,2026-06-20T17:23:31.003Z,330,329
6724,15,706,753,753,706,753,706,false,2026-06-20,KvK #15,KvK #15,2026-06-20T17:23:31.173Z,2026-06-20T17:23:31.173Z,328,322
6725,15,708,720,708,708,708,720,true,2026-06-20,KvK #15,KvK #15,2026-06-20T17:23:31.345Z,2026-06-20T17:23:31.345Z,328,327
6726,15,709,735,709,735,709,735,false,2026-06-20,KvK #15,KvK #15,2026-06-20T17:23:31.516Z,2026-06-20T17:23:31.516Z,329,323
6727,15,710,729,710,710,710,729,true,2026-06-20,KvK #15,KvK #15,2026-06-20T17:23:31.688Z,2026-06-20T17:23:31.688Z,329,324
6728,15,711,737,737,737,737,711,true,2026-06-20,KvK #15,KvK #15,2026-06-20T17:23:31.861Z,2026-06-20T17:23:31.861Z,328,324
6729,15,713,718,718,718,718,713,true,2026-06-20,KvK #15,KvK #15,2026-06-20T17:23:32.038Z,2026-06-20T17:23:32.038Z,328,327
6730,15,714,738,738,714,738,714,false,2026-06-20,KvK #15,KvK #15,2026-06-20T17:23:32.205Z,2026-06-20T17:23:32.205Z,328,324
6731,15,715,750,715,715,715,750,true,2026-06-20,KvK #15,KvK #15,2026-06-20T17:23:32.374Z,2026-06-20T17:23:32.374Z,328,321
6732,15,717,743,743,743,743,717,true,2026-06-20,KvK #15,KvK #15,2026-06-20T17:23:32.545Z,2026-06-20T17:23:32.545Z,328,322
6733,15,721,744,721,721,721,744,true,2026-06-20,KvK #15,KvK #15,2026-06-20T17:23:32.719Z,2026-06-20T17:23:32.719Z,327,323
6734,15,722,736,736,722,736,722,false,2026-06-20,KvK #15,KvK #15,2026-06-20T17:23:32.890Z,2026-06-20T17:23:32.890Z,327,323
6735,15,725,745,745,745,745,725,true,2026-06-20,KvK #15,KvK #15,2026-06-20T17:23:33.074Z,2026-06-20T17:23:33.074Z,326,323
6736,15,727,733,727,733,727,733,false,2026-06-20,KvK #15,KvK #15,2026-06-20T17:23:33.246Z,2026-06-20T17:23:33.246Z,326,325
6737,15,730,758,758,758,758,730,true,2026-06-20,KvK #15,KvK #15,2026-06-20T17:23:33.421Z,2026-06-20T17:23:33.421Z,324,321
6738,15,732,740,740,740,740,732,true,2026-06-20,KvK #15,KvK #15,2026-06-20T17:23:33.590Z,2026-06-20T17:23:33.590Z,325,324
6739,15,734,746,734,734,734,746,true,2026-06-20,KvK #15,KvK #15,2026-06-20T17:23:33.761Z,2026-06-20T17:23:33.761Z,325,323
6740,15,739,748,739,748,739,748,false,2026-06-20,KvK #15,KvK #15,2026-06-20T17:23:33.931Z,2026-06-20T17:23:33.931Z,324,322
6741,15,751,752,752,752,752,751,true,2026-06-20,KvK #15,KvK #15,2026-06-20T17:23:34.104Z,2026-06-20T17:23:34.104Z,322,322
6742,15,759,893,893,893,893,759,true,2026-06-20,KvK #15,KvK #15,2026-06-20T17:23:34.275Z,2026-06-20T17:23:34.275Z,320,299
6743,15,760,783,783,760,783,760,false,2026-06-20,KvK #15,KvK #15,2026-06-20T17:23:34.445Z,2026-06-20T17:23:34.445Z,320,317
6744,15,761,924,924,924,924,761,true,2026-06-20,KvK #15,KvK #15,2026-06-20T17:23:34.617Z,2026-06-20T17:23:34.617Z,320,293
6745,15,762,900,900,900,900,762,true,2026-06-20,KvK #15,KvK #15,2026-06-20T17:23:34.808Z,2026-06-20T17:23:34.808Z,320,298
6746,15,763,780,780,780,780,763,true,2026-06-20,KvK #15,KvK #15,2026-06-20T17:23:34.990Z,2026-06-20T17:23:34.990Z,320,317
6747,15,764,891,891,891,891,764,true,2026-06-20,KvK #15,KvK #15,2026-06-20T17:23:35.162Z,2026-06-20T17:23:35.162Z,320,299
6748,15,765,801,801,801,801,765,true,2026-06-20,KvK #15,KvK #15,2026-06-20T17:23:35.336Z,2026-06-20T17:23:35.336Z,320,314
6749,15,766,846,846,846,846,766,true,2026-06-20,KvK #15,KvK #15,2026-06-20T17:23:35.508Z,2026-06-20T17:23:35.508Z,319,307
6750,15,767,789,767,767,767,789,true,2026-06-20,KvK #15,KvK #15,2026-06-20T17:23:35.680Z,2026-06-20T17:23:35.680Z,319,316
6751,15,768,770,770,770,770,768,true,2026-06-20,KvK #15,KvK #15,2026-06-20T17:23:35.849Z,2026-06-20T17:23:35.849Z,319,319
6752,15,769,911,769,911,769,911,false,2026-06-20,KvK #15,KvK #15,2026-06-20T17:23:36.019Z,2026-06-20T17:23:36.019Z,319,295
6753,15,771,781,771,771,771,781,true,2026-06-20,KvK #15,KvK #15,2026-06-20T17:23:36.193Z,2026-06-20T17:23:36.193Z,319,317
6754,15,772,855,855,772,855,772,false,2026-06-20,KvK #15,KvK #15,2026-06-20T17:23:36.359Z,2026-06-20T17:23:36.359Z,318,305
6755,15,773,795,795,795,795,773,true,2026-06-20,KvK #15,KvK #15,2026-06-20T17:23:36.535Z,2026-06-20T17:23:36.535Z,318,314
6756,15,774,905,905,905,905,774,true,2026-06-20,KvK #15,KvK #15,2026-06-20T17:23:36.705Z,2026-06-20T17:23:36.705Z,318,297
6757,15,775,813,813,813,813,775,true,2026-06-20,KvK #15,KvK #15,2026-06-20T17:23:36.877Z,2026-06-20T17:23:36.877Z,318,312
6758,15,776,847,847,847,847,776,true,2026-06-20,KvK #15,KvK #15,2026-06-20T17:23:37.048Z,2026-06-20T17:23:37.048Z,318,306
6759,15,777,923,777,777,777,923,true,2026-06-20,KvK #15,KvK #15,2026-06-20T17:23:37.220Z,2026-06-20T17:23:37.220Z,317,293
6760,15,778,868,868,778,868,778,false,2026-06-20,KvK #15,KvK #15,2026-06-20T17:23:37.388Z,2026-06-20T17:23:37.388Z,316,303
6761,15,779,863,863,779,863,779,false,2026-06-20,KvK #15,KvK #15,2026-06-20T17:23:37.560Z,2026-06-20T17:23:37.560Z,317,304
6762,15,782,877,877,877,877,782,true,2026-06-20,KvK #15,KvK #15,2026-06-20T17:23:37.744Z,2026-06-20T17:23:37.744Z,317,301
6763,15,784,925,925,925,925,784,true,2026-06-20,KvK #15,KvK #15,2026-06-20T17:23:37.918Z,2026-06-20T17:23:37.918Z,316,293
6764,15,785,866,866,866,866,785,true,2026-06-20,KvK #15,KvK #15,2026-06-20T17:23:38.091Z,2026-06-20T17:23:38.091Z,316,303
6765,15,786,897,897,786,897,786,false,2026-06-20,KvK #15,KvK #15,2026-06-20T17:23:38.269Z,2026-06-20T17:23:38.269Z,315,298
6766,15,787,852,852,852,852,787,true,2026-06-20,KvK #15,KvK #15,2026-06-20T17:23:38.452Z,2026-06-20T17:23:38.452Z,316,305
6767,15,788,822,822,822,822,788,true,2026-06-20,KvK #15,KvK #15,2026-06-20T17:23:38.621Z,2026-06-20T17:23:38.621Z,316,310
6768,15,790,917,917,917,917,790,true,2026-06-20,KvK #15,KvK #15,2026-06-20T17:23:38.797Z,2026-06-20T17:23:38.797Z,315,294
6769,15,791,805,791,791,791,805,true,2026-06-20,KvK #15,KvK #15,2026-06-20T17:23:38.966Z,2026-06-20T17:23:38.966Z,315,313
6770,15,792,850,850,850,850,792,true,2026-06-20,KvK #15,KvK #15,2026-06-20T17:23:39.135Z,2026-06-20T17:23:39.135Z,315,306
6771,15,793,902,793,793,793,902,true,2026-06-20,KvK #15,KvK #15,2026-06-20T17:23:40.566Z,2026-06-20T17:23:40.566Z,315,297
6772,15,794,872,872,872,872,794,true,2026-06-20,KvK #15,KvK #15,2026-06-20T17:23:40.764Z,2026-06-20T17:23:40.764Z,315,302
6773,15,796,856,856,856,856,796,true,2026-06-20,KvK #15,KvK #15,2026-06-20T17:23:40.932Z,2026-06-20T17:23:40.932Z,314,305
6774,15,797,853,797,797,797,853,true,2026-06-20,KvK #15,KvK #15,2026-06-20T17:23:41.105Z,2026-06-20T17:23:41.105Z,314,305
6775,15,798,845,845,845,845,798,true,2026-06-20,KvK #15,KvK #15,2026-06-20T17:23:41.274Z,2026-06-20T17:23:41.274Z,314,307
6776,15,799,824,799,799,799,824,true,2026-06-20,KvK #15,KvK #15,2026-06-20T17:23:41.448Z,2026-06-20T17:23:41.448Z,314,310
6777,15,800,883,883,883,883,800,true,2026-06-20,KvK #15,KvK #15,2026-06-20T17:23:41.614Z,2026-06-20T17:23:41.614Z,314,300
6778,15,802,887,887,887,887,802,true,2026-06-20,KvK #15,KvK #15,2026-06-20T17:23:41.787Z,2026-06-20T17:23:41.787Z,314,300
6779,15,803,826,826,826,826,803,true,2026-06-20,KvK #15,KvK #15,2026-06-20T17:23:41.958Z,2026-06-20T17:23:41.958Z,313,310
6780,15,804,814,814,814,814,804,true,2026-06-20,KvK #15,KvK #15,2026-06-20T17:23:42.127Z,2026-06-20T17:23:42.127Z,313,312
6781,15,806,839,839,839,839,806,true,2026-06-20,KvK #15,KvK #15,2026-06-20T17:23:42.302Z,2026-06-20T17:23:42.302Z,313,308
6782,15,807,901,901,901,901,807,true,2026-06-20,KvK #15,KvK #15,2026-06-20T17:23:42.476Z,2026-06-20T17:23:42.476Z,313,297
6783,15,808,825,825,825,825,808,true,2026-06-20,KvK #15,KvK #15,2026-06-20T17:23:42.644Z,2026-06-20T17:23:42.644Z,313,310
6784,15,809,881,881,809,881,809,false,2026-06-20,KvK #15,KvK #15,2026-06-20T17:23:42.817Z,2026-06-20T17:23:42.817Z,313,301
6785,15,810,823,823,810,823,810,false,2026-06-20,KvK #15,KvK #15,2026-06-20T17:23:42.990Z,2026-06-20T17:23:42.990Z,312,310
6786,15,811,849,849,849,849,811,true,2026-06-20,KvK #15,KvK #15,2026-06-20T17:23:43.161Z,2026-06-20T17:23:43.161Z,312,306
6787,15,812,908,812,908,812,908,false,2026-06-20,KvK #15,KvK #15,2026-06-20T17:23:43.337Z,2026-06-20T17:23:43.337Z,312,296
6788,15,815,915,915,815,915,815,false,2026-06-20,KvK #15,KvK #15,2026-06-20T17:23:43.523Z,2026-06-20T17:23:43.523Z,311,294
6789,15,816,817,817,816,817,816,false,2026-06-20,KvK #15,KvK #15,2026-06-20T17:23:43.708Z,2026-06-20T17:23:43.708Z,310,311
6790,15,818,888,818,888,818,888,false,2026-06-20,KvK #15,KvK #15,2026-06-20T17:23:43.881Z,2026-06-20T17:23:43.881Z,311,299
6791,15,819,833,833,833,833,819,true,2026-06-20,KvK #15,KvK #15,2026-06-20T17:23:44.053Z,2026-06-20T17:23:44.053Z,311,309
6792,15,820,894,820,820,820,894,true,2026-06-20,KvK #15,KvK #15,2026-06-20T17:23:44.223Z,2026-06-20T17:23:44.223Z,311,299
6793,15,821,912,821,912,821,912,false,2026-06-20,KvK #15,KvK #15,2026-06-20T17:23:44.397Z,2026-06-20T17:23:44.397Z,310,295
6794,15,827,876,876,876,876,827,true,2026-06-20,KvK #15,KvK #15,2026-06-20T17:23:44.567Z,2026-06-20T17:23:44.567Z,310,300
6795,15,828,920,920,920,920,828,true,2026-06-20,KvK #15,KvK #15,2026-06-20T17:23:44.737Z,2026-06-20T17:23:44.737Z,308,294
6796,15,829,832,832,832,832,829,true,2026-06-20,KvK #15,KvK #15,2026-06-20T17:23:44.925Z,2026-06-20T17:23:44.925Z,309,309
6797,15,830,921,921,921,921,830,true,2026-06-20,KvK #15,KvK #15,2026-06-20T17:23:45.100Z,2026-06-20T17:23:45.100Z,309,294
6798,15,831,848,831,848,831,848,false,2026-06-20,KvK #15,KvK #15,2026-06-20T17:23:45.272Z,2026-06-20T17:23:45.272Z,309,306
6799,15,834,870,870,870,870,834,true,2026-06-20,KvK #15,KvK #15,2026-06-20T17:23:45.467Z,2026-06-20T17:23:45.467Z,308,302
6800,15,835,914,914,835,914,835,false,2026-06-20,KvK #15,KvK #15,2026-06-20T17:23:45.636Z,2026-06-20T17:23:45.636Z,308,295
6801,15,836,865,865,836,865,836,false,2026-06-20,KvK #15,KvK #15,2026-06-20T17:23:45.806Z,2026-06-20T17:23:45.806Z,308,303
6802,15,837,838,837,837,837,838,true,2026-06-20,KvK #15,KvK #15,2026-06-20T17:23:45.992Z,2026-06-20T17:23:45.992Z,308,308
6803,15,841,885,885,841,885,841,false,2026-06-20,KvK #15,KvK #15,2026-06-20T17:23:46.165Z,2026-06-20T17:23:46.165Z,307,300
6804,15,842,873,873,873,873,842,true,2026-06-20,KvK #15,KvK #15,2026-06-20T17:23:46.335Z,2026-06-20T17:23:46.335Z,307,302
6805,15,843,922,843,843,843,922,true,2026-06-20,KvK #15,KvK #15,2026-06-20T17:23:46.505Z,2026-06-20T17:23:46.505Z,307,293
6806,15,844,880,880,880,880,844,true,2026-06-20,KvK #15,KvK #15,2026-06-20T17:23:46.679Z,2026-06-20T17:23:46.679Z,307,301
6807,15,851,890,890,851,890,851,false,2026-06-20,KvK #15,KvK #15,2026-06-20T17:23:46.851Z,2026-06-20T17:23:46.851Z,306,299
6808,15,854,895,895,895,895,854,true,2026-06-20,KvK #15,KvK #15,2026-06-20T17:23:47.027Z,2026-06-20T17:23:47.027Z,305,298
6809,15,857,910,857,910,857,910,false,2026-06-20,KvK #15,KvK #15,2026-06-20T17:23:47.199Z,2026-06-20T17:23:47.199Z,305,294
6810,15,858,904,858,858,858,904,true,2026-06-20,KvK #15,KvK #15,2026-06-20T17:23:47.372Z,2026-06-20T17:23:47.372Z,304,297
6811,15,859,882,882,882,882,859,true,2026-06-20,KvK #15,KvK #15,2026-06-20T17:23:47.542Z,2026-06-20T17:23:47.542Z,304,300
6812,15,860,871,871,860,871,860,false,2026-06-20,KvK #15,KvK #15,2026-06-20T17:23:47.718Z,2026-06-20T17:23:47.718Z,304,301
6813,15,861,927,927,861,927,861,false,2026-06-20,KvK #15,KvK #15,2026-06-20T17:23:47.901Z,2026-06-20T17:23:47.901Z,304,293
6814,15,862,926,862,862,862,926,true,2026-06-20,KvK #15,KvK #15,2026-06-20T17:23:48.078Z,2026-06-20T17:23:48.078Z,304,293
6815,15,864,886,864,864,864,886,true,2026-06-20,KvK #15,KvK #15,2026-06-20T17:23:48.247Z,2026-06-20T17:23:48.247Z,303,300
6816,15,867,875,867,867,867,875,true,2026-06-20,KvK #15,KvK #15,2026-06-20T17:23:48.420Z,2026-06-20T17:23:48.420Z,303,301
6817,15,869,884,884,869,884,869,false,2026-06-20,KvK #15,KvK #15,2026-06-20T17:23:48.591Z,2026-06-20T17:23:48.591Z,302,300
6818,15,874,889,874,874,874,889,true,2026-06-20,KvK #15,KvK #15,2026-06-20T17:23:48.762Z,2026-06-20T17:23:48.762Z,302,299
6819,15,878,906,878,906,878,906,false,2026-06-20,KvK #15,KvK #15,2026-06-20T17:23:48.945Z,2026-06-20T17:23:48.945Z,301,296
6820,15,879,898,879,879,879,898,true,2026-06-20,KvK #15,KvK #15,2026-06-20T17:23:49.120Z,2026-06-20T17:23:49.120Z,301,298
6821,15,892,918,892,918,892,918,false,2026-06-20,KvK #15,KvK #15,2026-06-20T17:23:49.289Z,2026-06-20T17:23:49.289Z,299,294
6822,15,896,909,896,896,896,909,true,2026-06-20,KvK #15,KvK #15,2026-06-20T17:23:49.464Z,2026-06-20T17:23:49.464Z,298,296
6823,15,899,913,913,899,913,899,false,2026-06-20,KvK #15,KvK #15,2026-06-20T17:23:49.641Z,2026-06-20T17:23:49.641Z,298,294
6824,15,903,916,916,903,916,903,false,2026-06-20,KvK #15,KvK #15,2026-06-20T17:23:49.808Z,2026-06-20T17:23:49.808Z,297,293
6825,15,907,919,919,919,919,907,true,2026-06-20,KvK #15,KvK #15,2026-06-20T17:23:49.981Z,2026-06-20T17:23:49.981Z,296,294
6826,15,928,1036,1036,928,1036,928,false,2026-06-20,KvK #15,KvK #15,2026-06-20T17:23:50.162Z,2026-06-20T17:23:50.162Z,292,273
6827,15,929,1138,1138,929,1138,929,false,2026-06-20,KvK #15,KvK #15,2026-06-20T17:23:50.341Z,2026-06-20T17:23:50.341Z,291,255
6828,15,930,1143,1143,1143,1143,930,true,2026-06-20,KvK #15,KvK #15,2026-06-20T17:23:50.505Z,2026-06-20T17:23:50.505Z,292,254
6829,15,931,984,931,984,931,984,false,2026-06-20,KvK #15,KvK #15,2026-06-20T17:23:50.678Z,2026-06-20T17:23:50.678Z,292,282
6830,15,932,1057,1057,1057,1057,932,true,2026-06-20,KvK #15,KvK #15,2026-06-20T17:23:50.850Z,2026-06-20T17:23:50.850Z,292,270
6831,15,933,969,969,969,969,933,true,2026-06-20,KvK #15,KvK #15,2026-06-20T17:23:51.028Z,2026-06-20T17:23:51.028Z,292,285
6832,15,934,1050,934,934,934,1050,true,2026-06-20,KvK #15,KvK #15,2026-06-20T17:23:51.196Z,2026-06-20T17:23:51.196Z,291,271
6833,15,935,1016,935,935,935,1016,true,2026-06-20,KvK #15,KvK #15,2026-06-20T17:23:51.365Z,2026-06-20T17:23:51.365Z,291,277
6834,15,936,951,951,951,951,936,true,2026-06-20,KvK #15,KvK #15,2026-06-20T17:23:51.539Z,2026-06-20T17:23:51.539Z,291,288
6835,15,937,1002,937,1002,937,1002,false,2026-06-20,KvK #15,KvK #15,2026-06-20T17:23:51.727Z,2026-06-20T17:23:51.727Z,291,279
6836,15,938,1144,938,938,938,1144,true,2026-06-20,KvK #15,KvK #15,2026-06-20T17:23:51.891Z,2026-06-20T17:23:51.891Z,291,253
6837,15,939,967,939,967,939,967,false,2026-06-20,KvK #15,KvK #15,2026-06-20T17:23:52.065Z,2026-06-20T17:23:52.065Z,290,286
6838,15,940,979,940,979,940,979,false,2026-06-20,KvK #15,KvK #15,2026-06-20T17:23:52.235Z,2026-06-20T17:23:52.235Z,290,283
6839,15,941,1106,941,1106,941,1106,false,2026-06-20,KvK #15,KvK #15,2026-06-20T17:23:52.411Z,2026-06-20T17:23:52.411Z,290,260
6840,15,942,1023,942,1023,942,1023,false,2026-06-20,KvK #15,KvK #15,2026-06-20T17:23:52.582Z,2026-06-20T17:23:52.582Z,290,276
6841,15,943,1007,1007,943,1007,943,false,2026-06-20,KvK #15,KvK #15,2026-06-20T17:23:52.761Z,2026-06-20T17:23:52.761Z,289,279
6842,15,944,962,962,962,962,944,true,2026-06-20,KvK #15,KvK #15,2026-06-20T17:23:52.937Z,2026-06-20T17:23:52.937Z,288,286
6843,15,945,1146,945,945,945,1146,true,2026-06-20,KvK #15,KvK #15,2026-06-20T17:23:53.107Z,2026-06-20T17:23:53.107Z,289,253
6844,15,946,1005,1005,1005,1005,946,true,2026-06-20,KvK #15,KvK #15,2026-06-20T17:23:53.295Z,2026-06-20T17:23:53.295Z,289,279
6845,15,947,1116,1116,947,1116,947,false,2026-06-20,KvK #15,KvK #15,2026-06-20T17:23:53.468Z,2026-06-20T17:23:53.468Z,289,259
6846,15,948,1037,948,948,948,1037,true,2026-06-20,KvK #15,KvK #15,2026-06-20T17:23:53.640Z,2026-06-20T17:23:53.640Z,287,273
6847,15,949,997,949,949,949,997,true,2026-06-20,KvK #15,KvK #15,2026-06-20T17:23:53.809Z,2026-06-20T17:23:53.809Z,288,280
6848,15,950,1090,1090,950,1090,950,false,2026-06-20,KvK #15,KvK #15,2026-06-20T17:23:53.978Z,2026-06-20T17:23:53.978Z,288,264
6849,15,952,1074,1074,1074,1074,952,true,2026-06-20,KvK #15,KvK #15,2026-06-20T17:23:54.151Z,2026-06-20T17:23:54.151Z,288,267
6850,15,953,965,965,953,965,953,false,2026-06-20,KvK #15,KvK #15,2026-06-20T17:23:54.323Z,2026-06-20T17:23:54.323Z,286,286
6851,15,954,1084,1084,1084,1084,954,true,2026-06-20,KvK #15,KvK #15,2026-06-20T17:23:54.492Z,2026-06-20T17:23:54.492Z,287,265
6852,15,955,1059,1059,955,1059,955,false,2026-06-20,KvK #15,KvK #15,2026-06-20T17:23:54.667Z,2026-06-20T17:23:54.667Z,287,270
6853,15,956,986,956,986,956,986,false,2026-06-20,KvK #15,KvK #15,2026-06-20T17:23:54.836Z,2026-06-20T17:23:54.836Z,287,282
6854,15,957,1149,1149,957,1149,957,false,2026-06-20,KvK #15,KvK #15,2026-06-20T17:23:55.014Z,2026-06-20T17:23:55.014Z,287,252
6855,15,958,959,958,958,958,959,true,2026-06-20,KvK #15,KvK #15,2026-06-20T17:23:55.188Z,2026-06-20T17:23:55.188Z,287,287
6856,15,960,1153,1153,1153,1153,960,true,2026-06-20,KvK #15,KvK #15,2026-06-20T17:23:55.354Z,2026-06-20T17:23:55.354Z,287,252
6857,15,961,993,961,961,961,993,true,2026-06-20,KvK #15,KvK #15,2026-06-20T17:23:55.526Z,2026-06-20T17:23:55.526Z,286,280
6858,15,963,1003,963,1003,963,1003,false,2026-06-20,KvK #15,KvK #15,2026-06-20T17:23:55.699Z,2026-06-20T17:23:55.699Z,286,279
6859,15,964,1125,1125,1125,1125,964,true,2026-06-20,KvK #15,KvK #15,2026-06-20T17:23:55.871Z,2026-06-20T17:23:55.871Z,286,257
6860,15,966,982,982,982,982,966,true,2026-06-20,KvK #15,KvK #15,2026-06-20T17:23:56.042Z,2026-06-20T17:23:56.042Z,286,282
6861,15,968,1063,1063,968,1063,968,false,2026-06-20,KvK #15,KvK #15,2026-06-20T17:23:56.241Z,2026-06-20T17:23:56.241Z,285,269
6862,15,970,995,995,970,995,970,false,2026-06-20,KvK #15,KvK #15,2026-06-20T17:23:56.421Z,2026-06-20T17:23:56.421Z,285,280
6863,15,971,972,972,971,972,971,false,2026-06-20,KvK #15,KvK #15,2026-06-20T17:23:56.590Z,2026-06-20T17:23:56.590Z,284,285
6864,15,973,1079,1079,1079,1079,973,true,2026-06-20,KvK #15,KvK #15,2026-06-20T17:23:56.761Z,2026-06-20T17:23:56.761Z,284,266
6865,15,974,994,994,974,994,974,false,2026-06-20,KvK #15,KvK #15,2026-06-20T17:23:56.930Z,2026-06-20T17:23:56.930Z,284,280
6866,15,975,1073,1073,1073,1073,975,true,2026-06-20,KvK #15,KvK #15,2026-06-20T17:23:57.102Z,2026-06-20T17:23:57.102Z,283,267
6867,15,976,1158,976,976,976,1158,true,2026-06-20,KvK #15,KvK #15,2026-06-20T17:23:57.270Z,2026-06-20T17:23:57.270Z,284,251
6868,15,977,1040,977,977,977,1040,true,2026-06-20,KvK #15,KvK #15,2026-06-20T17:23:57.443Z,2026-06-20T17:23:57.443Z,284,273
6869,15,978,1134,1134,978,1134,978,false,2026-06-20,KvK #15,KvK #15,2026-06-20T17:23:57.609Z,2026-06-20T17:23:57.609Z,283,256
6870,15,980,1136,980,980,980,1136,true,2026-06-20,KvK #15,KvK #15,2026-06-20T17:23:57.779Z,2026-06-20T17:23:57.779Z,283,255
6871,15,981,1147,1147,981,1147,981,false,2026-06-20,KvK #15,KvK #15,2026-06-20T17:23:57.955Z,2026-06-20T17:23:57.955Z,283,253
6872,15,983,1066,983,983,983,1066,true,2026-06-20,KvK #15,KvK #15,2026-06-20T17:23:58.119Z,2026-06-20T17:23:58.119Z,281,268
6873,15,985,1041,1041,1041,1041,985,true,2026-06-20,KvK #15,KvK #15,2026-06-20T17:23:58.291Z,2026-06-20T17:23:58.291Z,282,273
6874,15,987,1087,1087,1087,1087,987,true,2026-06-20,KvK #15,KvK #15,2026-06-20T17:23:58.460Z,2026-06-20T17:23:58.460Z,281,264
6875,15,988,1100,988,988,988,1100,true,2026-06-20,KvK #15,KvK #15,2026-06-20T17:23:58.644Z,2026-06-20T17:23:58.644Z,282,262
6876,15,989,1135,1135,989,1135,989,false,2026-06-20,KvK #15,KvK #15,2026-06-20T17:23:58.817Z,2026-06-20T17:23:58.817Z,281,256
6877,15,990,1009,1009,1009,1009,990,true,2026-06-20,KvK #15,KvK #15,2026-06-20T17:23:58.987Z,2026-06-20T17:23:58.987Z,281,278
6878,15,991,1098,1098,1098,1098,991,true,2026-06-20,KvK #15,KvK #15,2026-06-20T17:23:59.158Z,2026-06-20T17:23:59.158Z,281,262
6879,15,992,1101,1101,1101,1101,992,true,2026-06-20,KvK #15,KvK #15,2026-06-20T17:23:59.331Z,2026-06-20T17:23:59.331Z,281,261
6880,15,996,1013,1013,1013,1013,996,true,2026-06-20,KvK #15,KvK #15,2026-06-20T17:23:59.501Z,2026-06-20T17:23:59.501Z,280,278
6881,15,998,1006,1006,1006,1006,998,true,2026-06-20,KvK #15,KvK #15,2026-06-20T17:23:59.668Z,2026-06-20T17:23:59.668Z,280,279
6882,15,999,1128,1128,999,1128,999,false,2026-06-20,KvK #15,KvK #15,2026-06-20T17:23:59.842Z,2026-06-20T17:23:59.842Z,280,257
6883,15,1000,1107,1107,1000,1107,1000,false,2026-06-20,KvK #15,KvK #15,2026-06-20T17:24:00.008Z,2026-06-20T17:24:00.008Z,280,259
6884,15,1001,1039,1039,1039,1039,1001,true,2026-06-20,KvK #15,KvK #15,2026-06-20T17:24:00.177Z,2026-06-20T17:24:00.177Z,279,273
6885,15,1004,1038,1038,1038,1038,1004,true,2026-06-20,KvK #15,KvK #15,2026-06-20T17:24:00.349Z,2026-06-20T17:24:00.349Z,279,273
6886,15,1008,1045,1008,1008,1008,1045,true,2026-06-20,KvK #15,KvK #15,2026-06-20T17:24:00.519Z,2026-06-20T17:24:00.519Z,278,272
6887,15,1010,1021,1021,1021,1021,1010,true,2026-06-20,KvK #15,KvK #15,2026-06-20T17:24:00.688Z,2026-06-20T17:24:00.688Z,278,276
6888,15,1011,1056,1056,1056,1056,1011,true,2026-06-20,KvK #15,KvK #15,2026-06-20T17:24:00.857Z,2026-06-20T17:24:00.857Z,278,270
6889,15,1012,1124,1012,1124,1012,1124,false,2026-06-20,KvK #15,KvK #15,2026-06-20T17:24:01.025Z,2026-06-20T17:24:01.025Z,278,258
6890,15,1014,1132,1014,1132,1014,1132,false,2026-06-20,KvK #15,KvK #15,2026-06-20T17:24:01.196Z,2026-06-20T17:24:01.196Z,278,256
6891,15,1015,1069,1069,1015,1069,1015,false,2026-06-20,KvK #15,KvK #15,2026-06-20T17:24:01.369Z,2026-06-20T17:24:01.369Z,277,267
6892,15,1017,1130,1130,1017,1130,1017,false,2026-06-20,KvK #15,KvK #15,2026-06-20T17:24:01.538Z,2026-06-20T17:24:01.538Z,277,257
6893,15,1018,1155,1155,1018,1155,1018,false,2026-06-20,KvK #15,KvK #15,2026-06-20T17:24:01.711Z,2026-06-20T17:24:01.711Z,277,252
6894,15,1019,1120,1019,1120,1019,1120,false,2026-06-20,KvK #15,KvK #15,2026-06-20T17:24:01.879Z,2026-06-20T17:24:01.879Z,277,258
6895,15,1020,1043,1020,1043,1020,1043,false,2026-06-20,KvK #15,KvK #15,2026-06-20T17:24:02.051Z,2026-06-20T17:24:02.051Z,276,271
6896,15,1022,1131,1131,1131,1131,1022,true,2026-06-20,KvK #15,KvK #15,2026-06-20T17:24:02.219Z,2026-06-20T17:24:02.219Z,276,256
6897,15,1024,1085,1085,1085,1085,1024,true,2026-06-20,KvK #15,KvK #15,2026-06-20T17:24:02.396Z,2026-06-20T17:24:02.396Z,275,265
6898,15,1025,1029,1025,1025,1025,1029,true,2026-06-20,KvK #15,KvK #15,2026-06-20T17:24:02.560Z,2026-06-20T17:24:02.560Z,275,274
6899,15,1026,1114,1026,1026,1026,1114,true,2026-06-20,KvK #15,KvK #15,2026-06-20T17:24:02.729Z,2026-06-20T17:24:02.729Z,275,259
6900,15,1027,1113,1027,1113,1027,1113,false,2026-06-20,KvK #15,KvK #15,2026-06-20T17:24:02.899Z,2026-06-20T17:24:02.899Z,275,259
6901,15,1028,1093,1028,1028,1028,1093,true,2026-06-20,KvK #15,KvK #15,2026-06-20T17:24:03.070Z,2026-06-20T17:24:03.070Z,275,263
6902,15,1030,1137,1030,1137,1030,1137,false,2026-06-20,KvK #15,KvK #15,2026-06-20T17:24:03.239Z,2026-06-20T17:24:03.239Z,274,255
6903,15,1031,1088,1031,1031,1031,1088,true,2026-06-20,KvK #15,KvK #15,2026-06-20T17:24:03.417Z,2026-06-20T17:24:03.417Z,274,264
6904,15,1032,1061,1061,1061,1061,1032,true,2026-06-20,KvK #15,KvK #15,2026-06-20T17:24:03.582Z,2026-06-20T17:24:03.582Z,274,269
6905,15,1033,1091,1091,1091,1091,1033,true,2026-06-20,KvK #15,KvK #15,2026-06-20T17:24:03.752Z,2026-06-20T17:24:03.752Z,274,264
6906,15,1034,1075,1075,1034,1075,1034,false,2026-06-20,KvK #15,KvK #15,2026-06-20T17:24:03.929Z,2026-06-20T17:24:03.929Z,274,265
6907,15,1035,1159,1159,1035,1159,1035,false,2026-06-20,KvK #15,KvK #15,2026-06-20T17:24:04.093Z,2026-06-20T17:24:04.093Z,274,251
6908,15,1042,1065,1065,1042,1065,1042,false,2026-06-20,KvK #15,KvK #15,2026-06-20T17:24:04.263Z,2026-06-20T17:24:04.263Z,272,269
6909,15,1044,1051,1044,1044,1044,1051,true,2026-06-20,KvK #15,KvK #15,2026-06-20T17:24:04.435Z,2026-06-20T17:24:04.435Z,272,271
6910,15,1046,1112,1046,1112,1046,1112,false,2026-06-20,KvK #15,KvK #15,2026-06-20T17:24:04.604Z,2026-06-20T17:24:04.604Z,272,259
6911,15,1047,1157,1157,1157,1157,1047,true,2026-06-20,KvK #15,KvK #15,2026-06-20T17:24:04.777Z,2026-06-20T17:24:04.777Z,272,251
6912,15,1048,1117,1117,1117,1117,1048,true,2026-06-20,KvK #15,KvK #15,2026-06-20T17:24:04.947Z,2026-06-20T17:24:04.947Z,272,258
6913,15,1049,1150,1150,1150,1150,1049,true,2026-06-20,KvK #15,KvK #15,2026-06-20T17:24:05.117Z,2026-06-20T17:24:05.117Z,271,252
6914,15,1052,1103,1103,1052,1103,1052,false,2026-06-20,KvK #15,KvK #15,2026-06-20T17:24:05.289Z,2026-06-20T17:24:05.289Z,271,261
6915,15,1053,1121,1121,1053,1121,1053,false,2026-06-20,KvK #15,KvK #15,2026-06-20T17:24:05.460Z,2026-06-20T17:24:05.460Z,271,258
6916,15,1054,1122,1122,1122,1122,1054,true,2026-06-20,KvK #15,KvK #15,2026-06-20T17:24:05.631Z,2026-06-20T17:24:05.631Z,270,258
6917,15,1055,1105,1105,1105,1105,1055,true,2026-06-20,KvK #15,KvK #15,2026-06-20T17:24:05.802Z,2026-06-20T17:24:05.802Z,270,261
6918,15,1058,1140,1058,1140,1058,1140,false,2026-06-20,KvK #15,KvK #15,2026-06-20T17:24:05.971Z,2026-06-20T17:24:05.971Z,270,254
6919,15,1060,1127,1060,1127,1060,1127,false,2026-06-20,KvK #15,KvK #15,2026-06-20T17:24:06.142Z,2026-06-20T17:24:06.142Z,269,256
6920,15,1062,1141,1141,1062,1141,1062,false,2026-06-20,KvK #15,KvK #15,2026-06-20T17:24:06.313Z,2026-06-20T17:24:06.313Z,269,254
6921,15,1064,1115,1115,1064,1115,1064,false,2026-06-20,KvK #15,KvK #15,2026-06-20T17:24:06.484Z,2026-06-20T17:24:06.484Z,269,259
6922,15,1067,1110,1067,1067,1067,1110,true,2026-06-20,KvK #15,KvK #15,2026-06-20T17:24:06.655Z,2026-06-20T17:24:06.655Z,268,260
6923,15,1068,1070,1070,1070,1070,1068,true,2026-06-20,KvK #15,KvK #15,2026-06-20T17:24:06.827Z,2026-06-20T17:24:06.827Z,268,267
6924,15,1071,1092,1092,1092,1092,1071,true,2026-06-20,KvK #15,KvK #15,2026-06-20T17:24:07.000Z,2026-06-20T17:24:07.000Z,267,264
6925,15,1072,1102,1072,1072,1072,1102,true,2026-06-20,KvK #15,KvK #15,2026-06-20T17:24:07.176Z,2026-06-20T17:24:07.176Z,267,261
6926,15,1076,1080,1080,1076,1080,1076,false,2026-06-20,KvK #15,KvK #15,2026-06-20T17:24:07.343Z,2026-06-20T17:24:07.343Z,266,266
6927,15,1077,1078,1078,1077,1078,1077,false,2026-06-20,KvK #15,KvK #15,2026-06-20T17:24:07.512Z,2026-06-20T17:24:07.512Z,266,266
6928,15,1081,1152,1081,1081,1081,1152,true,2026-06-20,KvK #15,KvK #15,2026-06-20T17:24:07.683Z,2026-06-20T17:24:07.683Z,266,252
6929,15,1082,1096,1082,1096,1082,1096,false,2026-06-20,KvK #15,KvK #15,2026-06-20T17:24:07.857Z,2026-06-20T17:24:07.857Z,265,263
6930,15,1083,1142,1142,1142,1142,1083,true,2026-06-20,KvK #15,KvK #15,2026-06-20T17:24:08.027Z,2026-06-20T17:24:08.027Z,265,254
6931,15,1086,1089,1086,1086,1086,1089,true,2026-06-20,KvK #15,KvK #15,2026-06-20T17:24:08.213Z,2026-06-20T17:24:08.213Z,265,264
6932,15,1094,1104,1104,1104,1104,1094,true,2026-06-20,KvK #15,KvK #15,2026-06-20T17:24:08.389Z,2026-06-20T17:24:08.389Z,263,261
6933,15,1095,1145,1145,1095,1145,1095,false,2026-06-20,KvK #15,KvK #15,2026-06-20T17:24:08.560Z,2026-06-20T17:24:08.560Z,263,253
6934,15,1097,1151,1151,1151,1151,1097,true,2026-06-20,KvK #15,KvK #15,2026-06-20T17:24:08.734Z,2026-06-20T17:24:08.734Z,262,252
6935,15,1099,1118,1099,1118,1099,1118,false,2026-06-20,KvK #15,KvK #15,2026-06-20T17:24:08.900Z,2026-06-20T17:24:08.900Z,262,258
6936,15,1108,1126,1108,1108,1108,1126,true,2026-06-20,KvK #15,KvK #15,2026-06-20T17:24:09.066Z,2026-06-20T17:24:09.066Z,260,257
6937,15,1109,1123,1123,1123,1123,1109,true,2026-06-20,KvK #15,KvK #15,2026-06-20T17:24:09.309Z,2026-06-20T17:24:09.309Z,259,258
6938,15,1111,1156,1156,1156,1156,1111,true,2026-06-20,KvK #15,KvK #15,2026-06-20T17:24:09.500Z,2026-06-20T17:24:09.500Z,260,251
6939,15,1119,1139,1139,1119,1139,1119,false,2026-06-20,KvK #15,KvK #15,2026-06-20T17:24:09.676Z,2026-06-20T17:24:09.676Z,258,255
6940,15,1129,1154,1129,1154,1129,1154,false,2026-06-20,KvK #15,KvK #15,2026-06-20T17:24:09.844Z,2026-06-20T17:24:09.844Z,257,252
6941,15,1133,1148,1148,1133,1148,1133,false,2026-06-20,KvK #15,KvK #15,2026-06-20T17:24:10.015Z,2026-06-20T17:24:10.015Z,256,253
6942,15,1160,1198,1160,1160,1160,1198,true,2026-06-20,KvK #15,KvK #15,2026-06-20T17:24:10.193Z,2026-06-20T17:24:10.193Z,250,242
6943,15,1161,1170,1170,1161,1170,1161,false,2026-06-20,KvK #15,KvK #15,2026-06-20T17:24:10.358Z,2026-06-20T17:24:10.358Z,250,248
6944,15,1162,1189,1162,1162,1162,1189,true,2026-06-20,KvK #15,KvK #15,2026-06-20T17:24:10.534Z,2026-06-20T17:24:10.534Z,250,244
6945,15,1163,1203,1203,1203,1203,1163,true,2026-06-20,KvK #15,KvK #15,2026-06-20T17:24:10.714Z,2026-06-20T17:24:10.714Z,250,240
6946,15,1164,1173,1164,1164,1164,1173,true,2026-06-20,KvK #15,KvK #15,2026-06-20T17:24:10.890Z,2026-06-20T17:24:10.890Z,250,247
6947,15,1165,1201,1201,1165,1201,1165,false,2026-06-20,KvK #15,KvK #15,2026-06-20T17:24:11.057Z,2026-06-20T17:24:11.057Z,248,241
6948,15,1166,1186,1166,1186,1166,1186,false,2026-06-20,KvK #15,KvK #15,2026-06-20T17:24:11.228Z,2026-06-20T17:24:11.228Z,249,244
6949,15,1167,1219,1167,1167,1167,1219,true,2026-06-20,KvK #15,KvK #15,2026-06-20T17:24:11.397Z,2026-06-20T17:24:11.397Z,249,237
6950,15,1168,1178,1178,1178,1178,1168,true,2026-06-20,KvK #15,KvK #15,2026-06-20T17:24:11.572Z,2026-06-20T17:24:11.572Z,249,246
6951,15,1169,1209,1209,1209,1209,1169,true,2026-06-20,KvK #15,KvK #15,2026-06-20T17:24:11.741Z,2026-06-20T17:24:11.741Z,248,239
6952,15,1171,1215,1215,1215,1215,1171,true,2026-06-20,KvK #15,KvK #15,2026-06-20T17:24:11.912Z,2026-06-20T17:24:11.912Z,248,238
6953,15,1172,1192,1192,1192,1192,1172,true,2026-06-20,KvK #15,KvK #15,2026-06-20T17:24:12.082Z,2026-06-20T17:24:12.082Z,248,243
6954,15,1174,1217,1217,1217,1217,1174,true,2026-06-20,KvK #15,KvK #15,2026-06-20T17:24:12.268Z,2026-06-20T17:24:12.268Z,247,237
6955,15,1175,1206,1206,1206,1206,1175,true,2026-06-20,KvK #15,KvK #15,2026-06-20T17:24:12.438Z,2026-06-20T17:24:12.438Z,247,240
6956,15,1176,1221,1176,1176,1176,1221,true,2026-06-20,KvK #15,KvK #15,2026-06-20T17:24:12.611Z,2026-06-20T17:24:12.611Z,246,237
6957,15,1177,1184,1177,1177,1177,1184,true,2026-06-20,KvK #15,KvK #15,2026-06-20T17:24:12.793Z,2026-06-20T17:24:12.793Z,246,245
6958,15,1179,1181,1181,1181,1181,1179,true,2026-06-20,KvK #15,KvK #15,2026-06-20T17:24:12.974Z,2026-06-20T17:24:12.974Z,246,245
6959,15,1180,1202,1202,1202,1202,1180,true,2026-06-20,KvK #15,KvK #15,2026-06-20T17:24:13.143Z,2026-06-20T17:24:13.143Z,246,241
6960,15,1182,1210,1210,1210,1210,1182,true,2026-06-20,KvK #15,KvK #15,2026-06-20T17:24:13.316Z,2026-06-20T17:24:13.316Z,245,239
6961,15,1183,1212,1183,1212,1183,1212,false,2026-06-20,KvK #15,KvK #15,2026-06-20T17:24:13.481Z,2026-06-20T17:24:13.481Z,245,238
6962,15,1185,1214,1214,1214,1214,1185,true,2026-06-20,KvK #15,KvK #15,2026-06-20T17:24:13.650Z,2026-06-20T17:24:13.650Z,244,238
6963,15,1187,1211,1211,1187,1211,1187,false,2026-06-20,KvK #15,KvK #15,2026-06-20T17:24:13.822Z,2026-06-20T17:24:13.822Z,244,239
6964,15,1188,1190,1188,1190,1188,1190,false,2026-06-20,KvK #15,KvK #15,2026-06-20T17:24:13.992Z,2026-06-20T17:24:13.992Z,244,244
6965,15,1191,1213,1213,1213,1213,1191,true,2026-06-20,KvK #15,KvK #15,2026-06-20T17:24:14.168Z,2026-06-20T17:24:14.168Z,242,238
6966,15,1193,1220,1193,1193,1193,1220,true,2026-06-20,KvK #15,KvK #15,2026-06-20T17:24:14.341Z,2026-06-20T17:24:14.341Z,243,237
6967,15,1194,1195,1195,1194,1195,1194,false,2026-06-20,KvK #15,KvK #15,2026-06-20T17:24:14.508Z,2026-06-20T17:24:14.508Z,243,243
6968,15,1196,1205,1196,1196,1196,1205,true,2026-06-20,KvK #15,KvK #15,2026-06-20T17:24:14.677Z,2026-06-20T17:24:14.677Z,242,240
6969,15,1197,1218,1197,1197,1197,1218,true,2026-06-20,KvK #15,KvK #15,2026-06-20T17:24:14.854Z,2026-06-20T17:24:14.854Z,242,237
6970,15,1199,1208,1199,1208,1199,1208,false,2026-06-20,KvK #15,KvK #15,2026-06-20T17:24:15.029Z,2026-06-20T17:24:15.029Z,242,239
6971,15,1200,1216,1200,1216,1200,1216,false,2026-06-20,KvK #15,KvK #15,2026-06-20T17:24:15.202Z,2026-06-20T17:24:15.202Z,240,237
6972,15,1204,1207,1207,1204,1207,1204,false,2026-06-20,KvK #15,KvK #15,2026-06-20T17:24:15.373Z,2026-06-20T17:24:15.373Z,240,239
6973,15,1222,1275,1275,1275,1275,1222,true,2026-06-20,KvK #15,KvK #15,2026-06-20T17:24:15.548Z,2026-06-20T17:24:15.548Z,236,222
6974,15,1223,1272,1272,1272,1272,1223,true,2026-06-20,KvK #15,KvK #15,2026-06-20T17:24:15.722Z,2026-06-20T17:24:15.722Z,235,223
6975,15,1224,1235,1235,1235,1235,1224,true,2026-06-20,KvK #15,KvK #15,2026-06-20T17:24:15.892Z,2026-06-20T17:24:15.892Z,235,231
6976,15,1225,1239,1225,1225,1225,1239,true,2026-06-20,KvK #15,KvK #15,2026-06-20T17:24:16.063Z,2026-06-20T17:24:16.063Z,235,230
6977,15,1226,1246,1226,1246,1226,1246,false,2026-06-20,KvK #15,KvK #15,2026-06-20T17:24:16.234Z,2026-06-20T17:24:16.234Z,235,229
6978,15,1227,1264,1227,1227,1227,1264,true,2026-06-20,KvK #15,KvK #15,2026-06-20T17:24:16.405Z,2026-06-20T17:24:16.405Z,235,224
6979,15,1228,1255,1255,1228,1255,1228,false,2026-06-20,KvK #15,KvK #15,2026-06-20T17:24:16.581Z,2026-06-20T17:24:16.581Z,233,227
6980,15,1229,1276,1229,1276,1229,1276,false,2026-06-20,KvK #15,KvK #15,2026-06-20T17:24:16.752Z,2026-06-20T17:24:16.752Z,234,222
6981,15,1230,1254,1254,1254,1254,1230,true,2026-06-20,KvK #15,KvK #15,2026-06-20T17:24:16.920Z,2026-06-20T17:24:16.920Z,233,227
6982,15,1231,1243,1243,1243,1243,1231,true,2026-06-20,KvK #15,KvK #15,2026-06-20T17:24:17.094Z,2026-06-20T17:24:17.094Z,233,229
6983,15,1232,1242,1242,1242,1242,1232,true,2026-06-20,KvK #15,KvK #15,2026-06-20T17:24:17.266Z,2026-06-20T17:24:17.266Z,232,233
6984,15,1233,1247,1247,1247,1247,1233,true,2026-06-20,KvK #15,KvK #15,2026-06-20T17:24:17.435Z,2026-06-20T17:24:17.435Z,232,229
6985,15,1234,1248,1234,1248,1234,1248,false,2026-06-20,KvK #15,KvK #15,2026-06-20T17:24:17.609Z,2026-06-20T17:24:17.609Z,232,228
6986,15,1236,1265,1236,1236,1236,1265,true,2026-06-20,KvK #15,KvK #15,2026-06-20T17:24:17.782Z,2026-06-20T17:24:17.782Z,231,224
6987,15,1237,1270,1237,1270,1237,1270,false,2026-06-20,KvK #15,KvK #15,2026-06-20T17:24:17.953Z,2026-06-20T17:24:17.953Z,231,223
6988,15,1238,1253,1253,1253,1253,1238,true,2026-06-20,KvK #15,KvK #15,2026-06-20T17:24:18.122Z,2026-06-20T17:24:18.122Z,230,227
6989,15,1240,1273,1240,1273,1240,1273,false,2026-06-20,KvK #15,KvK #15,2026-06-20T17:24:18.296Z,2026-06-20T17:24:18.296Z,230,222
6990,15,1241,1266,1241,1241,1241,1266,true,2026-06-20,KvK #15,KvK #15,2026-06-20T17:24:18.469Z,2026-06-20T17:24:18.469Z,230,224
6991,15,1244,1252,1244,1244,1244,1252,true,2026-06-20,KvK #15,KvK #15,2026-06-20T17:24:18.638Z,2026-06-20T17:24:18.638Z,229,228
6992,15,1245,1269,1269,1245,1269,1245,false,2026-06-20,KvK #15,KvK #15,2026-06-20T17:24:18.806Z,2026-06-20T17:24:18.806Z,229,223
6993,15,1249,1271,1271,1271,1271,1249,true,2026-06-20,KvK #15,KvK #15,2026-06-20T17:24:18.978Z,2026-06-20T17:24:18.978Z,228,223
6994,15,1250,1260,1250,1260,1250,1260,false,2026-06-20,KvK #15,KvK #15,2026-06-20T17:24:19.151Z,2026-06-20T17:24:19.151Z,228,226
6995,15,1251,1274,1274,1274,1274,1251,true,2026-06-20,KvK #15,KvK #15,2026-06-20T17:24:19.325Z,2026-06-20T17:24:19.325Z,228,222
6996,15,1256,1258,1256,1258,1256,1258,false,2026-06-20,KvK #15,KvK #15,2026-06-20T17:24:19.495Z,2026-06-20T17:24:19.495Z,226,226
6997,15,1257,1259,1259,1259,1259,1257,true,2026-06-20,KvK #15,KvK #15,2026-06-20T17:24:19.664Z,2026-06-20T17:24:19.664Z,226,226
6998,15,1261,1268,1261,1261,1261,1268,true,2026-06-20,KvK #15,KvK #15,2026-06-20T17:24:19.835Z,2026-06-20T17:24:19.835Z,225,223
6999,15,1262,1277,1262,1262,1262,1277,true,2026-06-20,KvK #15,KvK #15,2026-06-20T17:24:20.004Z,2026-06-20T17:24:20.004Z,225,222
7000,15,1263,1267,1263,1267,1263,1267,false,2026-06-20,KvK #15,KvK #15,2026-06-20T17:24:20.177Z,2026-06-20T17:24:20.177Z,225,224
7001,15,1278,1280,1278,1280,1278,1280,false,2026-06-20,KvK #15,KvK #15,2026-06-20T17:24:20.349Z,2026-06-20T17:24:20.349Z,221,221
7002,15,1279,1360,1360,1360,1360,1279,true,2026-06-20,KvK #15,KvK #15,2026-06-20T17:24:20.517Z,2026-06-20T17:24:20.517Z,221,200
7003,15,1281,1377,1377,1377,1377,1281,true,2026-06-20,KvK #15,KvK #15,2026-06-20T17:24:20.686Z,2026-06-20T17:24:20.686Z,221,195
7004,15,1282,1357,1357,1357,1357,1282,true,2026-06-20,KvK #15,KvK #15,2026-06-20T17:24:20.857Z,2026-06-20T17:24:20.857Z,221,201
7005,15,1283,1358,1358,1283,1358,1283,false,2026-06-20,KvK #15,KvK #15,2026-06-20T17:24:21.031Z,2026-06-20T17:24:21.031Z,220,200
7006,15,1284,1363,1363,1284,1363,1284,false,2026-06-20,KvK #15,KvK #15,2026-06-20T17:24:21.200Z,2026-06-20T17:24:21.200Z,220,199
7007,15,1285,1292,1285,1292,1285,1292,false,2026-06-20,KvK #15,KvK #15,2026-06-20T17:24:21.369Z,2026-06-20T17:24:21.369Z,220,218
7008,15,1286,1339,1339,1286,1339,1286,false,2026-06-20,KvK #15,KvK #15,2026-06-20T17:24:21.537Z,2026-06-20T17:24:21.537Z,219,206
7009,15,1287,1306,1306,1306,1306,1287,true,2026-06-20,KvK #15,KvK #15,2026-06-20T17:24:21.706Z,2026-06-20T17:24:21.706Z,219,214
7010,15,1288,1335,1335,1288,1335,1288,false,2026-06-20,KvK #15,KvK #15,2026-06-20T17:24:21.911Z,2026-06-20T17:24:21.911Z,219,207
7011,15,1289,1381,1381,1381,1381,1289,true,2026-06-20,KvK #15,KvK #15,2026-06-20T17:24:22.084Z,2026-06-20T17:24:22.084Z,219,194
7012,15,1290,1349,1349,1290,1349,1290,false,2026-06-20,KvK #15,KvK #15,2026-06-20T17:24:22.254Z,2026-06-20T17:24:22.254Z,218,203
7013,15,1291,1359,1359,1291,1359,1291,false,2026-06-20,KvK #15,KvK #15,2026-06-20T17:24:22.428Z,2026-06-20T17:24:22.428Z,218,200
7014,15,1293,1337,1293,1293,1293,1337,true,2026-06-20,KvK #15,KvK #15,2026-06-20T17:24:22.606Z,2026-06-20T17:24:22.606Z,217,206
7015,15,1294,1297,1294,1297,1294,1297,false,2026-06-20,KvK #15,KvK #15,2026-06-20T17:24:22.769Z,2026-06-20T17:24:22.769Z,217,216
7016,15,1295,1301,1295,1295,1295,1301,true,2026-06-20,KvK #15,KvK #15,2026-06-20T17:24:22.939Z,2026-06-20T17:24:22.939Z,217,215
7017,15,1296,1303,1303,1296,1303,1296,false,2026-06-20,KvK #15,KvK #15,2026-06-20T17:24:23.110Z,2026-06-20T17:24:23.110Z,216,215
7018,15,1298,1315,1315,1315,1315,1298,true,2026-06-20,KvK #15,KvK #15,2026-06-20T17:24:23.279Z,2026-06-20T17:24:23.279Z,216,212
7019,15,1299,1351,1351,1299,1351,1299,false,2026-06-20,KvK #15,KvK #15,2026-06-20T17:24:23.453Z,2026-06-20T17:24:23.453Z,216,202
7020,15,1300,1355,1355,1355,1355,1300,true,2026-06-20,KvK #15,KvK #15,2026-06-20T17:24:23.623Z,2026-06-20T17:24:23.623Z,216,201
7021,15,1302,1307,1307,1302,1307,1302,false,2026-06-20,KvK #15,KvK #15,2026-06-20T17:24:23.792Z,2026-06-20T17:24:23.792Z,215,214
7022,15,1304,1317,1304,1304,1304,1317,true,2026-06-20,KvK #15,KvK #15,2026-06-20T17:24:23.964Z,2026-06-20T17:24:23.964Z,215,211
7023,15,1305,1312,1305,1312,1305,1312,false,2026-06-20,KvK #15,KvK #15,2026-06-20T17:24:24.135Z,2026-06-20T17:24:24.135Z,214,213
7024,15,1308,1375,1375,1375,1375,1308,true,2026-06-20,KvK #15,KvK #15,2026-06-20T17:24:24.305Z,2026-06-20T17:24:24.305Z,214,195
7025,15,1309,1368,1368,1309,1368,1309,false,2026-06-20,KvK #15,KvK #15,2026-06-20T17:24:24.477Z,2026-06-20T17:24:24.477Z,213,197
7026,15,1310,1371,1371,1371,1371,1310,true,2026-06-20,KvK #15,KvK #15,2026-06-20T17:24:24.650Z,2026-06-20T17:24:24.650Z,213,196
7027,15,1311,1361,1311,1311,1311,1361,true,2026-06-20,KvK #15,KvK #15,2026-06-20T17:24:24.823Z,2026-06-20T17:24:24.823Z,213,199
7028,15,1313,1348,1348,1348,1348,1313,true,2026-06-20,KvK #15,KvK #15,2026-06-20T17:24:24.997Z,2026-06-20T17:24:24.997Z,213,203
7029,15,1314,1329,1329,1329,1329,1314,true,2026-06-20,KvK #15,KvK #15,2026-06-20T17:24:25.170Z,2026-06-20T17:24:25.170Z,212,208
7030,15,1316,1322,1316,1322,1316,1322,false,2026-06-20,KvK #15,KvK #15,2026-06-20T17:24:25.340Z,2026-06-20T17:24:25.340Z,212,210
7031,15,1318,1372,1372,1372,1372,1318,true,2026-06-20,KvK #15,KvK #15,2026-06-20T17:24:25.514Z,2026-06-20T17:24:25.514Z,211,196
7032,15,1319,1336,1319,1336,1319,1336,false,2026-06-20,KvK #15,KvK #15,2026-06-20T17:24:25.685Z,2026-06-20T17:24:25.685Z,211,207
7033,15,1320,1352,1352,1352,1352,1320,true,2026-06-20,KvK #15,KvK #15,2026-06-20T17:24:25.854Z,2026-06-20T17:24:25.854Z,210,202
7034,15,1321,1362,1321,1321,1321,1362,true,2026-06-20,KvK #15,KvK #15,2026-06-20T17:24:26.041Z,2026-06-20T17:24:26.041Z,210,199
7035,15,1323,1330,1330,1330,1330,1323,true,2026-06-20,KvK #15,KvK #15,2026-06-20T17:24:26.213Z,2026-06-20T17:24:26.213Z,209,208
7036,15,1324,1325,1324,1325,1324,1325,false,2026-06-20,KvK #15,KvK #15,2026-06-20T17:24:26.382Z,2026-06-20T17:24:26.382Z,209,209
7037,15,1326,1333,1326,1326,1326,1333,true,2026-06-20,KvK #15,KvK #15,2026-06-20T17:24:26.554Z,2026-06-20T17:24:26.554Z,209,207
7038,15,1327,1379,1379,1379,1379,1327,true,2026-06-20,KvK #15,KvK #15,2026-06-20T17:24:26.727Z,2026-06-20T17:24:26.727Z,209,194
7039,15,1328,1373,1373,1373,1373,1328,true,2026-06-20,KvK #15,KvK #15,2026-06-20T17:24:28.178Z,2026-06-20T17:24:28.178Z,208,196
7040,15,1331,1374,1331,1374,1331,1374,false,2026-06-20,KvK #15,KvK #15,2026-06-20T17:24:28.362Z,2026-06-20T17:24:28.362Z,208,195
7041,15,1332,1334,1332,1332,1332,1334,true,2026-06-20,KvK #15,KvK #15,2026-06-20T17:24:29.659Z,2026-06-20T17:24:29.659Z,207,207
7042,15,1338,1353,1353,1353,1353,1338,true,2026-06-20,KvK #15,KvK #15,2026-06-20T17:24:29.835Z,2026-06-20T17:24:29.835Z,206,201
7043,15,1340,1354,1340,1354,1340,1354,false,2026-06-20,KvK #15,KvK #15,2026-06-20T17:24:30.003Z,2026-06-20T17:24:30.003Z,205,201
7044,15,1341,1367,1367,1341,1367,1341,false,2026-06-20,KvK #15,KvK #15,2026-06-20T17:24:30.182Z,2026-06-20T17:24:30.182Z,205,198
7045,15,1342,1378,1378,1342,1378,1342,false,2026-06-20,KvK #15,KvK #15,2026-06-20T17:24:30.359Z,2026-06-20T17:24:30.359Z,205,194
7046,15,1343,1356,1343,1343,1343,1356,true,2026-06-20,KvK #15,KvK #15,2026-06-20T17:24:30.529Z,2026-06-20T17:24:30.529Z,205,201
7047,15,1344,1376,1344,1344,1344,1376,true,2026-06-20,KvK #15,KvK #15,2026-06-20T17:24:30.702Z,2026-06-20T17:24:30.702Z,204,195
7048,15,1345,1380,1380,1345,1380,1345,false,2026-06-20,KvK #15,KvK #15,2026-06-20T17:24:30.868Z,2026-06-20T17:24:30.868Z,204,194
7049,15,1346,1364,1364,1346,1364,1346,false,2026-06-20,KvK #15,KvK #15,2026-06-20T17:24:31.041Z,2026-06-20T17:24:31.041Z,204,198
7050,15,1347,1365,1347,1365,1347,1365,false,2026-06-20,KvK #15,KvK #15,2026-06-20T17:24:31.211Z,2026-06-20T17:24:31.211Z,203,198
7051,15,1350,1369,1369,1369,1369,1350,true,2026-06-20,KvK #15,KvK #15,2026-06-20T17:24:31.381Z,2026-06-20T17:24:31.381Z,202,197
7052,15,1366,1370,1370,1366,1370,1366,false,2026-06-20,KvK #15,KvK #15,2026-06-20T17:24:31.552Z,2026-06-20T17:24:31.552Z,198,197
7053,15,1382,1396,1396,1396,1396,1382,true,2026-06-20,KvK #15,KvK #15,2026-06-20T17:24:31.725Z,2026-06-20T17:24:31.725Z,193,189
7054,15,1383,1410,1383,1410,1383,1410,false,2026-06-20,KvK #15,KvK #15,2026-06-20T17:24:31.897Z,2026-06-20T17:24:31.897Z,193,185
7055,15,1384,1395,1384,1384,1384,1395,true,2026-06-20,KvK #15,KvK #15,2026-06-20T17:24:32.068Z,2026-06-20T17:24:32.068Z,193,189
7056,15,1385,1426,1426,1385,1426,1385,false,2026-06-20,KvK #15,KvK #15,2026-06-20T17:24:32.237Z,2026-06-20T17:24:32.237Z,193,180
7057,15,1386,1422,1422,1422,1422,1386,true,2026-06-20,KvK #15,KvK #15,2026-06-20T17:24:32.409Z,2026-06-20T17:24:32.409Z,192,181
7058,15,1387,1423,1387,1387,1387,1423,true,2026-06-20,KvK #15,KvK #15,2026-06-20T17:24:32.581Z,2026-06-20T17:24:32.581Z,192,180
7059,15,1388,1405,1388,1405,1388,1405,false,2026-06-20,KvK #15,KvK #15,2026-06-20T17:24:32.758Z,2026-06-20T17:24:32.758Z,191,186
7060,15,1389,1415,1415,1415,1415,1389,true,2026-06-20,KvK #15,KvK #15,2026-06-20T17:24:32.936Z,2026-06-20T17:24:32.936Z,191,183
7061,15,1390,1403,1403,1403,1403,1390,true,2026-06-20,KvK #15,KvK #15,2026-06-20T17:24:33.105Z,2026-06-20T17:24:33.105Z,191,187
7062,15,1391,1404,1391,1404,1391,1404,false,2026-06-20,KvK #15,KvK #15,2026-06-20T17:24:33.290Z,2026-06-20T17:24:33.290Z,191,186
7063,15,1392,1406,1406,1392,1406,1392,false,2026-06-20,KvK #15,KvK #15,2026-06-20T17:24:33.459Z,2026-06-20T17:24:33.459Z,190,186
7064,15,1393,1401,1401,1393,1401,1393,false,2026-06-20,KvK #15,KvK #15,2026-06-20T17:24:33.632Z,2026-06-20T17:24:33.632Z,190,187
7065,15,1394,1400,1394,1394,1394,1400,true,2026-06-20,KvK #15,KvK #15,2026-06-20T17:24:34.969Z,2026-06-20T17:24:34.969Z,189,188
7066,15,1397,1413,1397,1413,1397,1413,false,2026-06-20,KvK #15,KvK #15,2026-06-20T17:24:35.140Z,2026-06-20T17:24:35.140Z,188,184
7067,15,1398,1417,1417,1398,1417,1398,false,2026-06-20,KvK #15,KvK #15,2026-06-20T17:24:35.308Z,2026-06-20T17:24:35.308Z,188,182
7068,15,1399,1420,1399,1420,1399,1420,false,2026-06-20,KvK #15,KvK #15,2026-06-20T17:24:35.480Z,2026-06-20T17:24:35.480Z,188,181
7069,15,1402,1424,1424,1424,1424,1402,true,2026-06-20,KvK #15,KvK #15,2026-06-20T17:24:35.650Z,2026-06-20T17:24:35.650Z,187,180
7070,15,1407,1411,1411,1407,1411,1407,false,2026-06-20,KvK #15,KvK #15,2026-06-20T17:24:35.817Z,2026-06-20T17:24:35.817Z,185,184
7071,15,1409,1421,1421,1409,1421,1409,false,2026-06-20,KvK #15,KvK #15,2026-06-20T17:24:35.990Z,2026-06-20T17:24:35.990Z,185,181
7072,15,1412,1425,1425,1425,1425,1412,true,2026-06-20,KvK #15,KvK #15,2026-06-20T17:24:36.160Z,2026-06-20T17:24:36.160Z,184,180
7073,15,1414,1416,1416,1416,1416,1414,true,2026-06-20,KvK #15,KvK #15,2026-06-20T17:24:36.331Z,2026-06-20T17:24:36.331Z,183,182
7074,15,1418,1419,1419,1418,1419,1418,false,2026-06-20,KvK #15,KvK #15,2026-06-20T17:24:36.507Z,2026-06-20T17:24:36.507Z,181,181
7075,15,1427,1440,1427,1427,1427,1440,true,2026-06-20,KvK #15,KvK #15,2026-06-20T17:24:36.682Z,2026-06-20T17:24:36.682Z,179,176
7076,15,1428,1490,1428,1428,1428,1490,true,2026-06-20,KvK #15,KvK #15,2026-06-20T17:24:36.895Z,2026-06-20T17:24:36.895Z,179,167
7077,15,1429,1483,1483,1483,1483,1429,true,2026-06-20,KvK #15,KvK #15,2026-06-20T17:24:37.078Z,2026-06-20T17:24:37.078Z,179,169
7078,15,1430,1502,1502,1502,1502,1430,true,2026-06-20,KvK #15,KvK #15,2026-06-20T17:24:38.341Z,2026-06-20T17:24:38.341Z,179,166
7079,15,1431,1476,1476,1476,1476,1431,true,2026-06-20,KvK #15,KvK #15,2026-06-20T17:24:38.506Z,2026-06-20T17:24:38.506Z,178,170
7080,15,1432,1491,1432,1491,1432,1491,false,2026-06-20,KvK #15,KvK #15,2026-06-20T17:24:38.679Z,2026-06-20T17:24:38.679Z,178,167
7081,15,1433,1496,1433,1433,1433,1496,true,2026-06-20,KvK #15,KvK #15,2026-06-20T17:24:38.851Z,2026-06-20T17:24:38.851Z,178,167
7082,15,1434,1472,1434,1472,1434,1472,false,2026-06-20,KvK #15,KvK #15,2026-06-20T17:24:39.022Z,2026-06-20T17:24:39.022Z,177,170
7083,15,1435,1500,1500,1500,1500,1435,true,2026-06-20,KvK #15,KvK #15,2026-06-20T17:24:39.192Z,2026-06-20T17:24:39.192Z,177,166
7084,15,1436,1473,1473,1436,1473,1436,false,2026-06-20,KvK #15,KvK #15,2026-06-20T17:24:39.364Z,2026-06-20T17:24:39.364Z,177,170
7085,15,1437,1488,1488,1488,1488,1437,true,2026-06-20,KvK #15,KvK #15,2026-06-20T17:24:39.538Z,2026-06-20T17:24:39.538Z,177,168
7086,15,1438,1467,1467,1438,1467,1438,false,2026-06-20,KvK #15,KvK #15,2026-06-20T17:24:39.707Z,2026-06-20T17:24:39.707Z,177,171
7087,15,1439,1484,1439,1439,1439,1484,true,2026-06-20,KvK #15,KvK #15,2026-06-20T17:24:39.878Z,2026-06-20T17:24:39.878Z,176,168
7088,15,1441,1494,1494,1441,1494,1441,false,2026-06-20,KvK #15,KvK #15,2026-06-20T17:24:40.051Z,2026-06-20T17:24:40.051Z,176,167
7089,15,1442,1478,1478,1478,1478,1442,true,2026-06-20,KvK #15,KvK #15,2026-06-20T17:24:40.223Z,2026-06-20T17:24:40.223Z,176,169
7090,15,1443,1457,1457,1457,1457,1443,true,2026-06-20,KvK #15,KvK #15,2026-06-20T17:24:40.408Z,2026-06-20T17:24:40.408Z,175,173
7091,15,1444,1489,1444,1444,1444,1489,true,2026-06-20,KvK #15,KvK #15,2026-06-20T17:24:40.579Z,2026-06-20T17:24:40.579Z,175,168
7092,15,1445,1451,1451,1451,1451,1445,true,2026-06-20,KvK #15,KvK #15,2026-06-20T17:24:40.749Z,2026-06-20T17:24:40.749Z,175,174
7093,15,1446,1501,1501,1501,1501,1446,true,2026-06-20,KvK #15,KvK #15,2026-06-20T17:24:40.922Z,2026-06-20T17:24:40.922Z,175,166
7094,15,1447,1459,1447,1459,1447,1459,false,2026-06-20,KvK #15,KvK #15,2026-06-20T17:24:41.088Z,2026-06-20T17:24:41.088Z,174,172
7095,15,1448,1474,1474,1448,1474,1448,false,2026-06-20,KvK #15,KvK #15,2026-06-20T17:24:41.261Z,2026-06-20T17:24:41.261Z,174,170
7096,15,1449,1493,1493,1493,1493,1449,true,2026-06-20,KvK #15,KvK #15,2026-06-20T17:24:41.431Z,2026-06-20T17:24:41.431Z,174,167
7097,15,1450,1487,1487,1487,1487,1450,true,2026-06-20,KvK #15,KvK #15,2026-06-20T17:24:41.603Z,2026-06-20T17:24:41.603Z,174,168
7098,15,1452,1453,1452,1452,1452,1453,true,2026-06-20,KvK #15,KvK #15,2026-06-20T17:24:41.806Z,2026-06-20T17:24:41.806Z,174,173
7099,15,1454,1458,1458,1454,1458,1454,false,2026-06-20,KvK #15,KvK #15,2026-06-20T17:24:41.974Z,2026-06-20T17:24:41.974Z,173,173
7100,15,1455,1479,1455,1455,1455,1479,true,2026-06-20,KvK #15,KvK #15,2026-06-20T17:24:42.145Z,2026-06-20T17:24:42.145Z,173,169
7101,15,1456,1465,1465,1465,1465,1456,true,2026-06-20,KvK #15,KvK #15,2026-06-20T17:24:42.319Z,2026-06-20T17:24:42.319Z,173,172
7102,15,1460,1492,1492,1492,1492,1460,true,2026-06-20,KvK #15,KvK #15,2026-06-20T17:24:42.500Z,2026-06-20T17:24:42.500Z,172,167
7103,15,1461,1481,1461,1461,1461,1481,true,2026-06-20,KvK #15,KvK #15,2026-06-20T17:24:42.680Z,2026-06-20T17:24:42.680Z,172,169
7104,15,1462,1471,1471,1471,1471,1462,true,2026-06-20,KvK #15,KvK #15,2026-06-20T17:24:42.849Z,2026-06-20T17:24:42.849Z,172,171
7105,15,1463,1482,1482,1463,1482,1463,false,2026-06-20,KvK #15,KvK #15,2026-06-20T17:24:43.020Z,2026-06-20T17:24:43.020Z,172,169
7106,15,1464,1497,1497,1497,1497,1464,true,2026-06-20,KvK #15,KvK #15,2026-06-20T17:24:43.193Z,2026-06-20T17:24:43.193Z,172,166
7107,15,1466,1477,1477,1477,1477,1466,true,2026-06-20,KvK #15,KvK #15,2026-06-20T17:24:43.362Z,2026-06-20T17:24:43.362Z,171,170
7108,15,1468,1499,1468,1468,1468,1499,true,2026-06-20,KvK #15,KvK #15,2026-06-20T17:24:43.531Z,2026-06-20T17:24:43.531Z,171,166
7109,15,1469,1485,1485,1469,1485,1469,false,2026-06-20,KvK #15,KvK #15,2026-06-20T17:24:43.701Z,2026-06-20T17:24:43.701Z,171,168
7110,15,1470,1486,1470,1470,1470,1486,true,2026-06-20,KvK #15,KvK #15,2026-06-20T17:24:43.887Z,2026-06-20T17:24:43.887Z,171,168
7111,15,1475,1495,1495,1495,1495,1475,true,2026-06-20,KvK #15,KvK #15,2026-06-20T17:24:44.059Z,2026-06-20T17:24:44.059Z,170,167
7112,15,1480,1498,1480,1480,1480,1498,true,2026-06-20,KvK #15,KvK #15,2026-06-20T17:24:44.235Z,2026-06-20T17:24:44.235Z,169,166
7113,15,1503,1506,1506,1503,1506,1503,false,2026-06-20,KvK #15,KvK #15,2026-06-20T17:24:44.401Z,2026-06-20T17:24:44.401Z,165,165
7114,15,1504,1543,1543,1504,1543,1504,false,2026-06-20,KvK #15,KvK #15,2026-06-20T17:24:44.589Z,2026-06-20T17:24:44.589Z,165,155
7115,15,1505,1512,1512,1512,1512,1505,true,2026-06-20,KvK #15,KvK #15,2026-06-20T17:24:44.758Z,2026-06-20T17:24:44.758Z,165,163
7116,15,1507,1530,1507,1530,1507,1530,false,2026-06-20,KvK #15,KvK #15,2026-06-20T17:24:44.928Z,2026-06-20T17:24:44.928Z,165,159
7117,15,1508,1553,1508,1553,1508,1553,false,2026-06-20,KvK #15,KvK #15,2026-06-20T17:24:45.099Z,2026-06-20T17:24:45.099Z,164,153
7118,15,1509,1536,1536,1536,1536,1509,true,2026-06-20,KvK #15,KvK #15,2026-06-20T17:24:45.272Z,2026-06-20T17:24:45.272Z,164,157
7119,15,1510,1527,1510,1510,1510,1527,true,2026-06-20,KvK #15,KvK #15,2026-06-20T17:24:45.445Z,2026-06-20T17:24:45.445Z,164,159
7120,15,1511,1541,1511,1541,1511,1541,false,2026-06-20,KvK #15,KvK #15,2026-06-20T17:24:45.615Z,2026-06-20T17:24:45.615Z,164,156
7121,15,1513,1547,1547,1513,1547,1513,false,2026-06-20,KvK #15,KvK #15,2026-06-20T17:24:45.787Z,2026-06-20T17:24:45.787Z,163,154
7122,15,1514,1521,1521,1514,1521,1514,false,2026-06-20,KvK #15,KvK #15,2026-06-20T17:24:45.958Z,2026-06-20T17:24:45.958Z,163,161
7123,15,1515,1546,1515,1515,1515,1546,true,2026-06-20,KvK #15,KvK #15,2026-06-20T17:24:46.129Z,2026-06-20T17:24:46.129Z,163,155
7124,15,1516,1550,1550,1516,1550,1516,false,2026-06-20,KvK #15,KvK #15,2026-06-20T17:24:46.303Z,2026-06-20T17:24:46.303Z,163,153
7125,15,1517,1558,1558,1517,1558,1517,false,2026-06-20,KvK #15,KvK #15,2026-06-20T17:24:46.473Z,2026-06-20T17:24:46.473Z,162,152
7126,15,1518,1556,1556,1556,1556,1518,true,2026-06-20,KvK #15,KvK #15,2026-06-20T17:24:46.646Z,2026-06-20T17:24:46.646Z,162,152
7127,15,1519,1533,1519,1533,1519,1533,false,2026-06-20,KvK #15,KvK #15,2026-06-20T17:24:46.817Z,2026-06-20T17:24:46.817Z,161,158
7128,15,1520,1554,1554,1554,1554,1520,true,2026-06-20,KvK #15,KvK #15,2026-06-20T17:24:46.988Z,2026-06-20T17:24:46.988Z,161,153
7129,15,1522,1526,1526,1522,1526,1522,false,2026-06-20,KvK #15,KvK #15,2026-06-20T17:24:47.161Z,2026-06-20T17:24:47.161Z,160,160
7130,15,1523,1532,1532,1532,1532,1523,true,2026-06-20,KvK #15,KvK #15,2026-06-20T17:24:47.333Z,2026-06-20T17:24:47.333Z,160,158
7131,15,1524,1555,1555,1555,1555,1524,true,2026-06-20,KvK #15,KvK #15,2026-06-20T17:24:47.503Z,2026-06-20T17:24:47.503Z,160,152
7132,15,1525,1548,1525,1525,1525,1548,true,2026-06-20,KvK #15,KvK #15,2026-06-20T17:24:47.673Z,2026-06-20T17:24:47.673Z,160,154
7133,15,1528,1537,1537,1528,1537,1528,false,2026-06-20,KvK #15,KvK #15,2026-06-20T17:24:47.844Z,2026-06-20T17:24:47.844Z,159,157
7134,15,1529,1531,1529,1531,1529,1531,false,2026-06-20,KvK #15,KvK #15,2026-06-20T17:24:48.013Z,2026-06-20T17:24:48.013Z,159,159
7135,15,1534,1551,1551,1551,1551,1534,true,2026-06-20,KvK #15,KvK #15,2026-06-20T17:24:48.185Z,2026-06-20T17:24:48.185Z,158,153
7136,15,1535,1544,1535,1535,1535,1544,true,2026-06-20,KvK #15,KvK #15,2026-06-20T17:24:48.355Z,2026-06-20T17:24:48.355Z,158,155
7137,15,1538,1557,1557,1538,1557,1538,false,2026-06-20,KvK #15,KvK #15,2026-06-20T17:24:48.525Z,2026-06-20T17:24:48.525Z,157,152
7138,15,1539,1545,1539,1539,1539,1545,true,2026-06-20,KvK #15,KvK #15,2026-06-20T17:24:48.696Z,2026-06-20T17:24:48.696Z,156,155
7139,15,1540,1542,1540,1540,1540,1542,true,2026-06-20,KvK #15,KvK #15,2026-06-20T17:24:48.869Z,2026-06-20T17:24:48.869Z,156,155
7140,15,1549,1552,1549,1552,1549,1552,false,2026-06-20,KvK #15,KvK #15,2026-06-20T17:24:49.042Z,2026-06-20T17:24:49.042Z,154,153
7141,15,1559,1582,1559,1582,1559,1582,false,2026-06-20,KvK #15,KvK #15,2026-06-20T17:24:49.210Z,2026-06-20T17:24:49.210Z,151,146
7142,15,1560,1571,1571,1571,1571,1560,true,2026-06-20,KvK #15,KvK #15,2026-06-20T17:24:49.390Z,2026-06-20T17:24:49.390Z,151,149
7143,15,1561,1567,1561,1567,1561,1567,false,2026-06-20,KvK #15,KvK #15,2026-06-20T17:24:49.570Z,2026-06-20T17:24:49.570Z,151,149
7144,15,1562,1622,1622,1562,1622,1562,false,2026-06-20,KvK #15,KvK #15,2026-06-20T17:24:49.740Z,2026-06-20T17:24:49.740Z,151,139
7145,15,1563,1580,1580,1563,1580,1563,false,2026-06-20,KvK #15,KvK #15,2026-06-20T17:24:49.910Z,2026-06-20T17:24:49.910Z,150,147
7146,15,1564,1606,1606,1606,1606,1564,true,2026-06-20,KvK #15,KvK #15,2026-06-20T17:24:50.082Z,2026-06-20T17:24:50.082Z,150,142
7147,15,1565,1569,1565,1569,1565,1569,false,2026-06-20,KvK #15,KvK #15,2026-06-20T17:24:50.256Z,2026-06-20T17:24:50.256Z,150,149
7148,15,1566,1617,1566,1617,1566,1617,false,2026-06-20,KvK #15,KvK #15,2026-06-20T17:24:50.433Z,2026-06-20T17:24:50.433Z,150,140
7149,15,1568,1611,1611,1568,1611,1568,false,2026-06-20,KvK #15,KvK #15,2026-06-20T17:24:50.598Z,2026-06-20T17:24:50.598Z,149,141
7150,15,1570,1615,1570,1570,1570,1615,true,2026-06-20,KvK #15,KvK #15,2026-06-20T17:24:50.769Z,2026-06-20T17:24:50.769Z,149,140
7151,15,1572,1610,1572,1572,1572,1610,true,2026-06-20,KvK #15,KvK #15,2026-06-20T17:24:50.939Z,2026-06-20T17:24:50.939Z,148,141
7152,15,1573,1624,1624,1573,1624,1573,false,2026-06-20,KvK #15,KvK #15,2026-06-20T17:24:51.110Z,2026-06-20T17:24:51.110Z,148,138
7153,15,1574,1627,1627,1627,1627,1574,true,2026-06-20,KvK #15,KvK #15,2026-06-20T17:24:51.280Z,2026-06-20T17:24:51.280Z,148,138
7154,15,1575,1603,1575,1603,1575,1603,false,2026-06-20,KvK #15,KvK #15,2026-06-20T17:24:51.451Z,2026-06-20T17:24:51.451Z,148,143
7155,15,1576,1586,1576,1576,1576,1586,true,2026-06-20,KvK #15,KvK #15,2026-06-20T17:24:51.612Z,2026-06-20T17:24:51.612Z,147,146
7156,15,1577,1600,1600,1600,1600,1577,true,2026-06-20,KvK #15,KvK #15,2026-06-20T17:24:51.797Z,2026-06-20T17:24:51.797Z,147,143
7157,15,1579,1587,1587,1579,1587,1579,false,2026-06-20,KvK #15,KvK #15,2026-06-20T17:24:51.969Z,2026-06-20T17:24:51.969Z,147,146
7158,15,1581,1588,1588,1581,1588,1581,false,2026-06-20,KvK #15,KvK #15,2026-06-20T17:24:52.138Z,2026-06-20T17:24:52.138Z,146,145
7159,15,1583,1620,1583,1620,1583,1620,false,2026-06-20,KvK #15,KvK #15,2026-06-20T17:24:52.309Z,2026-06-20T17:24:52.309Z,146,139
7160,15,1584,1599,1584,1584,1584,1599,true,2026-06-20,KvK #15,KvK #15,2026-06-20T17:24:52.482Z,2026-06-20T17:24:52.482Z,146,144
7161,15,1585,1589,1585,1589,1585,1589,false,2026-06-20,KvK #15,KvK #15,2026-06-20T17:24:52.653Z,2026-06-20T17:24:52.653Z,146,145
7162,15,1590,1625,1625,1625,1625,1590,true,2026-06-20,KvK #15,KvK #15,2026-06-20T17:24:52.824Z,2026-06-20T17:24:52.824Z,145,138
7163,15,1591,1594,1591,1594,1591,1594,false,2026-06-20,KvK #15,KvK #15,2026-06-20T17:24:52.996Z,2026-06-20T17:24:52.996Z,145,145
7164,15,1592,1596,1592,1592,1592,1596,true,2026-06-20,KvK #15,KvK #15,2026-06-20T17:24:53.166Z,2026-06-20T17:24:53.166Z,145,144
7165,15,1593,1612,1612,1612,1612,1593,true,2026-06-20,KvK #15,KvK #15,2026-06-20T17:24:53.338Z,2026-06-20T17:24:53.338Z,145,141
7166,15,1595,1601,1601,1601,1601,1595,true,2026-06-20,KvK #15,KvK #15,2026-06-20T17:24:53.507Z,2026-06-20T17:24:53.507Z,144,143
7167,15,1597,1621,1621,1621,1621,1597,true,2026-06-20,KvK #15,KvK #15,2026-06-20T17:24:53.681Z,2026-06-20T17:24:53.681Z,144,139
7168,15,1598,1608,1598,1598,1598,1608,true,2026-06-20,KvK #15,KvK #15,2026-06-20T17:24:53.853Z,2026-06-20T17:24:53.853Z,144,142
7169,15,1602,1607,1607,1602,1607,1602,false,2026-06-20,KvK #15,KvK #15,2026-06-20T17:24:54.025Z,2026-06-20T17:24:54.025Z,143,142
7170,15,1604,1626,1626,1604,1626,1604,false,2026-06-20,KvK #15,KvK #15,2026-06-20T17:24:54.199Z,2026-06-20T17:24:54.199Z,143,138
7171,15,1605,1619,1619,1619,1619,1605,true,2026-06-20,KvK #15,KvK #15,2026-06-20T17:24:54.370Z,2026-06-20T17:24:54.370Z,142,139
7172,15,1609,1616,1616,1609,1616,1609,false,2026-06-20,KvK #15,KvK #15,2026-06-20T17:24:54.543Z,2026-06-20T17:24:54.543Z,141,140
7173,15,1613,1623,1623,1623,1623,1613,true,2026-06-20,KvK #15,KvK #15,2026-06-20T17:24:54.715Z,2026-06-20T17:24:54.715Z,141,138
7174,15,1614,1618,1614,1614,1614,1618,true,2026-06-20,KvK #15,KvK #15,2026-06-20T17:24:54.891Z,2026-06-20T17:24:54.891Z,140,139
7175,15,1628,1658,1628,1628,1628,1658,true,2026-06-20,KvK #15,KvK #15,2026-06-20T17:24:55.064Z,2026-06-20T17:24:55.064Z,137,131
7176,15,1629,1653,1629,1653,1629,1653,false,2026-06-20,KvK #15,KvK #15,2026-06-20T17:24:55.237Z,2026-06-20T17:24:55.237Z,137,132
7177,15,1630,1636,1636,1630,1636,1630,false,2026-06-20,KvK #15,KvK #15,2026-06-20T17:24:55.408Z,2026-06-20T17:24:55.408Z,137,136
7178,15,1631,1655,1655,1631,1655,1631,false,2026-06-20,KvK #15,KvK #15,2026-06-20T17:24:55.580Z,2026-06-20T17:24:55.580Z,137,131
7179,15,1632,1640,1632,1632,1632,1640,true,2026-06-20,KvK #15,KvK #15,2026-06-20T17:24:55.752Z,2026-06-20T17:24:55.752Z,137,135
7180,15,1633,1642,1633,1633,1633,1642,true,2026-06-20,KvK #15,KvK #15,2026-06-20T17:24:55.925Z,2026-06-20T17:24:55.925Z,136,134
7181,15,1634,1652,1634,1634,1634,1652,true,2026-06-20,KvK #15,KvK #15,2026-06-20T17:24:56.094Z,2026-06-20T17:24:56.094Z,136,132
7182,15,1635,1638,1635,1635,1635,1638,true,2026-06-20,KvK #15,KvK #15,2026-06-20T17:24:56.266Z,2026-06-20T17:24:56.266Z,136,135
7183,15,1637,1643,1637,1637,1637,1643,true,2026-06-20,KvK #15,KvK #15,2026-06-20T17:24:56.449Z,2026-06-20T17:24:56.449Z,135,134
7184,15,1639,1649,1649,1649,1649,1639,true,2026-06-20,KvK #15,KvK #15,2026-06-20T17:24:56.616Z,2026-06-20T17:24:56.616Z,135,133
7185,15,1641,1647,1647,1647,1647,1641,true,2026-06-20,KvK #15,KvK #15,2026-06-20T17:24:56.791Z,2026-06-20T17:24:56.791Z,135,133
7186,15,1644,1645,1645,1645,1645,1644,true,2026-06-20,KvK #15,KvK #15,2026-06-20T17:24:56.958Z,2026-06-20T17:24:56.958Z,134,134
7187,15,1646,1654,1654,1646,1654,1646,false,2026-06-20,KvK #15,KvK #15,2026-06-20T17:24:57.134Z,2026-06-20T17:24:57.134Z,134,132
7188,15,1648,1659,1648,1659,1648,1659,false,2026-06-20,KvK #15,KvK #15,2026-06-20T17:24:57.307Z,2026-06-20T17:24:57.307Z,133,131
7189,15,1650,1656,1650,1650,1650,1656,true,2026-06-20,KvK #15,KvK #15,2026-06-20T17:24:57.481Z,2026-06-20T17:24:57.481Z,132,131
7190,15,1651,1657,1657,1657,1657,1651,true,2026-06-20,KvK #15,KvK #15,2026-06-20T17:24:57.668Z,2026-06-20T17:24:57.668Z,132,131
7191,15,1660,1679,1660,1660,1660,1679,true,2026-06-20,KvK #15,KvK #15,2026-06-20T17:24:57.837Z,2026-06-20T17:24:57.837Z,130,125
7192,15,1661,1662,1662,1661,1662,1661,false,2026-06-20,KvK #15,KvK #15,2026-06-20T17:24:58.012Z,2026-06-20T17:24:58.012Z,130,130
7193,15,1663,1689,1663,1663,1663,1689,true,2026-06-20,KvK #15,KvK #15,2026-06-20T17:24:58.186Z,2026-06-20T17:24:58.186Z,130,124
7194,15,1664,1668,1664,1664,1664,1668,true,2026-06-20,KvK #15,KvK #15,2026-06-20T17:24:58.356Z,2026-06-20T17:24:58.356Z,129,128
7195,15,1665,1687,1665,1665,1665,1687,true,2026-06-20,KvK #15,KvK #15,2026-06-20T17:24:58.526Z,2026-06-20T17:24:58.526Z,129,124
7196,15,1666,1672,1666,1666,1666,1672,true,2026-06-20,KvK #15,KvK #15,2026-06-20T17:24:58.698Z,2026-06-20T17:24:58.698Z,129,127
7197,15,1667,1680,1680,1667,1680,1667,false,2026-06-20,KvK #15,KvK #15,2026-06-20T17:24:58.867Z,2026-06-20T17:24:58.867Z,128,125
7198,15,1669,1683,1669,1683,1669,1683,false,2026-06-20,KvK #15,KvK #15,2026-06-20T17:24:59.040Z,2026-06-20T17:24:59.040Z,128,125
7199,15,1670,1681,1670,1670,1670,1681,true,2026-06-20,KvK #15,KvK #15,2026-06-20T17:24:59.214Z,2026-06-20T17:24:59.214Z,128,125
7200,15,1671,1684,1671,1671,1671,1684,true,2026-06-20,KvK #15,KvK #15,2026-06-20T17:24:59.384Z,2026-06-20T17:24:59.384Z,128,125
7201,15,1673,1675,1675,1675,1675,1673,true,2026-06-20,KvK #15,KvK #15,2026-06-20T17:24:59.557Z,2026-06-20T17:24:59.557Z,127,126
7202,15,1674,1685,1674,1674,1674,1685,true,2026-06-20,KvK #15,KvK #15,2026-06-20T17:24:59.730Z,2026-06-20T17:24:59.730Z,127,124
7203,15,1676,1688,1688,1688,1688,1676,true,2026-06-20,KvK #15,KvK #15,2026-06-20T17:24:59.915Z,2026-06-20T17:24:59.915Z,126,124
7204,15,1677,1686,1686,1686,1686,1677,true,2026-06-20,KvK #15,KvK #15,2026-06-20T17:25:00.089Z,2026-06-20T17:25:00.089Z,126,124
7205,15,1678,1682,1678,1682,1678,1682,false,2026-06-20,KvK #15,KvK #15,2026-06-20T17:25:00.256Z,2026-06-20T17:25:00.256Z,126,125
7206,15,1690,1695,1690,1690,1690,1695,true,2026-06-20,KvK #15,KvK #15,2026-06-20T17:25:00.427Z,2026-06-20T17:25:00.427Z,123,122
7207,15,1691,1706,1691,1706,1691,1706,false,2026-06-20,KvK #15,KvK #15,2026-06-20T17:25:00.600Z,2026-06-20T17:25:00.600Z,123,120
7208,15,1692,1710,1692,1710,1692,1710,false,2026-06-20,KvK #15,KvK #15,2026-06-20T17:25:00.766Z,2026-06-20T17:25:00.766Z,123,120
7209,15,1693,1696,1693,1696,1693,1696,false,2026-06-20,KvK #15,KvK #15,2026-06-20T17:25:00.935Z,2026-06-20T17:25:00.935Z,123,122
7210,15,1694,1723,1694,1694,1694,1723,true,2026-06-20,KvK #15,KvK #15,2026-06-20T17:25:01.109Z,2026-06-20T17:25:01.109Z,123,118
7211,15,1697,1712,1712,1697,1712,1697,false,2026-06-20,KvK #15,KvK #15,2026-06-20T17:25:01.295Z,2026-06-20T17:25:01.295Z,122,119
7212,15,1698,1725,1725,1725,1725,1698,true,2026-06-20,KvK #15,KvK #15,2026-06-20T17:25:01.483Z,2026-06-20T17:25:01.483Z,122,117
7213,15,1699,1722,1722,1722,1722,1699,true,2026-06-20,KvK #15,KvK #15,2026-06-20T17:25:01.656Z,2026-06-20T17:25:01.656Z,122,118
7214,15,1700,1724,1724,1724,1724,1700,true,2026-06-20,KvK #15,KvK #15,2026-06-20T17:25:01.830Z,2026-06-20T17:25:01.830Z,121,117
7215,15,1701,1708,1701,1701,1701,1708,true,2026-06-20,KvK #15,KvK #15,2026-06-20T17:25:02.000Z,2026-06-20T17:25:02.000Z,121,120
7216,15,1702,1709,1709,1709,1709,1702,true,2026-06-20,KvK #15,KvK #15,2026-06-20T17:25:02.185Z,2026-06-20T17:25:02.185Z,121,120
7217,15,1703,1730,1730,1730,1730,1703,true,2026-06-20,KvK #15,KvK #15,2026-06-20T17:25:02.358Z,2026-06-20T17:25:02.358Z,121,117
7218,15,1704,1716,1716,1716,1716,1704,true,2026-06-20,KvK #15,KvK #15,2026-06-20T17:25:03.630Z,2026-06-20T17:25:03.630Z,121,119
7219,15,1705,1718,1718,1718,1718,1705,true,2026-06-20,KvK #15,KvK #15,2026-06-20T17:25:03.808Z,2026-06-20T17:25:03.808Z,121,118
7220,15,1707,1729,1707,1729,1707,1729,false,2026-06-20,KvK #15,KvK #15,2026-06-20T17:25:03.976Z,2026-06-20T17:25:03.976Z,120,117
7221,15,1711,1717,1717,1711,1717,1711,false,2026-06-20,KvK #15,KvK #15,2026-06-20T17:25:04.151Z,2026-06-20T17:25:04.151Z,120,118
7222,15,1713,1727,1713,1713,1713,1727,true,2026-06-20,KvK #15,KvK #15,2026-06-20T17:25:04.324Z,2026-06-20T17:25:04.324Z,119,117
7223,15,1714,1715,1714,1714,1714,1715,true,2026-06-20,KvK #15,KvK #15,2026-06-20T17:25:04.496Z,2026-06-20T17:25:04.496Z,119,119
7224,15,1719,1728,1719,1728,1719,1728,false,2026-06-20,KvK #15,KvK #15,2026-06-20T17:25:04.667Z,2026-06-20T17:25:04.667Z,118,117
7225,15,1721,1726,1721,1721,1721,1726,true,2026-06-20,KvK #15,KvK #15,2026-06-20T17:25:04.845Z,2026-06-20T17:25:04.845Z,118,117
7226,15,1731,1763,1763,1731,1763,1731,false,2026-06-20,KvK #15,KvK #15,2026-06-20T17:25:05.015Z,2026-06-20T17:25:05.015Z,116,110
7227,15,1732,1760,1732,1760,1732,1760,false,2026-06-20,KvK #15,KvK #15,2026-06-20T17:25:05.188Z,2026-06-20T17:25:05.188Z,116,111
7228,15,1733,1741,1741,1733,1741,1733,false,2026-06-20,KvK #15,KvK #15,2026-06-20T17:25:05.361Z,2026-06-20T17:25:05.361Z,116,115
7229,15,1734,1739,1734,1739,1734,1739,false,2026-06-20,KvK #15,KvK #15,2026-06-20T17:25:05.534Z,2026-06-20T17:25:05.534Z,116,115
7230,15,1735,1745,1735,1745,1735,1745,false,2026-06-20,KvK #15,KvK #15,2026-06-20T17:25:05.707Z,2026-06-20T17:25:05.707Z,116,114
7231,15,1736,1748,1736,1736,1736,1748,true,2026-06-20,KvK #15,KvK #15,2026-06-20T17:25:05.884Z,2026-06-20T17:25:05.884Z,115,113
7232,15,1737,1758,1758,1758,1758,1737,true,2026-06-20,KvK #15,KvK #15,2026-06-20T17:25:06.052Z,2026-06-20T17:25:06.052Z,115,111
7233,15,1738,1743,1743,1743,1743,1738,true,2026-06-20,KvK #15,KvK #15,2026-06-20T17:25:06.222Z,2026-06-20T17:25:06.222Z,115,114
7234,15,1740,1752,1752,1752,1752,1740,true,2026-06-20,KvK #15,KvK #15,2026-06-20T17:25:06.394Z,2026-06-20T17:25:06.394Z,115,112
7235,15,1742,1766,1766,1742,1766,1742,false,2026-06-20,KvK #15,KvK #15,2026-06-20T17:25:06.566Z,2026-06-20T17:25:06.566Z,114,110
7236,15,1744,1746,1744,1744,1744,1746,true,2026-06-20,KvK #15,KvK #15,2026-06-20T17:25:06.761Z,2026-06-20T17:25:06.761Z,114,114
7237,15,1747,1754,1747,1747,1747,1754,true,2026-06-20,KvK #15,KvK #15,2026-06-20T17:25:06.957Z,2026-06-20T17:25:06.957Z,113,112
7238,15,1749,1753,1753,1753,1753,1749,true,2026-06-20,KvK #15,KvK #15,2026-06-20T17:25:07.128Z,2026-06-20T17:25:07.128Z,113,112
7239,15,1750,1761,1761,1761,1761,1750,true,2026-06-20,KvK #15,KvK #15,2026-06-20T17:25:07.301Z,2026-06-20T17:25:07.301Z,113,111
7240,15,1751,1756,1756,1756,1756,1751,true,2026-06-20,KvK #15,KvK #15,2026-06-20T17:25:07.478Z,2026-06-20T17:25:07.478Z,113,111
7241,15,1755,1762,1762,1755,1762,1755,false,2026-06-20,KvK #15,KvK #15,2026-06-20T17:25:07.644Z,2026-06-20T17:25:07.644Z,112,110
7242,15,1757,1765,1765,1765,1765,1757,true,2026-06-20,KvK #15,KvK #15,2026-06-20T17:25:07.815Z,2026-06-20T17:25:07.815Z,111,110
7243,15,1759,1764,1759,1764,1759,1764,false,2026-06-20,KvK #15,KvK #15,2026-06-20T17:25:07.986Z,2026-06-20T17:25:07.986Z,111,110
7244,15,1767,1772,1767,1767,1767,1772,true,2026-06-20,KvK #15,KvK #15,2026-06-20T17:25:08.157Z,2026-06-20T17:25:08.157Z,109,108
7245,15,1768,1780,1768,1768,1768,1780,true,2026-06-20,KvK #15,KvK #15,2026-06-20T17:25:08.341Z,2026-06-20T17:25:08.341Z,109,106
7246,15,1769,1793,1793,1793,1793,1769,true,2026-06-20,KvK #15,KvK #15,2026-06-20T17:25:08.514Z,2026-06-20T17:25:08.514Z,109,103
7247,15,1770,1787,1787,1787,1787,1770,true,2026-06-20,KvK #15,KvK #15,2026-06-20T17:25:08.686Z,2026-06-20T17:25:08.686Z,109,104
7248,15,1771,1777,1777,1777,1777,1771,true,2026-06-20,KvK #15,KvK #15,2026-06-20T17:25:08.862Z,2026-06-20T17:25:08.862Z,108,107
7249,15,1773,1776,1776,1773,1776,1773,false,2026-06-20,KvK #15,KvK #15,2026-06-20T17:25:09.037Z,2026-06-20T17:25:09.037Z,108,107
7250,15,1774,1790,1774,1774,1774,1790,true,2026-06-20,KvK #15,KvK #15,2026-06-20T17:25:09.202Z,2026-06-20T17:25:09.202Z,108,104
7251,15,1775,1782,1775,1775,1775,1782,true,2026-06-20,KvK #15,KvK #15,2026-06-20T17:25:09.374Z,2026-06-20T17:25:09.374Z,108,106
7252,15,1778,1785,1785,1785,1785,1778,true,2026-06-20,KvK #15,KvK #15,2026-06-20T17:25:09.545Z,2026-06-20T17:25:09.545Z,107,105
7253,15,1779,1784,1779,1779,1779,1784,true,2026-06-20,KvK #15,KvK #15,2026-06-20T17:25:09.715Z,2026-06-20T17:25:09.715Z,107,105
7254,15,1781,1786,1786,1781,1786,1781,false,2026-06-20,KvK #15,KvK #15,2026-06-20T17:25:09.888Z,2026-06-20T17:25:09.888Z,106,105
7255,15,1783,1796,1796,1783,1796,1783,false,2026-06-20,KvK #15,KvK #15,2026-06-20T17:25:10.067Z,2026-06-20T17:25:10.067Z,105,103
7256,15,1788,1794,1794,1788,1794,1788,false,2026-06-20,KvK #15,KvK #15,2026-06-20T17:25:10.234Z,2026-06-20T17:25:10.234Z,104,103
7257,15,1789,1791,1791,1789,1791,1789,false,2026-06-20,KvK #15,KvK #15,2026-06-20T17:25:10.407Z,2026-06-20T17:25:10.407Z,104,104
7258,15,1792,1798,1792,1792,1792,1798,true,2026-06-20,KvK #15,KvK #15,2026-06-20T17:25:10.578Z,2026-06-20T17:25:10.578Z,104,102
7259,15,1795,1797,1797,1797,1797,1795,true,2026-06-20,KvK #15,KvK #15,2026-06-20T17:25:10.748Z,2026-06-20T17:25:10.748Z,103,103
7260,15,1799,1819,1799,1819,1799,1819,false,2026-06-20,KvK #15,KvK #15,2026-06-20T17:25:10.923Z,2026-06-20T17:25:10.923Z,102,97
7261,15,1800,1816,1800,1800,1800,1816,true,2026-06-20,KvK #15,KvK #15,2026-06-20T17:25:11.094Z,2026-06-20T17:25:11.094Z,102,98
7262,15,1801,1802,1802,1801,1802,1801,false,2026-06-20,KvK #15,KvK #15,2026-06-20T17:25:11.269Z,2026-06-20T17:25:11.269Z,102,101
7263,15,1803,1822,1803,1803,1803,1822,true,2026-06-20,KvK #15,KvK #15,2026-06-20T17:25:11.438Z,2026-06-20T17:25:11.438Z,101,96
7264,15,1804,1826,1826,1826,1826,1804,true,2026-06-20,KvK #15,KvK #15,2026-06-20T17:25:11.608Z,2026-06-20T17:25:11.608Z,101,96
7265,15,1805,1815,1805,1805,1805,1815,true,2026-06-20,KvK #15,KvK #15,2026-06-20T17:25:11.779Z,2026-06-20T17:25:11.779Z,101,98
7266,15,1806,1825,1806,1825,1806,1825,false,2026-06-20,KvK #15,KvK #15,2026-06-20T17:25:11.958Z,2026-06-20T17:25:11.958Z,101,96
7267,15,1807,1814,1807,1807,1807,1814,true,2026-06-20,KvK #15,KvK #15,2026-06-20T17:25:12.122Z,2026-06-20T17:25:12.122Z,100,99
7268,15,1808,1820,1820,1820,1820,1808,true,2026-06-20,KvK #15,KvK #15,2026-06-20T17:25:12.323Z,2026-06-20T17:25:12.323Z,100,97
7269,15,1809,1823,1823,1823,1823,1809,true,2026-06-20,KvK #15,KvK #15,2026-06-20T17:25:13.681Z,2026-06-20T17:25:13.681Z,100,96
7270,15,1810,1818,1810,1810,1810,1818,true,2026-06-20,KvK #15,KvK #15,2026-06-20T17:25:13.853Z,2026-06-20T17:25:13.853Z,100,97
7271,15,1811,1821,1811,1811,1811,1821,true,2026-06-20,KvK #15,KvK #15,2026-06-20T17:25:14.027Z,2026-06-20T17:25:14.027Z,99,97
7272,15,1812,1824,1824,1824,1824,1812,true,2026-06-20,KvK #15,KvK #15,2026-06-20T17:25:14.201Z,2026-06-20T17:25:14.201Z,99,96
7273,15,1813,1817,1817,1817,1817,1813,true,2026-06-20,KvK #15,KvK #15,2026-06-20T17:25:14.371Z,2026-06-20T17:25:14.371Z,99,98
7274,15,1827,1842,1827,1827,1827,1842,true,2026-06-20,KvK #15,KvK #15,2026-06-20T17:25:14.543Z,2026-06-20T17:25:14.543Z,95,91
7275,15,1828,1853,1828,1853,1828,1853,false,2026-06-20,KvK #15,KvK #15,2026-06-20T17:25:14.716Z,2026-06-20T17:25:14.716Z,95,89
7276,15,1829,1846,1846,1846,1846,1829,true,2026-06-20,KvK #15,KvK #15,2026-06-20T17:25:14.891Z,2026-06-20T17:25:14.891Z,95,90
7277,15,1830,1837,1830,1830,1830,1837,true,2026-06-20,KvK #15,KvK #15,2026-06-20T17:25:15.060Z,2026-06-20T17:25:15.060Z,94,93
7278,15,1831,1839,1831,1839,1831,1839,false,2026-06-20,KvK #15,KvK #15,2026-06-20T17:25:15.250Z,2026-06-20T17:25:15.250Z,94,92
7279,15,1832,1848,1848,1848,1848,1832,true,2026-06-20,KvK #15,KvK #15,2026-06-20T17:25:15.444Z,2026-06-20T17:25:15.444Z,94,90
7280,15,1833,1836,1836,1836,1836,1833,true,2026-06-20,KvK #15,KvK #15,2026-06-20T17:25:15.617Z,2026-06-20T17:25:15.617Z,94,93
7281,15,1834,1844,1844,1844,1844,1834,true,2026-06-20,KvK #15,KvK #15,2026-06-20T17:25:15.795Z,2026-06-20T17:25:15.795Z,93,91
7282,15,1835,1852,1852,1852,1852,1835,true,2026-06-20,KvK #15,KvK #15,2026-06-20T17:25:15.963Z,2026-06-20T17:25:15.963Z,93,89
7283,15,1838,1850,1838,1838,1838,1850,true,2026-06-20,KvK #15,KvK #15,2026-06-20T17:25:16.140Z,2026-06-20T17:25:16.140Z,92,89
7284,15,1840,1851,1851,1840,1851,1840,false,2026-06-20,KvK #15,KvK #15,2026-06-20T17:25:16.317Z,2026-06-20T17:25:16.317Z,92,89
7285,15,1841,1847,1841,1841,1841,1847,true,2026-06-20,KvK #15,KvK #15,2026-06-20T17:25:16.496Z,2026-06-20T17:25:16.496Z,91,90
7286,15,1843,1845,1843,1843,1843,1845,true,2026-06-20,KvK #15,KvK #15,2026-06-20T17:25:16.666Z,2026-06-20T17:25:16.666Z,91,90
7287,15,1854,1878,1878,1878,1878,1854,true,2026-06-20,KvK #15,KvK #15,2026-06-20T17:25:16.846Z,2026-06-20T17:25:16.846Z,88,83
7288,15,1855,1860,1860,1860,1860,1855,true,2026-06-20,KvK #15,KvK #15,2026-06-20T17:25:17.024Z,2026-06-20T17:25:17.024Z,88,87
7289,15,1856,1858,1856,1858,1856,1858,false,2026-06-20,KvK #15,KvK #15,2026-06-20T17:25:17.193Z,2026-06-20T17:25:17.193Z,88,87
7290,15,1857,1869,1869,1869,1869,1857,true,2026-06-20,KvK #15,KvK #15,2026-06-20T17:25:17.387Z,2026-06-20T17:25:17.387Z,88,85
7291,15,1859,1880,1880,1859,1880,1859,false,2026-06-20,KvK #15,KvK #15,2026-06-20T17:25:17.571Z,2026-06-20T17:25:17.571Z,87,82
7292,15,1861,1871,1861,1861,1861,1871,true,2026-06-20,KvK #15,KvK #15,2026-06-20T17:25:17.763Z,2026-06-20T17:25:17.763Z,87,84
7293,15,1862,1863,1863,1862,1863,1862,false,2026-06-20,KvK #15,KvK #15,2026-06-20T17:25:17.930Z,2026-06-20T17:25:17.930Z,86,86
7294,15,1864,1867,1867,1864,1867,1864,false,2026-06-20,KvK #15,KvK #15,2026-06-20T17:25:18.101Z,2026-06-20T17:25:18.101Z,86,85
7295,15,1865,1876,1876,1865,1876,1865,false,2026-06-20,KvK #15,KvK #15,2026-06-20T17:25:18.268Z,2026-06-20T17:25:18.268Z,86,83
7296,15,1866,1881,1881,1881,1881,1866,true,2026-06-20,KvK #15,KvK #15,2026-06-20T17:25:18.441Z,2026-06-20T17:25:18.441Z,86,82
7297,15,1868,1879,1879,1868,1879,1868,false,2026-06-20,KvK #15,KvK #15,2026-06-20T17:25:18.615Z,2026-06-20T17:25:18.615Z,85,83
7298,15,1870,1877,1877,1877,1877,1870,true,2026-06-20,KvK #15,KvK #15,2026-06-20T17:25:18.794Z,2026-06-20T17:25:18.794Z,85,83
7299,15,1872,1874,1874,1874,1874,1872,true,2026-06-20,KvK #15,KvK #15,2026-06-20T17:25:18.973Z,2026-06-20T17:25:18.973Z,84,84
7300,15,1873,1875,1873,1873,1873,1875,true,2026-06-20,KvK #15,KvK #15,2026-06-20T17:25:19.146Z,2026-06-20T17:25:19.146Z,84,83
7301,15,1882,1883,1883,1883,1883,1882,true,2026-06-20,KvK #15,KvK #15,2026-06-20T17:25:19.320Z,2026-06-20T17:25:19.320Z,82,82
7302,15,1884,1901,1901,1884,1901,1884,false,2026-06-20,KvK #15,KvK #15,2026-06-20T17:25:19.486Z,2026-06-20T17:25:19.486Z,81,77
7303,15,1885,1897,1885,1885,1885,1897,true,2026-06-20,KvK #15,KvK #15,2026-06-20T17:25:19.663Z,2026-06-20T17:25:19.663Z,81,77
7304,15,1886,1887,1886,1886,1886,1887,true,2026-06-20,KvK #15,KvK #15,2026-06-20T17:25:19.835Z,2026-06-20T17:25:19.835Z,81,80
7305,15,1889,1903,1903,1903,1903,1889,true,2026-06-20,KvK #15,KvK #15,2026-06-20T17:25:20.008Z,2026-06-20T17:25:20.008Z,80,76
7306,15,1890,1893,1890,1893,1890,1893,false,2026-06-20,KvK #15,KvK #15,2026-06-20T17:25:20.186Z,2026-06-20T17:25:20.186Z,80,79
7307,15,1891,1906,1906,1891,1906,1891,false,2026-06-20,KvK #15,KvK #15,2026-06-20T17:25:20.352Z,2026-06-20T17:25:20.352Z,79,75
7308,15,1892,1902,1902,1902,1902,1892,true,2026-06-20,KvK #15,KvK #15,2026-06-20T17:25:20.522Z,2026-06-20T17:25:20.522Z,79,76
7309,15,1894,1898,1894,1898,1894,1898,false,2026-06-20,KvK #15,KvK #15,2026-06-20T17:25:20.694Z,2026-06-20T17:25:20.694Z,78,77
7310,15,1895,1896,1895,1895,1895,1896,true,2026-06-20,KvK #15,KvK #15,2026-06-20T17:25:20.870Z,2026-06-20T17:25:20.870Z,78,78
7311,15,1899,1905,1905,1905,1905,1899,true,2026-06-20,KvK #15,KvK #15,2026-06-20T17:25:21.034Z,2026-06-20T17:25:21.034Z,77,76
7312,15,1900,1904,1904,1904,1904,1900,true,2026-06-20,KvK #15,KvK #15,2026-06-20T17:25:21.206Z,2026-06-20T17:25:21.206Z,77,76
7313,15,1907,1908,1907,1907,1907,1908,true,2026-06-20,KvK #15,KvK #15,2026-06-20T17:25:21.377Z,2026-06-20T17:25:21.377Z,75,75