kvk_id,season_id,kingdom_a,kingdom_b,prep_winner,castle_winner,attacker,defender,castle_captured,season_date,kvk_title,description,created_at,updated_at,kingdom_a_age_days,kingdom_b_age_days
5467,14,3,25,3,25,3,25,false,2026-05-23,KvK #14,KvK #14,2026-05-23T17:18:57.188Z,2026-05-23T17:18:57.188Z,450,433
5468,14,4,99,4,4,4,99,true,2026-05-23,KvK #14,KvK #14,2026-05-23T17:18:57.388Z,2026-05-23T17:18:57.388Z,449,409
5469,14,5,102,102,5,102,5,false,2026-05-23,KvK #14,KvK #14,2026-05-23T17:18:57.573Z,2026-05-23T17:18:57.573Z,448,408
5470,14,1,52,1,52,1,52,false,2026-05-23,KvK #14,KvK #14,2026-05-23T17:29:51.988Z,2026-05-23T17:29:51.988Z,453,423
5471,14,6,105,105,6,105,6,false,2026-05-23,KvK #14,KvK #14,2026-05-23T17:29:52.754Z,2026-05-23T17:29:52.754Z,447,407
5472,14,7,128,128,128,128,7,true,2026-05-23,KvK #14,KvK #14,2026-05-23T17:29:52.944Z,2026-05-23T17:29:52.944Z,446,401
5473,14,8,170,170,170,170,8,true,2026-05-23,KvK #14,KvK #14,2026-05-23T17:29:53.133Z,2026-05-23T17:29:53.133Z,445,391
5474,14,9,13,13,9,13,9,false,2026-05-23,KvK #14,KvK #14,2026-05-23T17:29:53.329Z,2026-05-23T17:29:53.329Z,444,440
5475,14,10,50,10,10,10,50,true,2026-05-23,KvK #14,KvK #14,2026-05-23T17:29:53.539Z,2026-05-23T17:29:53.539Z,443,424
5476,14,11,129,11,11,11,129,true,2026-05-23,KvK #14,KvK #14,2026-05-23T17:29:53.729Z,2026-05-23T17:29:53.729Z,442,401
5477,14,12,100,12,12,12,100,true,2026-05-23,KvK #14,KvK #14,2026-05-23T17:29:53.927Z,2026-05-23T17:29:53.927Z,441,409
5478,14,14,118,118,14,118,14,false,2026-05-23,KvK #14,KvK #14,2026-05-23T17:29:54.117Z,2026-05-23T17:29:54.117Z,439,404
5479,14,15,88,88,88,88,15,true,2026-05-23,KvK #14,KvK #14,2026-05-23T17:29:54.306Z,2026-05-23T17:29:54.306Z,438,412
5480,14,16,111,111,111,111,16,true,2026-05-23,KvK #14,KvK #14,2026-05-23T17:29:54.497Z,2026-05-23T17:29:54.497Z,437,405
5481,14,17,153,17,17,17,153,true,2026-05-23,KvK #14,KvK #14,2026-05-23T17:29:54.686Z,2026-05-23T17:29:54.686Z,436,396
5482,14,18,24,24,18,24,18,false,2026-05-23,KvK #14,KvK #14,2026-05-23T17:29:54.877Z,2026-05-23T17:29:54.877Z,435,433
5483,14,19,21,21,21,21,19,true,2026-05-23,KvK #14,KvK #14,2026-05-23T17:29:55.083Z,2026-05-23T17:29:55.083Z,434,434
5484,14,20,151,151,20,151,20,false,2026-05-23,KvK #14,KvK #14,2026-05-23T17:29:55.281Z,2026-05-23T17:29:55.281Z,434,396
5485,14,22,23,23,23,23,22,true,2026-05-23,KvK #14,KvK #14,2026-05-23T17:29:55.497Z,2026-05-23T17:29:55.497Z,433,433
5486,14,26,28,28,28,28,26,true,2026-05-23,KvK #14,KvK #14,2026-05-23T17:29:55.688Z,2026-05-23T17:29:55.688Z,432,431
5487,14,27,95,27,27,27,95,true,2026-05-23,KvK #14,KvK #14,2026-05-23T17:29:55.878Z,2026-05-23T17:29:55.878Z,432,410
5488,14,29,77,77,77,77,29,true,2026-05-23,KvK #14,KvK #14,2026-05-23T17:29:56.104Z,2026-05-23T17:29:56.104Z,431,415
5489,14,30,156,30,30,30,156,true,2026-05-23,KvK #14,KvK #14,2026-05-23T17:29:56.295Z,2026-05-23T17:29:56.295Z,431,395
5490,14,31,69,69,69,69,31,true,2026-05-23,KvK #14,KvK #14,2026-05-23T17:29:56.496Z,2026-05-23T17:29:56.496Z,429,418
5491,14,32,78,32,78,32,78,false,2026-05-23,KvK #14,KvK #14,2026-05-23T17:29:56.689Z,2026-05-23T17:29:56.689Z,430,415
5492,14,33,64,64,64,64,33,true,2026-05-23,KvK #14,KvK #14,2026-05-23T17:29:56.877Z,2026-05-23T17:29:56.877Z,429,419
5493,14,34,72,72,72,72,34,true,2026-05-23,KvK #14,KvK #14,2026-05-23T17:29:57.066Z,2026-05-23T17:29:57.066Z,429,417
5494,14,35,147,35,35,35,147,true,2026-05-23,KvK #14,KvK #14,2026-05-23T17:29:57.258Z,2026-05-23T17:29:57.258Z,428,397
5495,14,36,42,42,42,42,36,true,2026-05-23,KvK #14,KvK #14,2026-05-23T17:29:57.447Z,2026-05-23T17:29:57.447Z,428,426
5496,14,37,59,37,37,37,59,true,2026-05-23,KvK #14,KvK #14,2026-05-23T17:29:57.636Z,2026-05-23T17:29:57.636Z,427,421
5497,14,38,164,164,164,164,38,true,2026-05-23,KvK #14,KvK #14,2026-05-23T17:29:57.826Z,2026-05-23T17:29:57.826Z,426,393
5498,14,39,48,39,39,39,48,true,2026-05-23,KvK #14,KvK #14,2026-05-23T17:29:58.015Z,2026-05-23T17:29:58.015Z,427,425
5499,14,40,163,40,163,40,163,false,2026-05-23,KvK #14,KvK #14,2026-05-23T17:29:58.204Z,2026-05-23T17:29:58.204Z,427,393
5500,14,41,227,227,227,227,41,true,2026-05-23,KvK #14,KvK #14,2026-05-23T17:29:58.395Z,2026-05-23T17:29:58.395Z,427,378
5501,14,43,68,68,68,68,43,true,2026-05-23,KvK #14,KvK #14,2026-05-23T17:29:58.583Z,2026-05-23T17:29:58.583Z,426,418
5502,14,44,87,87,44,87,44,false,2026-05-23,KvK #14,KvK #14,2026-05-23T17:30:00.078Z,2026-05-23T17:30:00.078Z,426,412
5503,14,45,93,93,93,93,45,true,2026-05-23,KvK #14,KvK #14,2026-05-23T17:30:00.272Z,2026-05-23T17:30:00.272Z,426,411
5504,14,46,110,110,110,110,46,true,2026-05-23,KvK #14,KvK #14,2026-05-23T17:30:00.460Z,2026-05-23T17:30:00.460Z,425,405
5505,14,47,218,47,47,47,218,true,2026-05-23,KvK #14,KvK #14,2026-05-23T17:30:00.650Z,2026-05-23T17:30:00.650Z,425,381
5506,14,49,70,70,70,70,49,true,2026-05-23,KvK #14,KvK #14,2026-05-23T17:30:00.840Z,2026-05-23T17:30:00.840Z,424,418
5507,14,51,307,307,307,307,51,true,2026-05-23,KvK #14,KvK #14,2026-05-23T17:30:01.029Z,2026-05-23T17:30:01.029Z,424,362
5508,14,53,54,53,54,53,54,false,2026-05-23,KvK #14,KvK #14,2026-05-23T17:30:01.225Z,2026-05-23T17:30:01.225Z,423,423
5509,14,55,145,145,145,145,55,true,2026-05-23,KvK #14,KvK #14,2026-05-23T17:30:02.534Z,2026-05-23T17:30:02.534Z,421,397
5510,14,56,192,56,56,56,192,true,2026-05-23,KvK #14,KvK #14,2026-05-23T17:30:06.480Z,2026-05-23T17:30:06.480Z,422,386
5511,14,57,162,57,162,57,162,false,2026-05-23,KvK #14,KvK #14,2026-05-23T17:30:10.453Z,2026-05-23T17:30:10.453Z,421,394
5512,14,58,306,306,306,306,58,true,2026-05-23,KvK #14,KvK #14,2026-05-23T17:30:10.687Z,2026-05-23T17:30:10.687Z,421,363
5513,14,60,89,89,60,89,60,false,2026-05-23,KvK #14,KvK #14,2026-05-23T17:30:10.877Z,2026-05-23T17:30:10.877Z,420,412
5514,14,61,200,200,61,200,61,false,2026-05-23,KvK #14,KvK #14,2026-05-23T17:30:11.064Z,2026-05-23T17:30:11.064Z,420,384
5515,14,62,86,86,86,86,62,true,2026-05-23,KvK #14,KvK #14,2026-05-23T17:30:11.255Z,2026-05-23T17:30:11.255Z,420,412
5516,14,63,148,148,148,148,63,true,2026-05-23,KvK #14,KvK #14,2026-05-23T17:30:11.445Z,2026-05-23T17:30:11.445Z,420,397
5517,14,65,115,65,65,65,115,true,2026-05-23,KvK #14,KvK #14,2026-05-23T17:30:11.634Z,2026-05-23T17:30:11.634Z,419,405
5518,14,66,201,201,201,201,66,true,2026-05-23,KvK #14,KvK #14,2026-05-23T17:30:12.129Z,2026-05-23T17:30:12.129Z,419,384
5519,14,67,141,141,67,141,67,false,2026-05-23,KvK #14,KvK #14,2026-05-23T17:30:12.331Z,2026-05-23T17:30:12.331Z,419,398
5520,14,71,76,71,71,71,76,true,2026-05-23,KvK #14,KvK #14,2026-05-23T17:30:12.540Z,2026-05-23T17:30:12.540Z,417,415
5521,14,73,191,191,191,191,73,true,2026-05-23,KvK #14,KvK #14,2026-05-23T17:30:12.732Z,2026-05-23T17:30:12.732Z,417,387
5522,14,74,104,74,104,74,104,false,2026-05-23,KvK #14,KvK #14,2026-05-23T17:30:12.924Z,2026-05-23T17:30:12.924Z,416,407
5523,14,75,169,169,169,169,75,true,2026-05-23,KvK #14,KvK #14,2026-05-23T17:30:13.115Z,2026-05-23T17:30:13.115Z,416,392
5524,14,79,123,123,123,123,79,true,2026-05-23,KvK #14,KvK #14,2026-05-23T17:30:13.302Z,2026-05-23T17:30:13.302Z,414,402
5525,14,80,196,196,80,196,80,false,2026-05-23,KvK #14,KvK #14,2026-05-23T17:30:13.492Z,2026-05-23T17:30:13.492Z,413,386
5526,14,81,181,181,181,181,81,true,2026-05-23,KvK #14,KvK #14,2026-05-23T17:30:13.685Z,2026-05-23T17:30:13.685Z,414,389
5527,14,82,116,82,116,82,116,false,2026-05-23,KvK #14,KvK #14,2026-05-23T17:30:13.898Z,2026-05-23T17:30:13.898Z,413,404
5528,14,83,209,83,209,83,209,false,2026-05-23,KvK #14,KvK #14,2026-05-23T17:30:14.089Z,2026-05-23T17:30:14.089Z,413,383
5529,14,84,130,130,84,130,84,false,2026-05-23,KvK #14,KvK #14,2026-05-23T17:30:14.280Z,2026-05-23T17:30:14.280Z,413,400
5530,14,85,214,214,214,214,85,true,2026-05-23,KvK #14,KvK #14,2026-05-23T17:30:14.502Z,2026-05-23T17:30:14.502Z,413,382
5531,14,90,161,161,90,161,90,false,2026-05-23,KvK #14,KvK #14,2026-05-23T17:30:14.694Z,2026-05-23T17:30:14.694Z,411,394
5532,14,91,107,91,91,91,107,true,2026-05-23,KvK #14,KvK #14,2026-05-23T17:30:14.882Z,2026-05-23T17:30:14.882Z,411,406
5533,14,92,258,258,258,258,92,true,2026-05-23,KvK #14,KvK #14,2026-05-23T17:30:15.076Z,2026-05-23T17:30:15.076Z,411,371
5534,14,94,177,177,177,177,94,true,2026-05-23,KvK #14,KvK #14,2026-05-23T17:30:15.266Z,2026-05-23T17:30:15.266Z,410,390
5535,14,96,243,243,96,243,96,false,2026-05-23,KvK #14,KvK #14,2026-05-23T17:30:15.460Z,2026-05-23T17:30:15.460Z,410,374
5536,14,97,193,193,193,193,97,true,2026-05-23,KvK #14,KvK #14,2026-05-23T17:30:15.652Z,2026-05-23T17:30:15.652Z,410,386
5537,14,98,113,98,98,98,113,true,2026-05-23,KvK #14,KvK #14,2026-05-23T17:30:15.841Z,2026-05-23T17:30:15.841Z,409,405
5538,14,101,220,220,220,220,101,true,2026-05-23,KvK #14,KvK #14,2026-05-23T17:30:16.034Z,2026-05-23T17:30:16.034Z,408,380
5539,14,103,290,290,290,290,103,true,2026-05-23,KvK #14,KvK #14,2026-05-23T17:30:16.227Z,2026-05-23T17:30:16.227Z,407,365
5540,14,106,244,244,244,244,106,true,2026-05-23,KvK #14,KvK #14,2026-05-23T17:30:16.417Z,2026-05-23T17:30:16.417Z,407,374
5541,14,108,167,167,108,167,108,false,2026-05-23,KvK #14,KvK #14,2026-05-23T17:30:16.606Z,2026-05-23T17:30:16.606Z,406,392
5542,14,109,242,242,109,242,109,false,2026-05-23,KvK #14,KvK #14,2026-05-23T17:30:16.794Z,2026-05-23T17:30:16.794Z,406,375
5543,14,112,175,175,112,175,112,false,2026-05-23,KvK #14,KvK #14,2026-05-23T17:30:16.983Z,2026-05-23T17:30:16.983Z,405,391
5544,14,114,119,114,114,114,119,true,2026-05-23,KvK #14,KvK #14,2026-05-23T17:30:17.172Z,2026-05-23T17:30:17.172Z,405,404
5545,14,117,195,117,117,117,195,true,2026-05-23,KvK #14,KvK #14,2026-05-23T17:30:17.361Z,2026-05-23T17:30:17.361Z,404,386
5546,14,120,275,275,120,275,120,false,2026-05-23,KvK #14,KvK #14,2026-05-23T17:30:17.551Z,2026-05-23T17:30:17.551Z,403,368
5547,14,121,293,293,121,293,121,false,2026-05-23,KvK #14,KvK #14,2026-05-23T17:30:17.739Z,2026-05-23T17:30:17.739Z,403,365
5548,14,122,194,194,194,194,122,true,2026-05-23,KvK #14,KvK #14,2026-05-23T17:30:17.927Z,2026-05-23T17:30:17.927Z,403,386
5549,14,124,224,124,124,124,224,true,2026-05-23,KvK #14,KvK #14,2026-05-23T17:30:18.116Z,2026-05-23T17:30:18.116Z,402,379
5550,14,125,267,125,267,125,267,false,2026-05-23,KvK #14,KvK #14,2026-05-23T17:30:18.325Z,2026-05-23T17:30:18.325Z,402,370
5551,14,126,282,282,282,282,126,true,2026-05-23,KvK #14,KvK #14,2026-05-23T17:30:18.514Z,2026-05-23T17:30:18.514Z,402,367
5552,14,127,236,127,127,127,236,true,2026-05-23,KvK #14,KvK #14,2026-05-23T17:30:19.005Z,2026-05-23T17:30:19.005Z,401,376
5553,14,131,249,249,131,249,131,false,2026-05-23,KvK #14,KvK #14,2026-05-23T17:30:19.196Z,2026-05-23T17:30:19.196Z,400,373
5554,14,132,278,278,132,278,132,false,2026-05-23,KvK #14,KvK #14,2026-05-23T17:30:19.388Z,2026-05-23T17:30:19.388Z,400,368
5555,14,133,265,265,265,265,133,true,2026-05-23,KvK #14,KvK #14,2026-05-23T17:30:19.578Z,2026-05-23T17:30:19.578Z,400,370
5556,14,134,186,134,134,134,186,true,2026-05-23,KvK #14,KvK #14,2026-05-23T17:30:19.768Z,2026-05-23T17:30:19.768Z,399,388
5557,14,135,232,232,232,232,135,true,2026-05-23,KvK #14,KvK #14,2026-05-23T17:30:19.957Z,2026-05-23T17:30:19.957Z,399,377
5558,14,136,271,271,271,271,136,true,2026-05-23,KvK #14,KvK #14,2026-05-23T17:30:20.173Z,2026-05-23T17:30:20.173Z,399,369
5559,14,137,250,250,250,250,137,true,2026-05-23,KvK #14,KvK #14,2026-05-23T17:30:20.362Z,2026-05-23T17:30:20.362Z,399,373
5560,14,138,222,222,138,222,138,false,2026-05-23,KvK #14,KvK #14,2026-05-23T17:30:20.572Z,2026-05-23T17:30:20.572Z,399,379
5561,14,139,143,143,143,143,139,true,2026-05-23,KvK #14,KvK #14,2026-05-23T17:30:20.762Z,2026-05-23T17:30:20.762Z,398,398
5562,14,140,301,140,301,140,301,false,2026-05-23,KvK #14,KvK #14,2026-05-23T17:30:20.953Z,2026-05-23T17:30:20.953Z,398,364
5563,14,142,302,302,302,302,142,true,2026-05-23,KvK #14,KvK #14,2026-05-23T17:30:21.140Z,2026-05-23T17:30:21.140Z,398,363
5564,14,144,303,144,303,144,303,false,2026-05-23,KvK #14,KvK #14,2026-05-23T17:30:21.328Z,2026-05-23T17:30:21.328Z,398,363
5565,14,146,182,146,146,146,182,true,2026-05-23,KvK #14,KvK #14,2026-05-23T17:30:21.518Z,2026-05-23T17:30:21.518Z,397,389
5566,14,149,202,202,202,202,149,true,2026-05-23,KvK #14,KvK #14,2026-05-23T17:30:21.705Z,2026-05-23T17:30:21.705Z,397,384
5567,14,150,241,241,241,241,150,true,2026-05-23,KvK #14,KvK #14,2026-05-23T17:30:21.898Z,2026-05-23T17:30:21.898Z,396,375
5568,14,152,223,152,152,152,223,true,2026-05-23,KvK #14,KvK #14,2026-05-23T17:30:22.089Z,2026-05-23T17:30:22.089Z,396,379
5569,14,154,212,154,154,154,212,true,2026-05-23,KvK #14,KvK #14,2026-05-23T17:30:22.279Z,2026-05-23T17:30:22.279Z,396,382
5570,14,155,308,308,308,308,155,true,2026-05-23,KvK #14,KvK #14,2026-05-23T17:30:22.469Z,2026-05-23T17:30:22.469Z,395,363
5571,14,157,286,286,286,286,157,true,2026-05-23,KvK #14,KvK #14,2026-05-23T17:30:22.661Z,2026-05-23T17:30:22.661Z,395,366
5572,14,158,197,197,158,197,158,false,2026-05-23,KvK #14,KvK #14,2026-05-23T17:30:22.855Z,2026-05-23T17:30:22.855Z,395,385
5573,14,159,295,295,295,295,159,true,2026-05-23,KvK #14,KvK #14,2026-05-23T17:30:23.044Z,2026-05-23T17:30:23.044Z,394,364
5574,14,160,176,176,176,176,160,true,2026-05-23,KvK #14,KvK #14,2026-05-23T17:30:23.231Z,2026-05-23T17:30:23.231Z,394,390
5575,14,165,294,294,294,294,165,true,2026-05-23,KvK #14,KvK #14,2026-05-23T17:30:23.420Z,2026-05-23T17:30:23.420Z,393,365
5576,14,166,210,210,210,210,166,true,2026-05-23,KvK #14,KvK #14,2026-05-23T17:30:23.609Z,2026-05-23T17:30:23.609Z,392,383
5577,14,168,180,180,180,180,168,true,2026-05-23,KvK #14,KvK #14,2026-05-23T17:30:23.807Z,2026-05-23T17:30:23.807Z,392,389
5578,14,171,213,171,171,171,213,true,2026-05-23,KvK #14,KvK #14,2026-05-23T17:30:23.998Z,2026-05-23T17:30:23.998Z,391,382
5579,14,172,231,172,172,172,231,true,2026-05-23,KvK #14,KvK #14,2026-05-23T17:30:24.188Z,2026-05-23T17:30:24.188Z,391,378
5580,14,173,276,276,276,276,173,true,2026-05-23,KvK #14,KvK #14,2026-05-23T17:30:24.376Z,2026-05-23T17:30:24.376Z,391,368
5581,14,174,217,217,174,217,174,false,2026-05-23,KvK #14,KvK #14,2026-05-23T17:30:24.566Z,2026-05-23T17:30:24.566Z,391,381
5582,14,178,252,178,178,178,252,true,2026-05-23,KvK #14,KvK #14,2026-05-23T17:30:24.757Z,2026-05-23T17:30:24.757Z,390,373
5583,14,179,263,263,179,263,179,false,2026-05-23,KvK #14,KvK #14,2026-05-23T17:30:24.946Z,2026-05-23T17:30:24.946Z,390,370
5584,14,183,251,251,183,251,183,false,2026-05-23,KvK #14,KvK #14,2026-05-23T17:30:25.133Z,2026-05-23T17:30:25.133Z,389,373
5585,14,184,205,205,184,205,184,false,2026-05-23,KvK #14,KvK #14,2026-05-23T17:30:25.321Z,2026-05-23T17:30:25.321Z,387,384
5586,14,185,291,185,185,185,291,true,2026-05-23,KvK #14,KvK #14,2026-05-23T17:30:25.518Z,2026-05-23T17:30:25.518Z,387,365
5587,14,187,268,187,187,187,268,true,2026-05-23,KvK #14,KvK #14,2026-05-23T17:30:25.707Z,2026-05-23T17:30:25.707Z,388,370
5588,14,188,207,207,207,207,188,true,2026-05-23,KvK #14,KvK #14,2026-05-23T17:30:25.897Z,2026-05-23T17:30:25.897Z,387,383
5589,14,189,272,272,272,272,189,true,2026-05-23,KvK #14,KvK #14,2026-05-23T17:30:26.094Z,2026-05-23T17:30:26.094Z,387,369
5590,14,190,283,283,190,283,190,false,2026-05-23,KvK #14,KvK #14,2026-05-23T17:30:26.282Z,2026-05-23T17:30:26.282Z,387,367
5591,14,198,304,304,304,304,198,true,2026-05-23,KvK #14,KvK #14,2026-05-23T17:30:26.477Z,2026-05-23T17:30:26.477Z,384,363
5592,14,199,240,240,240,240,199,true,2026-05-23,KvK #14,KvK #14,2026-05-23T17:30:26.666Z,2026-05-23T17:30:26.666Z,385,375
5593,14,203,270,203,203,203,270,true,2026-05-23,KvK #14,KvK #14,2026-05-23T17:30:26.875Z,2026-05-23T17:30:26.875Z,384,369
5594,14,204,239,239,204,239,204,false,2026-05-23,KvK #14,KvK #14,2026-05-23T17:30:27.075Z,2026-05-23T17:30:27.075Z,384,376
5595,14,206,237,237,206,237,206,false,2026-05-23,KvK #14,KvK #14,2026-05-23T17:30:27.263Z,2026-05-23T17:30:27.263Z,383,375
5596,14,208,261,208,261,208,261,false,2026-05-23,KvK #14,KvK #14,2026-05-23T17:30:27.456Z,2026-05-23T17:30:27.456Z,383,371
5597,14,211,246,246,246,246,211,true,2026-05-23,KvK #14,KvK #14,2026-05-23T17:30:27.645Z,2026-05-23T17:30:27.645Z,381,374
5598,14,215,253,253,215,253,215,false,2026-05-23,KvK #14,KvK #14,2026-05-23T17:30:27.840Z,2026-05-23T17:30:27.840Z,382,373
5599,14,216,289,216,289,216,289,false,2026-05-23,KvK #14,KvK #14,2026-05-23T17:30:28.029Z,2026-05-23T17:30:28.029Z,381,365
5600,14,219,259,259,259,259,219,true,2026-05-23,KvK #14,KvK #14,2026-05-23T17:30:28.218Z,2026-05-23T17:30:28.218Z,379,371
5601,14,221,260,260,221,260,221,false,2026-05-23,KvK #14,KvK #14,2026-05-23T17:30:28.406Z,2026-05-23T17:30:28.406Z,380,371
5602,14,225,235,235,235,235,225,true,2026-05-23,KvK #14,KvK #14,2026-05-23T17:30:28.625Z,2026-05-23T17:30:28.625Z,379,377
5603,14,226,296,296,296,296,226,true,2026-05-23,KvK #14,KvK #14,2026-05-23T17:30:28.815Z,2026-05-23T17:30:28.815Z,377,364
5604,14,228,279,228,279,228,279,false,2026-05-23,KvK #14,KvK #14,2026-05-23T17:30:29.005Z,2026-05-23T17:30:29.005Z,378,367
5605,14,229,257,229,257,229,257,false,2026-05-23,KvK #14,KvK #14,2026-05-23T17:30:29.214Z,2026-05-23T17:30:29.214Z,378,372
5606,14,230,273,273,230,273,230,false,2026-05-23,KvK #14,KvK #14,2026-05-23T17:30:29.406Z,2026-05-23T17:30:29.406Z,378,369
5607,14,233,254,233,254,233,254,false,2026-05-23,KvK #14,KvK #14,2026-05-23T17:30:29.596Z,2026-05-23T17:30:29.596Z,377,372
5608,14,234,255,234,255,234,255,false,2026-05-23,KvK #14,KvK #14,2026-05-23T17:30:29.784Z,2026-05-23T17:30:29.784Z,377,372
5609,14,238,256,238,238,238,256,true,2026-05-23,KvK #14,KvK #14,2026-05-23T17:30:29.975Z,2026-05-23T17:30:29.975Z,376,372
5610,14,245,247,245,245,245,247,true,2026-05-23,KvK #14,KvK #14,2026-05-23T17:30:30.164Z,2026-05-23T17:30:30.164Z,374,374
5611,14,248,269,269,248,269,248,false,2026-05-23,KvK #14,KvK #14,2026-05-23T17:30:30.389Z,2026-05-23T17:30:30.389Z,374,369
5612,14,262,284,262,284,262,284,false,2026-05-23,KvK #14,KvK #14,2026-05-23T17:30:30.577Z,2026-05-23T17:30:30.577Z,370,366
5613,14,264,292,292,292,292,264,true,2026-05-23,KvK #14,KvK #14,2026-05-23T17:30:30.767Z,2026-05-23T17:30:30.767Z,370,365
5614,14,266,281,281,281,281,266,true,2026-05-23,KvK #14,KvK #14,2026-05-23T17:30:30.956Z,2026-05-23T17:30:30.956Z,370,367
5615,14,274,277,277,274,277,274,false,2026-05-23,KvK #14,KvK #14,2026-05-23T17:30:31.145Z,2026-05-23T17:30:31.145Z,368,368
5616,14,280,305,305,280,305,280,false,2026-05-23,KvK #14,KvK #14,2026-05-23T17:30:31.336Z,2026-05-23T17:30:31.336Z,367,363
5617,14,285,309,309,309,309,285,true,2026-05-23,KvK #14,KvK #14,2026-05-23T17:30:31.526Z,2026-05-23T17:30:31.526Z,366,363
5618,14,287,299,287,299,287,299,false,2026-05-23,KvK #14,KvK #14,2026-05-23T17:30:31.715Z,2026-05-23T17:30:31.715Z,366,364
5619,14,288,297,297,297,297,288,true,2026-05-23,KvK #14,KvK #14,2026-05-23T17:30:31.903Z,2026-05-23T17:30:31.903Z,366,363
5620,14,298,300,300,300,300,298,true,2026-05-23,KvK #14,KvK #14,2026-05-23T17:30:32.095Z,2026-05-23T17:30:32.095Z,364,364
5621,14,310,478,478,478,478,310,true,2026-05-23,KvK #14,KvK #14,2026-05-23T17:30:32.283Z,2026-05-23T17:30:32.283Z,362,339
5622,14,311,441,441,441,441,311,true,2026-05-23,KvK #14,KvK #14,2026-05-23T17:30:32.483Z,2026-05-23T17:30:32.483Z,362,345
5623,14,312,425,312,312,312,425,true,2026-05-23,KvK #14,KvK #14,2026-05-23T17:30:32.686Z,2026-05-23T17:30:32.686Z,362,347
5624,14,313,444,444,444,444,313,true,2026-05-23,KvK #14,KvK #14,2026-05-23T17:30:32.875Z,2026-05-23T17:30:32.875Z,362,344
5625,14,314,439,314,314,314,439,true,2026-05-23,KvK #14,KvK #14,2026-05-23T17:30:33.066Z,2026-05-23T17:30:33.066Z,362,345
5626,14,315,397,397,315,397,315,false,2026-05-23,KvK #14,KvK #14,2026-05-23T17:30:33.258Z,2026-05-23T17:30:33.258Z,362,351
5627,14,316,469,469,469,469,316,true,2026-05-23,KvK #14,KvK #14,2026-05-23T17:30:33.446Z,2026-05-23T17:30:33.446Z,362,339
5628,14,317,406,317,317,317,406,true,2026-05-23,KvK #14,KvK #14,2026-05-23T17:30:33.662Z,2026-05-23T17:30:33.662Z,362,350
5629,14,318,330,330,318,330,318,false,2026-05-23,KvK #14,KvK #14,2026-05-23T17:30:33.868Z,2026-05-23T17:30:33.868Z,361,360
5630,14,319,427,427,427,427,319,true,2026-05-23,KvK #14,KvK #14,2026-05-23T17:30:34.067Z,2026-05-23T17:30:34.067Z,361,347
5631,14,320,347,347,320,347,320,false,2026-05-23,KvK #14,KvK #14,2026-05-23T17:30:34.257Z,2026-05-23T17:30:34.257Z,361,358
5632,14,321,460,460,321,460,321,false,2026-05-23,KvK #14,KvK #14,2026-05-23T17:30:34.445Z,2026-05-23T17:30:34.445Z,361,342
5633,14,322,375,322,322,322,375,true,2026-05-23,KvK #14,KvK #14,2026-05-23T17:30:34.634Z,2026-05-23T17:30:34.634Z,361,354
5634,14,323,360,323,360,323,360,false,2026-05-23,KvK #14,KvK #14,2026-05-23T17:30:34.822Z,2026-05-23T17:30:34.822Z,361,356
5635,14,324,396,396,324,396,324,false,2026-05-23,KvK #14,KvK #14,2026-05-23T17:30:35.016Z,2026-05-23T17:30:35.016Z,361,351
5636,14,325,326,325,325,325,326,true,2026-05-23,KvK #14,KvK #14,2026-05-23T17:30:35.207Z,2026-05-23T17:30:35.207Z,360,360
5637,14,327,332,332,332,332,327,true,2026-05-23,KvK #14,KvK #14,2026-05-23T17:30:35.397Z,2026-05-23T17:30:35.397Z,360,360
5638,14,328,415,415,328,415,328,false,2026-05-23,KvK #14,KvK #14,2026-05-23T17:30:35.586Z,2026-05-23T17:30:35.586Z,360,348
5639,14,329,494,494,494,494,329,true,2026-05-23,KvK #14,KvK #14,2026-05-23T17:30:35.799Z,2026-05-23T17:30:35.799Z,360,336
5640,14,331,412,412,412,412,331,true,2026-05-23,KvK #14,KvK #14,2026-05-23T17:30:35.988Z,2026-05-23T17:30:35.988Z,360,349
5641,14,333,371,371,371,371,333,true,2026-05-23,KvK #14,KvK #14,2026-05-23T17:30:36.179Z,2026-05-23T17:30:36.179Z,359,354
5642,14,334,445,445,334,445,334,false,2026-05-23,KvK #14,KvK #14,2026-05-23T17:30:36.368Z,2026-05-23T17:30:36.368Z,359,344
5643,14,335,499,335,335,335,499,true,2026-05-23,KvK #14,KvK #14,2026-05-23T17:30:36.560Z,2026-05-23T17:30:36.560Z,359,335
5644,14,336,383,383,336,383,336,false,2026-05-23,KvK #14,KvK #14,2026-05-23T17:30:36.769Z,2026-05-23T17:30:36.769Z,359,353
5645,14,337,419,419,419,419,337,true,2026-05-23,KvK #14,KvK #14,2026-05-23T17:30:36.957Z,2026-05-23T17:30:36.957Z,359,348
5646,14,338,342,342,342,342,338,true,2026-05-23,KvK #14,KvK #14,2026-05-23T17:30:37.151Z,2026-05-23T17:30:37.151Z,359,358
5647,14,339,359,359,339,359,339,false,2026-05-23,KvK #14,KvK #14,2026-05-23T17:30:37.340Z,2026-05-23T17:30:37.340Z,359,356
5648,14,340,388,340,388,340,388,false,2026-05-23,KvK #14,KvK #14,2026-05-23T17:30:37.527Z,2026-05-23T17:30:37.527Z,358,352
5649,14,341,364,364,341,364,341,false,2026-05-23,KvK #14,KvK #14,2026-05-23T17:30:37.716Z,2026-05-23T17:30:37.716Z,358,356
5650,14,343,451,451,451,451,343,true,2026-05-23,KvK #14,KvK #14,2026-05-23T17:30:37.905Z,2026-05-23T17:30:37.905Z,358,343
5651,14,344,372,372,344,372,344,false,2026-05-23,KvK #14,KvK #14,2026-05-23T17:30:38.094Z,2026-05-23T17:30:38.094Z,358,354
5652,14,345,458,345,458,345,458,false,2026-05-23,KvK #14,KvK #14,2026-05-23T17:30:38.296Z,2026-05-23T17:30:38.296Z,358,342
5653,14,346,369,369,346,369,346,false,2026-05-23,KvK #14,KvK #14,2026-05-23T17:30:38.487Z,2026-05-23T17:30:38.487Z,358,355
5654,14,348,389,389,389,389,348,true,2026-05-23,KvK #14,KvK #14,2026-05-23T17:30:38.674Z,2026-05-23T17:30:38.674Z,357,352
5655,14,349,436,436,349,436,349,false,2026-05-23,KvK #14,KvK #14,2026-05-23T17:30:39.164Z,2026-05-23T17:30:39.164Z,357,346
5656,14,350,434,434,350,434,350,false,2026-05-23,KvK #14,KvK #14,2026-05-23T17:30:39.354Z,2026-05-23T17:30:39.354Z,357,346
5657,14,351,363,351,351,351,363,true,2026-05-23,KvK #14,KvK #14,2026-05-23T17:30:39.542Z,2026-05-23T17:30:39.542Z,357,356
5658,14,352,503,503,352,503,352,false,2026-05-23,KvK #14,KvK #14,2026-05-23T17:30:39.732Z,2026-05-23T17:30:39.732Z,357,335
5659,14,353,430,430,430,430,353,true,2026-05-23,KvK #14,KvK #14,2026-05-23T17:30:39.920Z,2026-05-23T17:30:39.920Z,357,347
5660,14,354,401,401,401,401,354,true,2026-05-23,KvK #14,KvK #14,2026-05-23T17:30:40.107Z,2026-05-23T17:30:40.107Z,357,351
5661,14,355,492,492,355,492,355,false,2026-05-23,KvK #14,KvK #14,2026-05-23T17:30:40.297Z,2026-05-23T17:30:40.297Z,357,336
5662,14,356,367,356,356,356,367,true,2026-05-23,KvK #14,KvK #14,2026-05-23T17:30:40.484Z,2026-05-23T17:30:40.484Z,356,355
5663,14,357,483,483,357,483,357,false,2026-05-23,KvK #14,KvK #14,2026-05-23T17:30:40.673Z,2026-05-23T17:30:40.673Z,356,338
5664,14,358,365,365,358,365,358,false,2026-05-23,KvK #14,KvK #14,2026-05-23T17:30:40.862Z,2026-05-23T17:30:40.862Z,356,356
5665,14,361,443,443,361,443,361,false,2026-05-23,KvK #14,KvK #14,2026-05-23T17:30:41.050Z,2026-05-23T17:30:41.050Z,356,344
5666,14,362,405,362,405,362,405,false,2026-05-23,KvK #14,KvK #14,2026-05-23T17:30:41.240Z,2026-05-23T17:30:41.240Z,356,349
5667,14,366,496,496,496,496,366,true,2026-05-23,KvK #14,KvK #14,2026-05-23T17:30:41.430Z,2026-05-23T17:30:41.430Z,355,336
5668,14,368,433,433,433,433,368,true,2026-05-23,KvK #14,KvK #14,2026-05-23T17:30:41.619Z,2026-05-23T17:30:41.619Z,355,346
5669,14,370,488,370,488,370,488,false,2026-05-23,KvK #14,KvK #14,2026-05-23T17:30:41.806Z,2026-05-23T17:30:41.806Z,355,337
5670,14,373,417,417,373,417,373,false,2026-05-23,KvK #14,KvK #14,2026-05-23T17:30:41.993Z,2026-05-23T17:30:41.993Z,354,349
5671,14,374,435,435,435,435,374,true,2026-05-23,KvK #14,KvK #14,2026-05-23T17:30:42.182Z,2026-05-23T17:30:42.182Z,354,346
5672,14,376,473,473,473,473,376,true,2026-05-23,KvK #14,KvK #14,2026-05-23T17:30:42.372Z,2026-05-23T17:30:42.372Z,354,340
5673,14,377,455,455,377,455,377,false,2026-05-23,KvK #14,KvK #14,2026-05-23T17:30:42.563Z,2026-05-23T17:30:42.563Z,354,343
5674,14,378,470,470,378,470,378,false,2026-05-23,KvK #14,KvK #14,2026-05-23T17:30:42.752Z,2026-05-23T17:30:42.752Z,354,340
5675,14,379,391,379,391,379,391,false,2026-05-23,KvK #14,KvK #14,2026-05-23T17:30:42.941Z,2026-05-23T17:30:42.941Z,354,352
5676,14,380,453,380,380,380,453,true,2026-05-23,KvK #14,KvK #14,2026-05-23T17:30:43.130Z,2026-05-23T17:30:43.130Z,353,343
5677,14,381,449,449,449,449,381,true,2026-05-23,KvK #14,KvK #14,2026-05-23T17:30:43.337Z,2026-05-23T17:30:43.337Z,352,343
5678,14,382,442,442,382,442,382,false,2026-05-23,KvK #14,KvK #14,2026-05-23T17:30:43.528Z,2026-05-23T17:30:43.528Z,353,344
5679,14,384,493,384,384,384,493,true,2026-05-23,KvK #14,KvK #14,2026-05-23T17:30:43.719Z,2026-05-23T17:30:43.719Z,353,336
5680,14,385,461,461,385,461,385,false,2026-05-23,KvK #14,KvK #14,2026-05-23T17:30:43.907Z,2026-05-23T17:30:43.907Z,353,342
5681,14,386,472,472,386,472,386,false,2026-05-23,KvK #14,KvK #14,2026-05-23T17:30:44.097Z,2026-05-23T17:30:44.097Z,353,340
5682,14,387,500,387,500,387,500,false,2026-05-23,KvK #14,KvK #14,2026-05-23T17:30:44.287Z,2026-05-23T17:30:44.287Z,352,334
5683,14,390,452,390,452,390,452,false,2026-05-23,KvK #14,KvK #14,2026-05-23T17:30:44.479Z,2026-05-23T17:30:44.479Z,352,342
5684,14,392,409,392,409,392,409,false,2026-05-23,KvK #14,KvK #14,2026-05-23T17:30:44.671Z,2026-05-23T17:30:44.671Z,352,349
5685,14,393,495,393,393,393,495,true,2026-05-23,KvK #14,KvK #14,2026-05-23T17:30:44.861Z,2026-05-23T17:30:44.861Z,352,335
5686,14,394,414,414,414,414,394,true,2026-05-23,KvK #14,KvK #14,2026-05-23T17:30:45.051Z,2026-05-23T17:30:45.051Z,351,349
5687,14,395,423,423,423,423,395,true,2026-05-23,KvK #14,KvK #14,2026-05-23T17:30:45.242Z,2026-05-23T17:30:45.242Z,351,348
5688,14,398,466,398,398,398,466,true,2026-05-23,KvK #14,KvK #14,2026-05-23T17:30:45.437Z,2026-05-23T17:30:45.437Z,351,341
5689,14,399,486,486,399,486,399,false,2026-05-23,KvK #14,KvK #14,2026-05-23T17:30:45.628Z,2026-05-23T17:30:45.628Z,351,338
5690,14,400,497,400,400,400,497,true,2026-05-23,KvK #14,KvK #14,2026-05-23T17:30:45.825Z,2026-05-23T17:30:45.825Z,351,336
5691,14,402,481,402,481,402,481,false,2026-05-23,KvK #14,KvK #14,2026-05-23T17:30:46.013Z,2026-05-23T17:30:46.013Z,350,338
5692,14,403,501,403,403,403,501,true,2026-05-23,KvK #14,KvK #14,2026-05-23T17:30:46.200Z,2026-05-23T17:30:46.200Z,350,335
5693,14,404,448,404,404,404,448,true,2026-05-23,KvK #14,KvK #14,2026-05-23T17:30:46.388Z,2026-05-23T17:30:46.388Z,350,344
5694,14,407,438,438,407,438,407,false,2026-05-23,KvK #14,KvK #14,2026-05-23T17:30:46.575Z,2026-05-23T17:30:46.575Z,350,345
5695,14,408,422,422,408,422,408,false,2026-05-23,KvK #14,KvK #14,2026-05-23T17:30:46.763Z,2026-05-23T17:30:46.763Z,350,348
5696,14,410,482,410,410,410,482,true,2026-05-23,KvK #14,KvK #14,2026-05-23T17:30:46.951Z,2026-05-23T17:30:46.951Z,349,338
5697,14,411,467,467,411,467,411,false,2026-05-23,KvK #14,KvK #14,2026-05-23T17:30:47.139Z,2026-05-23T17:30:47.139Z,349,341
5698,14,413,454,454,413,454,413,false,2026-05-23,KvK #14,KvK #14,2026-05-23T17:30:47.328Z,2026-05-23T17:30:47.328Z,349,343
5699,14,416,421,421,421,421,416,true,2026-05-23,KvK #14,KvK #14,2026-05-23T17:30:47.517Z,2026-05-23T17:30:47.517Z,349,348
5700,14,418,424,418,418,418,424,true,2026-05-23,KvK #14,KvK #14,2026-05-23T17:30:47.708Z,2026-05-23T17:30:47.708Z,348,348
5701,14,420,475,475,420,475,420,false,2026-05-23,KvK #14,KvK #14,2026-05-23T17:30:47.897Z,2026-05-23T17:30:47.897Z,347,338
5702,14,426,428,426,426,426,428,true,2026-05-23,KvK #14,KvK #14,2026-05-23T17:30:48.086Z,2026-05-23T17:30:48.086Z,347,347
5703,14,429,450,429,450,429,450,false,2026-05-23,KvK #14,KvK #14,2026-05-23T17:30:48.274Z,2026-05-23T17:30:48.274Z,347,343
5704,14,431,477,431,477,431,477,false,2026-05-23,KvK #14,KvK #14,2026-05-23T17:30:48.471Z,2026-05-23T17:30:48.471Z,346,338
5705,14,432,490,432,432,432,490,true,2026-05-23,KvK #14,KvK #14,2026-05-23T17:30:48.678Z,2026-05-23T17:30:48.678Z,346,337
5706,14,437,485,485,485,485,437,true,2026-05-23,KvK #14,KvK #14,2026-05-23T17:30:48.878Z,2026-05-23T17:30:48.878Z,346,338
5707,14,440,456,456,456,456,440,true,2026-05-23,KvK #14,KvK #14,2026-05-23T17:30:49.077Z,2026-05-23T17:30:49.077Z,345,343
5708,14,446,487,487,487,487,446,true,2026-05-23,KvK #14,KvK #14,2026-05-23T17:30:49.265Z,2026-05-23T17:30:49.265Z,344,336
5709,14,447,468,447,468,447,468,false,2026-05-23,KvK #14,KvK #14,2026-05-23T17:30:49.455Z,2026-05-23T17:30:49.455Z,344,340
5710,14,457,498,498,498,498,457,true,2026-05-23,KvK #14,KvK #14,2026-05-23T17:30:49.663Z,2026-05-23T17:30:49.663Z,342,336
5711,14,459,476,459,476,459,476,false,2026-05-23,KvK #14,KvK #14,2026-05-23T17:30:49.852Z,2026-05-23T17:30:49.852Z,342,339
5712,14,462,502,462,462,462,502,true,2026-05-23,KvK #14,KvK #14,2026-05-23T17:30:50.042Z,2026-05-23T17:30:50.042Z,342,335
5713,14,463,491,491,491,491,463,true,2026-05-23,KvK #14,KvK #14,2026-05-23T17:30:50.530Z,2026-05-23T17:30:50.530Z,342,337
5714,14,464,484,484,484,484,464,true,2026-05-23,KvK #14,KvK #14,2026-05-23T17:30:50.718Z,2026-05-23T17:30:50.718Z,340,338
5715,14,465,471,465,465,465,471,true,2026-05-23,KvK #14,KvK #14,2026-05-23T17:30:50.907Z,2026-05-23T17:30:50.907Z,341,339
5716,14,474,480,474,474,474,480,true,2026-05-23,KvK #14,KvK #14,2026-05-23T17:30:51.095Z,2026-05-23T17:30:51.095Z,340,339
5717,14,479,489,479,479,479,489,true,2026-05-23,KvK #14,KvK #14,2026-05-23T17:30:51.283Z,2026-05-23T17:30:51.283Z,339,337
5718,14,504,505,504,505,504,505,false,2026-05-23,KvK #14,KvK #14,2026-05-23T17:30:51.471Z,2026-05-23T17:30:51.471Z,335,335
5719,14,506,545,545,545,545,506,true,2026-05-23,KvK #14,KvK #14,2026-05-23T17:30:51.661Z,2026-05-23T17:30:51.661Z,333,328
5720,14,507,534,534,507,534,507,false,2026-05-23,KvK #14,KvK #14,2026-05-23T17:30:51.849Z,2026-05-23T17:30:51.849Z,333,329
5721,14,508,573,573,573,573,508,true,2026-05-23,KvK #14,KvK #14,2026-05-23T17:30:53.217Z,2026-05-23T17:30:53.217Z,334,323
5722,14,509,556,556,556,556,509,true,2026-05-23,KvK #14,KvK #14,2026-05-23T17:30:53.406Z,2026-05-23T17:30:53.406Z,334,326
5723,14,510,554,554,554,554,510,true,2026-05-23,KvK #14,KvK #14,2026-05-23T17:30:53.596Z,2026-05-23T17:30:53.596Z,334,326
5724,14,511,521,511,521,511,521,false,2026-05-23,KvK #14,KvK #14,2026-05-23T17:30:53.784Z,2026-05-23T17:30:53.784Z,334,332
5725,14,512,560,560,560,560,512,true,2026-05-23,KvK #14,KvK #14,2026-05-23T17:30:53.971Z,2026-05-23T17:30:53.971Z,333,324
5726,14,513,543,513,543,513,543,false,2026-05-23,KvK #14,KvK #14,2026-05-23T17:30:54.159Z,2026-05-23T17:30:54.159Z,333,328
5727,14,514,569,569,514,569,514,false,2026-05-23,KvK #14,KvK #14,2026-05-23T17:30:54.348Z,2026-05-23T17:30:54.348Z,333,323
5728,14,515,562,515,515,515,562,true,2026-05-23,KvK #14,KvK #14,2026-05-23T17:30:54.538Z,2026-05-23T17:30:54.538Z,333,325
5729,14,516,523,516,516,516,523,true,2026-05-23,KvK #14,KvK #14,2026-05-23T17:30:54.726Z,2026-05-23T17:30:54.726Z,333,331
5730,14,517,552,517,552,517,552,false,2026-05-23,KvK #14,KvK #14,2026-05-23T17:30:54.914Z,2026-05-23T17:30:54.914Z,332,326
5731,14,518,557,518,518,518,557,true,2026-05-23,KvK #14,KvK #14,2026-05-23T17:30:55.104Z,2026-05-23T17:30:55.104Z,332,326
5732,14,519,566,566,519,566,519,false,2026-05-23,KvK #14,KvK #14,2026-05-23T17:30:55.294Z,2026-05-23T17:30:55.294Z,331,324
5733,14,520,549,520,549,520,549,false,2026-05-23,KvK #14,KvK #14,2026-05-23T17:30:55.484Z,2026-05-23T17:30:55.484Z,332,327
5734,14,522,548,548,548,548,522,true,2026-05-23,KvK #14,KvK #14,2026-05-23T17:30:55.696Z,2026-05-23T17:30:55.696Z,332,327
5735,14,524,542,542,542,542,524,true,2026-05-23,KvK #14,KvK #14,2026-05-23T17:30:55.886Z,2026-05-23T17:30:55.886Z,331,328
5736,14,525,533,525,533,525,533,false,2026-05-23,KvK #14,KvK #14,2026-05-23T17:30:56.075Z,2026-05-23T17:30:56.075Z,331,329
5737,14,526,581,526,526,526,581,true,2026-05-23,KvK #14,KvK #14,2026-05-23T17:30:56.306Z,2026-05-23T17:30:56.306Z,331,321
5738,14,527,550,527,527,527,550,true,2026-05-23,KvK #14,KvK #14,2026-05-23T17:30:56.495Z,2026-05-23T17:30:56.495Z,330,327
5739,14,528,586,586,528,586,528,false,2026-05-23,KvK #14,KvK #14,2026-05-23T17:30:56.685Z,2026-05-23T17:30:56.685Z,330,321
5740,14,529,546,529,529,529,546,true,2026-05-23,KvK #14,KvK #14,2026-05-23T17:30:56.873Z,2026-05-23T17:30:56.873Z,330,327
5741,14,530,541,530,530,530,541,true,2026-05-23,KvK #14,KvK #14,2026-05-23T17:30:57.064Z,2026-05-23T17:30:57.064Z,330,328
5742,14,531,536,536,531,536,531,false,2026-05-23,KvK #14,KvK #14,2026-05-23T17:30:57.255Z,2026-05-23T17:30:57.255Z,330,329
5743,14,532,583,583,583,583,532,true,2026-05-23,KvK #14,KvK #14,2026-05-23T17:30:57.452Z,2026-05-23T17:30:57.452Z,330,321
5744,14,535,540,540,540,540,535,true,2026-05-23,KvK #14,KvK #14,2026-05-23T17:30:57.642Z,2026-05-23T17:30:57.642Z,329,327
5745,14,537,571,537,537,537,571,true,2026-05-23,KvK #14,KvK #14,2026-05-23T17:30:57.830Z,2026-05-23T17:30:57.830Z,329,323
5746,14,538,563,538,538,538,563,true,2026-05-23,KvK #14,KvK #14,2026-05-23T17:30:58.047Z,2026-05-23T17:30:58.047Z,329,324
5747,14,539,551,551,539,551,539,false,2026-05-23,KvK #14,KvK #14,2026-05-23T17:30:58.235Z,2026-05-23T17:30:58.235Z,329,327
5748,14,544,558,544,544,544,558,true,2026-05-23,KvK #14,KvK #14,2026-05-23T17:30:58.425Z,2026-05-23T17:30:58.425Z,327,325
5749,14,547,570,570,547,570,547,false,2026-05-23,KvK #14,KvK #14,2026-05-23T17:30:58.614Z,2026-05-23T17:30:58.614Z,327,323
5750,14,553,585,585,553,585,553,false,2026-05-23,KvK #14,KvK #14,2026-05-23T17:30:59.102Z,2026-05-23T17:30:59.102Z,326,321
5751,14,555,565,555,555,555,565,true,2026-05-23,KvK #14,KvK #14,2026-05-23T17:30:59.293Z,2026-05-23T17:30:59.293Z,326,324
5752,14,559,578,559,578,559,578,false,2026-05-23,KvK #14,KvK #14,2026-05-23T17:30:59.480Z,2026-05-23T17:30:59.480Z,324,322
5753,14,561,567,561,561,561,567,true,2026-05-23,KvK #14,KvK #14,2026-05-23T17:30:59.667Z,2026-05-23T17:30:59.667Z,325,324
5754,14,564,574,564,574,564,574,false,2026-05-23,KvK #14,KvK #14,2026-05-23T17:30:59.865Z,2026-05-23T17:30:59.865Z,323,322
5755,14,568,579,568,579,568,579,false,2026-05-23,KvK #14,KvK #14,2026-05-23T17:31:00.063Z,2026-05-23T17:31:00.063Z,323,322
5756,14,572,580,580,580,580,572,true,2026-05-23,KvK #14,KvK #14,2026-05-23T17:31:00.251Z,2026-05-23T17:31:00.251Z,323,322
5757,14,575,587,575,575,575,587,true,2026-05-23,KvK #14,KvK #14,2026-05-23T17:31:00.439Z,2026-05-23T17:31:00.439Z,322,321
5758,14,576,582,582,576,582,576,false,2026-05-23,KvK #14,KvK #14,2026-05-23T17:31:00.649Z,2026-05-23T17:31:00.649Z,322,321
5759,14,577,584,577,577,577,584,true,2026-05-23,KvK #14,KvK #14,2026-05-23T17:31:00.842Z,2026-05-23T17:31:00.842Z,322,321
5760,14,588,712,712,712,712,588,true,2026-05-23,KvK #14,KvK #14,2026-05-23T17:31:01.030Z,2026-05-23T17:31:01.030Z,320,299
5761,14,589,654,589,654,589,654,false,2026-05-23,KvK #14,KvK #14,2026-05-23T17:31:01.222Z,2026-05-23T17:31:01.222Z,320,310
5762,14,590,705,705,705,705,590,true,2026-05-23,KvK #14,KvK #14,2026-05-23T17:31:01.423Z,2026-05-23T17:31:01.423Z,319,300
5763,14,591,634,591,634,591,634,false,2026-05-23,KvK #14,KvK #14,2026-05-23T17:31:01.611Z,2026-05-23T17:31:01.611Z,320,313
5764,14,592,645,645,592,645,592,false,2026-05-23,KvK #14,KvK #14,2026-05-23T17:31:01.799Z,2026-05-23T17:31:01.799Z,320,311
5765,14,593,646,646,646,646,593,true,2026-05-23,KvK #14,KvK #14,2026-05-23T17:31:01.988Z,2026-05-23T17:31:01.988Z,320,311
5766,14,594,680,594,594,594,680,true,2026-05-23,KvK #14,KvK #14,2026-05-23T17:31:02.177Z,2026-05-23T17:31:02.177Z,319,306
5767,14,595,817,817,817,817,595,true,2026-05-23,KvK #14,KvK #14,2026-05-23T17:31:02.366Z,2026-05-23T17:31:02.366Z,319,283
5768,14,596,702,702,702,702,596,true,2026-05-23,KvK #14,KvK #14,2026-05-23T17:31:02.554Z,2026-05-23T17:31:02.554Z,319,302
5769,14,597,666,666,666,666,597,true,2026-05-23,KvK #14,KvK #14,2026-05-23T17:31:02.743Z,2026-05-23T17:31:02.743Z,319,308
5770,14,598,648,648,598,648,598,false,2026-05-23,KvK #14,KvK #14,2026-05-23T17:31:02.931Z,2026-05-23T17:31:02.931Z,319,311
5771,14,599,667,667,667,667,599,true,2026-05-23,KvK #14,KvK #14,2026-05-23T17:31:03.120Z,2026-05-23T17:31:03.120Z,319,307
5772,14,600,605,600,600,600,605,true,2026-05-23,KvK #14,KvK #14,2026-05-23T17:31:03.331Z,2026-05-23T17:31:03.331Z,318,318
5773,14,601,787,787,787,787,601,true,2026-05-23,KvK #14,KvK #14,2026-05-23T17:31:03.549Z,2026-05-23T17:31:03.549Z,318,288
5774,14,602,658,658,658,658,602,true,2026-05-23,KvK #14,KvK #14,2026-05-23T17:31:03.765Z,2026-05-23T17:31:03.765Z,318,309
5775,14,603,692,692,603,692,603,false,2026-05-23,KvK #14,KvK #14,2026-05-23T17:31:03.993Z,2026-05-23T17:31:03.993Z,318,304
5776,14,604,780,780,780,780,604,true,2026-05-23,KvK #14,KvK #14,2026-05-23T17:31:04.221Z,2026-05-23T17:31:04.221Z,318,289
5777,14,606,652,652,652,652,606,true,2026-05-23,KvK #14,KvK #14,2026-05-23T17:31:04.450Z,2026-05-23T17:31:04.450Z,316,310
5778,14,607,620,620,620,620,607,true,2026-05-23,KvK #14,KvK #14,2026-05-23T17:31:04.707Z,2026-05-23T17:31:04.707Z,317,315
5779,14,608,655,608,608,608,655,true,2026-05-23,KvK #14,KvK #14,2026-05-23T17:31:04.935Z,2026-05-23T17:31:04.935Z,317,310
5780,14,609,679,679,679,679,609,true,2026-05-23,KvK #14,KvK #14,2026-05-23T17:31:05.148Z,2026-05-23T17:31:05.148Z,317,306
5781,14,610,846,846,846,846,610,true,2026-05-23,KvK #14,KvK #14,2026-05-23T17:31:05.338Z,2026-05-23T17:31:05.338Z,317,279
5782,14,611,793,793,793,793,611,true,2026-05-23,KvK #14,KvK #14,2026-05-23T17:31:05.524Z,2026-05-23T17:31:05.524Z,315,287
5783,14,612,841,841,612,841,612,false,2026-05-23,KvK #14,KvK #14,2026-05-23T17:31:05.715Z,2026-05-23T17:31:05.715Z,316,279
5784,14,613,737,737,613,737,613,false,2026-05-23,KvK #14,KvK #14,2026-05-23T17:31:05.904Z,2026-05-23T17:31:05.904Z,316,296
5785,14,614,746,746,746,746,614,true,2026-05-23,KvK #14,KvK #14,2026-05-23T17:31:06.093Z,2026-05-23T17:31:06.093Z,316,295
5786,14,615,649,615,615,615,649,true,2026-05-23,KvK #14,KvK #14,2026-05-23T17:31:06.281Z,2026-05-23T17:31:06.281Z,316,310
5787,14,616,740,740,616,740,616,false,2026-05-23,KvK #14,KvK #14,2026-05-23T17:31:06.471Z,2026-05-23T17:31:06.471Z,314,296
5788,14,617,832,832,832,832,617,true,2026-05-23,KvK #14,KvK #14,2026-05-23T17:31:06.661Z,2026-05-23T17:31:06.661Z,315,281
5789,14,618,747,618,747,618,747,false,2026-05-23,KvK #14,KvK #14,2026-05-23T17:31:06.849Z,2026-05-23T17:31:06.849Z,315,294
5790,14,619,794,794,794,794,619,true,2026-05-23,KvK #14,KvK #14,2026-05-23T17:31:07.039Z,2026-05-23T17:31:07.039Z,314,287
5791,14,621,769,769,621,769,621,false,2026-05-23,KvK #14,KvK #14,2026-05-23T17:31:07.532Z,2026-05-23T17:31:07.532Z,315,291
5792,14,622,681,681,622,681,622,false,2026-05-23,KvK #14,KvK #14,2026-05-23T17:31:07.720Z,2026-05-23T17:31:07.720Z,315,306
5793,14,623,685,623,685,623,685,false,2026-05-23,KvK #14,KvK #14,2026-05-23T17:31:07.909Z,2026-05-23T17:31:07.909Z,314,305
5794,14,624,665,665,665,665,624,true,2026-05-23,KvK #14,KvK #14,2026-05-23T17:31:08.097Z,2026-05-23T17:31:08.097Z,314,308
5795,14,625,656,656,656,656,625,true,2026-05-23,KvK #14,KvK #14,2026-05-23T17:31:08.287Z,2026-05-23T17:31:08.287Z,314,309
5796,14,626,745,745,626,745,626,false,2026-05-23,KvK #14,KvK #14,2026-05-23T17:31:08.476Z,2026-05-23T17:31:08.476Z,314,295
5797,14,627,789,789,789,789,627,true,2026-05-23,KvK #14,KvK #14,2026-05-23T17:31:08.664Z,2026-05-23T17:31:08.664Z,314,288
5798,14,628,762,628,762,628,762,false,2026-05-23,KvK #14,KvK #14,2026-05-23T17:31:08.853Z,2026-05-23T17:31:08.853Z,314,292
5799,14,629,710,629,710,629,710,false,2026-05-23,KvK #14,KvK #14,2026-05-23T17:31:09.342Z,2026-05-23T17:31:09.342Z,314,301
5800,14,630,661,661,661,661,630,true,2026-05-23,KvK #14,KvK #14,2026-05-23T17:31:09.531Z,2026-05-23T17:31:09.531Z,314,308
5801,14,631,647,647,631,647,631,false,2026-05-23,KvK #14,KvK #14,2026-05-23T17:31:09.719Z,2026-05-23T17:31:09.719Z,312,311
5802,14,632,678,632,678,632,678,false,2026-05-23,KvK #14,KvK #14,2026-05-23T17:31:09.908Z,2026-05-23T17:31:09.908Z,313,306
5803,14,633,758,758,633,758,633,false,2026-05-23,KvK #14,KvK #14,2026-05-23T17:31:10.095Z,2026-05-23T17:31:10.095Z,312,293
5804,14,635,818,818,818,818,635,true,2026-05-23,KvK #14,KvK #14,2026-05-23T17:31:10.287Z,2026-05-23T17:31:10.287Z,313,283
5805,14,636,651,651,651,651,636,true,2026-05-23,KvK #14,KvK #14,2026-05-23T17:31:10.475Z,2026-05-23T17:31:10.475Z,313,310
5806,14,637,801,801,801,801,637,true,2026-05-23,KvK #14,KvK #14,2026-05-23T17:31:10.664Z,2026-05-23T17:31:10.664Z,313,286
5807,14,638,691,638,638,638,691,true,2026-05-23,KvK #14,KvK #14,2026-05-23T17:31:10.853Z,2026-05-23T17:31:10.853Z,312,304
5808,14,639,828,639,828,639,828,false,2026-05-23,KvK #14,KvK #14,2026-05-23T17:31:11.042Z,2026-05-23T17:31:11.042Z,312,280
5809,14,640,810,640,640,640,810,true,2026-05-23,KvK #14,KvK #14,2026-05-23T17:31:11.230Z,2026-05-23T17:31:11.230Z,312,284
5810,14,641,696,641,696,641,696,false,2026-05-23,KvK #14,KvK #14,2026-05-23T17:31:11.419Z,2026-05-23T17:31:11.419Z,312,302
5811,14,642,754,754,754,754,642,true,2026-05-23,KvK #14,KvK #14,2026-05-23T17:31:11.607Z,2026-05-23T17:31:11.607Z,312,292
5812,14,643,677,643,677,643,677,false,2026-05-23,KvK #14,KvK #14,2026-05-23T17:31:11.796Z,2026-05-23T17:31:11.796Z,312,306
5813,14,644,711,711,711,711,644,true,2026-05-23,KvK #14,KvK #14,2026-05-23T17:31:11.986Z,2026-05-23T17:31:11.986Z,311,300
5814,14,650,833,833,650,833,650,false,2026-05-23,KvK #14,KvK #14,2026-05-23T17:31:12.174Z,2026-05-23T17:31:12.174Z,310,281
5815,14,653,742,653,742,653,742,false,2026-05-23,KvK #14,KvK #14,2026-05-23T17:31:12.366Z,2026-05-23T17:31:12.366Z,310,295
5816,14,657,748,657,657,657,748,true,2026-05-23,KvK #14,KvK #14,2026-05-23T17:31:12.553Z,2026-05-23T17:31:12.553Z,308,294
5817,14,659,725,659,725,659,725,false,2026-05-23,KvK #14,KvK #14,2026-05-23T17:31:12.754Z,2026-05-23T17:31:12.754Z,309,298
5818,14,660,778,660,660,660,778,true,2026-05-23,KvK #14,KvK #14,2026-05-23T17:31:12.959Z,2026-05-23T17:31:12.959Z,309,288
5819,14,662,718,718,718,718,662,true,2026-05-23,KvK #14,KvK #14,2026-05-23T17:31:13.198Z,2026-05-23T17:31:13.198Z,308,299
5820,14,663,826,663,663,663,826,true,2026-05-23,KvK #14,KvK #14,2026-05-23T17:31:13.396Z,2026-05-23T17:31:13.396Z,308,282
5821,14,664,802,664,802,664,802,false,2026-05-23,KvK #14,KvK #14,2026-05-23T17:31:13.585Z,2026-05-23T17:31:13.585Z,308,286
5822,14,668,682,682,682,682,668,true,2026-05-23,KvK #14,KvK #14,2026-05-23T17:31:13.772Z,2026-05-23T17:31:13.772Z,307,304
5823,14,669,812,812,812,812,669,true,2026-05-23,KvK #14,KvK #14,2026-05-23T17:31:13.961Z,2026-05-23T17:31:13.961Z,307,284
5824,14,670,674,674,674,674,670,true,2026-05-23,KvK #14,KvK #14,2026-05-23T17:31:14.150Z,2026-05-23T17:31:14.150Z,307,307
5825,14,671,700,671,700,671,700,false,2026-05-23,KvK #14,KvK #14,2026-05-23T17:31:14.339Z,2026-05-23T17:31:14.339Z,307,301
5826,14,672,823,823,823,823,672,true,2026-05-23,KvK #14,KvK #14,2026-05-23T17:31:14.547Z,2026-05-23T17:31:14.547Z,307,282
5827,14,673,797,797,673,797,673,false,2026-05-23,KvK #14,KvK #14,2026-05-23T17:31:14.737Z,2026-05-23T17:31:14.737Z,307,286
5828,14,675,730,730,675,730,675,false,2026-05-23,KvK #14,KvK #14,2026-05-23T17:31:14.926Z,2026-05-23T17:31:14.926Z,306,296
5829,14,676,811,811,811,811,676,true,2026-05-23,KvK #14,KvK #14,2026-05-23T17:31:15.115Z,2026-05-23T17:31:15.115Z,305,284
5830,14,683,734,734,734,734,683,true,2026-05-23,KvK #14,KvK #14,2026-05-23T17:31:15.308Z,2026-05-23T17:31:15.308Z,305,297
5831,14,684,844,844,844,844,684,true,2026-05-23,KvK #14,KvK #14,2026-05-23T17:31:15.496Z,2026-05-23T17:31:15.496Z,305,279
5832,14,686,759,686,759,686,759,false,2026-05-23,KvK #14,KvK #14,2026-05-23T17:31:15.685Z,2026-05-23T17:31:15.685Z,305,292
5833,14,687,830,830,830,830,687,true,2026-05-23,KvK #14,KvK #14,2026-05-23T17:31:15.873Z,2026-05-23T17:31:15.873Z,304,281
5834,14,688,722,722,688,722,688,false,2026-05-23,KvK #14,KvK #14,2026-05-23T17:31:16.062Z,2026-05-23T17:31:16.062Z,303,299
5835,14,689,785,689,689,689,785,true,2026-05-23,KvK #14,KvK #14,2026-05-23T17:31:16.252Z,2026-05-23T17:31:16.252Z,304,288
5836,14,690,776,690,776,690,776,false,2026-05-23,KvK #14,KvK #14,2026-05-23T17:31:16.441Z,2026-05-23T17:31:16.441Z,304,290
5837,14,693,795,795,795,795,693,true,2026-05-23,KvK #14,KvK #14,2026-05-23T17:31:16.629Z,2026-05-23T17:31:16.629Z,303,286
5838,14,694,786,786,694,786,694,false,2026-05-23,KvK #14,KvK #14,2026-05-23T17:31:16.819Z,2026-05-23T17:31:16.819Z,303,287
5839,14,695,726,726,726,726,695,true,2026-05-23,KvK #14,KvK #14,2026-05-23T17:31:17.006Z,2026-05-23T17:31:17.006Z,303,298
5840,14,697,809,697,809,697,809,false,2026-05-23,KvK #14,KvK #14,2026-05-23T17:31:17.195Z,2026-05-23T17:31:17.195Z,303,285
5841,14,698,791,791,698,791,698,false,2026-05-23,KvK #14,KvK #14,2026-05-23T17:31:17.385Z,2026-05-23T17:31:17.385Z,303,287
5842,14,699,777,777,699,777,699,false,2026-05-23,KvK #14,KvK #14,2026-05-23T17:31:18.886Z,2026-05-23T17:31:18.886Z,303,289
5843,14,701,741,701,701,701,741,true,2026-05-23,KvK #14,KvK #14,2026-05-23T17:31:19.083Z,2026-05-23T17:31:19.083Z,302,295
5844,14,703,756,703,703,703,756,true,2026-05-23,KvK #14,KvK #14,2026-05-23T17:31:19.273Z,2026-05-23T17:31:19.273Z,302,293
5845,14,706,713,713,706,713,706,false,2026-05-23,KvK #14,KvK #14,2026-05-23T17:31:19.461Z,2026-05-23T17:31:19.461Z,300,300
5846,14,707,736,707,707,707,736,true,2026-05-23,KvK #14,KvK #14,2026-05-23T17:31:19.652Z,2026-05-23T17:31:19.652Z,301,295
5847,14,708,790,790,790,790,708,true,2026-05-23,KvK #14,KvK #14,2026-05-23T17:31:19.841Z,2026-05-23T17:31:19.841Z,300,287
5848,14,709,716,716,716,716,709,true,2026-05-23,KvK #14,KvK #14,2026-05-23T17:31:20.031Z,2026-05-23T17:31:20.031Z,301,300
5849,14,714,731,731,714,731,714,false,2026-05-23,KvK #14,KvK #14,2026-05-23T17:31:20.220Z,2026-05-23T17:31:20.220Z,300,297
5850,14,715,816,715,816,715,816,false,2026-05-23,KvK #14,KvK #14,2026-05-23T17:31:20.409Z,2026-05-23T17:31:20.409Z,300,282
5851,14,717,804,717,804,717,804,false,2026-05-23,KvK #14,KvK #14,2026-05-23T17:31:20.598Z,2026-05-23T17:31:20.598Z,300,285
5852,14,719,772,772,772,772,719,true,2026-05-23,KvK #14,KvK #14,2026-05-23T17:31:20.785Z,2026-05-23T17:31:20.785Z,299,290
5853,14,720,743,743,720,743,720,false,2026-05-23,KvK #14,KvK #14,2026-05-23T17:31:20.973Z,2026-05-23T17:31:20.973Z,299,294
5854,14,721,728,721,728,721,728,false,2026-05-23,KvK #14,KvK #14,2026-05-23T17:31:21.162Z,2026-05-23T17:31:21.162Z,299,298
5855,14,723,766,766,766,766,723,true,2026-05-23,KvK #14,KvK #14,2026-05-23T17:31:21.351Z,2026-05-23T17:31:21.351Z,298,291
5856,14,724,813,813,813,813,724,true,2026-05-23,KvK #14,KvK #14,2026-05-23T17:31:21.540Z,2026-05-23T17:31:21.540Z,298,284
5857,14,727,752,752,752,752,727,true,2026-05-23,KvK #14,KvK #14,2026-05-23T17:31:21.730Z,2026-05-23T17:31:21.730Z,298,294
5858,14,729,753,753,729,753,729,false,2026-05-23,KvK #14,KvK #14,2026-05-23T17:31:21.918Z,2026-05-23T17:31:21.918Z,296,294
5859,14,732,835,835,835,835,732,true,2026-05-23,KvK #14,KvK #14,2026-05-23T17:31:22.107Z,2026-05-23T17:31:22.107Z,297,280
5860,14,733,735,733,733,733,735,true,2026-05-23,KvK #14,KvK #14,2026-05-23T17:31:22.294Z,2026-05-23T17:31:22.294Z,297,295
5861,14,738,764,738,764,738,764,false,2026-05-23,KvK #14,KvK #14,2026-05-23T17:31:22.485Z,2026-05-23T17:31:22.485Z,296,292
5862,14,739,815,815,815,815,739,true,2026-05-23,KvK #14,KvK #14,2026-05-23T17:31:22.673Z,2026-05-23T17:31:22.673Z,296,283
5863,14,744,783,783,744,783,744,false,2026-05-23,KvK #14,KvK #14,2026-05-23T17:31:22.861Z,2026-05-23T17:31:22.861Z,295,289
5864,14,749,803,803,803,803,749,true,2026-05-23,KvK #14,KvK #14,2026-05-23T17:31:23.051Z,2026-05-23T17:31:23.051Z,294,285
5865,14,750,834,750,834,750,834,false,2026-05-23,KvK #14,KvK #14,2026-05-23T17:31:23.240Z,2026-05-23T17:31:23.240Z,293,280
5866,14,751,829,751,829,751,829,false,2026-05-23,KvK #14,KvK #14,2026-05-23T17:31:23.427Z,2026-05-23T17:31:23.427Z,294,281
5867,14,755,806,755,755,755,806,true,2026-05-23,KvK #14,KvK #14,2026-05-23T17:31:23.623Z,2026-05-23T17:31:23.623Z,293,285
5868,14,757,805,757,805,757,805,false,2026-05-23,KvK #14,KvK #14,2026-05-23T17:31:23.812Z,2026-05-23T17:31:23.812Z,293,285
5869,14,760,784,784,760,784,760,false,2026-05-23,KvK #14,KvK #14,2026-05-23T17:31:23.999Z,2026-05-23T17:31:23.999Z,292,288
5870,14,761,792,792,761,792,761,false,2026-05-23,KvK #14,KvK #14,2026-05-23T17:31:24.186Z,2026-05-23T17:31:24.186Z,292,287
5871,14,763,765,765,765,765,763,true,2026-05-23,KvK #14,KvK #14,2026-05-23T17:31:24.374Z,2026-05-23T17:31:24.374Z,292,292
5872,14,767,838,838,838,838,767,true,2026-05-23,KvK #14,KvK #14,2026-05-23T17:31:24.587Z,2026-05-23T17:31:24.587Z,291,280
5873,14,768,820,820,820,820,768,true,2026-05-23,KvK #14,KvK #14,2026-05-23T17:31:24.788Z,2026-05-23T17:31:24.788Z,291,283
5874,14,770,775,775,775,775,770,true,2026-05-23,KvK #14,KvK #14,2026-05-23T17:31:24.990Z,2026-05-23T17:31:24.990Z,291,290
5875,14,771,824,771,771,771,824,true,2026-05-23,KvK #14,KvK #14,2026-05-23T17:31:25.186Z,2026-05-23T17:31:25.186Z,291,282
5876,14,773,799,799,773,799,773,false,2026-05-23,KvK #14,KvK #14,2026-05-23T17:31:25.375Z,2026-05-23T17:31:25.375Z,290,286
5877,14,774,779,779,774,779,774,false,2026-05-23,KvK #14,KvK #14,2026-05-23T17:31:25.564Z,2026-05-23T17:31:25.564Z,290,289
5878,14,781,800,781,781,781,800,true,2026-05-23,KvK #14,KvK #14,2026-05-23T17:31:25.755Z,2026-05-23T17:31:25.755Z,289,286
5879,14,782,821,821,821,821,782,true,2026-05-23,KvK #14,KvK #14,2026-05-23T17:31:25.943Z,2026-05-23T17:31:25.943Z,289,282
5880,14,788,827,788,788,788,827,true,2026-05-23,KvK #14,KvK #14,2026-05-23T17:31:26.139Z,2026-05-23T17:31:26.139Z,288,282
5881,14,796,839,839,796,839,796,false,2026-05-23,KvK #14,KvK #14,2026-05-23T17:31:26.327Z,2026-05-23T17:31:26.327Z,286,280
5882,14,798,840,798,798,798,840,true,2026-05-23,KvK #14,KvK #14,2026-05-23T17:31:26.516Z,2026-05-23T17:31:26.516Z,286,279
5883,14,807,808,807,808,807,808,false,2026-05-23,KvK #14,KvK #14,2026-05-23T17:31:26.702Z,2026-05-23T17:31:26.702Z,285,285
5884,14,814,836,836,836,836,814,true,2026-05-23,KvK #14,KvK #14,2026-05-23T17:31:26.889Z,2026-05-23T17:31:26.889Z,284,280
5885,14,819,831,831,831,831,819,true,2026-05-23,KvK #14,KvK #14,2026-05-23T17:31:27.078Z,2026-05-23T17:31:27.078Z,283,281
5886,14,822,842,842,842,842,822,true,2026-05-23,KvK #14,KvK #14,2026-05-23T17:31:27.267Z,2026-05-23T17:31:27.267Z,282,279
5887,14,825,845,825,825,825,845,true,2026-05-23,KvK #14,KvK #14,2026-05-23T17:31:27.457Z,2026-05-23T17:31:27.457Z,282,279
5888,14,837,843,843,837,843,837,false,2026-05-23,KvK #14,KvK #14,2026-05-23T17:31:27.645Z,2026-05-23T17:31:27.645Z,280,279
5889,14,847,916,916,847,916,847,false,2026-05-23,KvK #14,KvK #14,2026-05-23T17:31:27.872Z,2026-05-23T17:31:27.872Z,278,265
5890,14,848,932,848,848,848,932,true,2026-05-23,KvK #14,KvK #14,2026-05-23T17:31:28.062Z,2026-05-23T17:31:28.062Z,278,264
5891,14,849,863,863,863,863,849,true,2026-05-23,KvK #14,KvK #14,2026-05-23T17:31:28.253Z,2026-05-23T17:31:28.253Z,278,276
5892,14,850,867,850,850,850,867,true,2026-05-23,KvK #14,KvK #14,2026-05-23T17:31:28.441Z,2026-05-23T17:31:28.441Z,278,275
5893,14,851,954,954,954,954,851,true,2026-05-23,KvK #14,KvK #14,2026-05-23T17:31:28.665Z,2026-05-23T17:31:28.665Z,278,259
5894,14,852,982,852,982,852,982,false,2026-05-23,KvK #14,KvK #14,2026-05-23T17:31:28.853Z,2026-05-23T17:31:28.853Z,277,254
5895,14,853,945,945,853,945,853,false,2026-05-23,KvK #14,KvK #14,2026-05-23T17:31:29.041Z,2026-05-23T17:31:29.041Z,277,261
5896,14,854,857,854,854,854,857,true,2026-05-23,KvK #14,KvK #14,2026-05-23T17:31:29.230Z,2026-05-23T17:31:29.230Z,277,277
5897,14,855,997,855,855,855,997,true,2026-05-23,KvK #14,KvK #14,2026-05-23T17:31:29.419Z,2026-05-23T17:31:29.419Z,277,252
5898,14,856,915,856,915,856,915,false,2026-05-23,KvK #14,KvK #14,2026-05-23T17:31:29.608Z,2026-05-23T17:31:29.608Z,277,266
5899,14,858,878,858,878,858,878,false,2026-05-23,KvK #14,KvK #14,2026-05-23T17:31:29.796Z,2026-05-23T17:31:29.796Z,276,273
5900,14,859,971,971,859,971,859,false,2026-05-23,KvK #14,KvK #14,2026-05-23T17:31:29.984Z,2026-05-23T17:31:29.984Z,276,256
5901,14,860,951,860,951,860,951,false,2026-05-23,KvK #14,KvK #14,2026-05-23T17:31:30.173Z,2026-05-23T17:31:30.173Z,276,260
5902,14,861,891,861,891,861,891,false,2026-05-23,KvK #14,KvK #14,2026-05-23T17:31:30.365Z,2026-05-23T17:31:30.365Z,276,271
5903,14,862,987,987,987,987,862,true,2026-05-23,KvK #14,KvK #14,2026-05-23T17:31:30.553Z,2026-05-23T17:31:30.553Z,276,253
5904,14,864,949,949,864,949,864,false,2026-05-23,KvK #14,KvK #14,2026-05-23T17:31:30.742Z,2026-05-23T17:31:30.742Z,275,260
5905,14,865,968,865,968,865,968,false,2026-05-23,KvK #14,KvK #14,2026-05-23T17:31:30.932Z,2026-05-23T17:31:30.932Z,275,257
5906,14,866,965,965,965,965,866,true,2026-05-23,KvK #14,KvK #14,2026-05-23T17:31:31.125Z,2026-05-23T17:31:31.125Z,275,258
5907,14,868,976,976,868,976,868,false,2026-05-23,KvK #14,KvK #14,2026-05-23T17:31:31.313Z,2026-05-23T17:31:31.313Z,275,256
5908,14,869,959,959,959,959,869,true,2026-05-23,KvK #14,KvK #14,2026-05-23T17:31:31.502Z,2026-05-23T17:31:31.502Z,274,259
5909,14,870,967,870,870,870,967,true,2026-05-23,KvK #14,KvK #14,2026-05-23T17:31:31.735Z,2026-05-23T17:31:31.735Z,274,258
5910,14,871,925,925,925,925,871,true,2026-05-23,KvK #14,KvK #14,2026-05-23T17:31:31.923Z,2026-05-23T17:31:31.923Z,273,265
5911,14,872,973,973,973,973,872,true,2026-05-23,KvK #14,KvK #14,2026-05-23T17:31:32.111Z,2026-05-23T17:31:32.111Z,274,256
5912,14,873,979,979,979,979,873,true,2026-05-23,KvK #14,KvK #14,2026-05-23T17:31:32.299Z,2026-05-23T17:31:32.299Z,274,255
5913,14,874,913,874,913,874,913,false,2026-05-23,KvK #14,KvK #14,2026-05-23T17:31:32.500Z,2026-05-23T17:31:32.500Z,274,266
5914,14,875,881,881,881,881,875,true,2026-05-23,KvK #14,KvK #14,2026-05-23T17:31:32.694Z,2026-05-23T17:31:32.694Z,273,273
5915,14,876,939,939,876,939,876,false,2026-05-23,KvK #14,KvK #14,2026-05-23T17:31:32.893Z,2026-05-23T17:31:32.893Z,272,262
5916,14,877,934,877,877,877,934,true,2026-05-23,KvK #14,KvK #14,2026-05-23T17:31:33.085Z,2026-05-23T17:31:33.085Z,273,263
5917,14,879,998,998,998,998,879,true,2026-05-23,KvK #14,KvK #14,2026-05-23T17:31:33.275Z,2026-05-23T17:31:33.275Z,273,252
5918,14,880,903,880,880,880,903,true,2026-05-23,KvK #14,KvK #14,2026-05-23T17:31:33.463Z,2026-05-23T17:31:33.463Z,273,269
5919,14,882,966,966,966,966,882,true,2026-05-23,KvK #14,KvK #14,2026-05-23T17:31:33.654Z,2026-05-23T17:31:33.654Z,272,258
5920,14,883,981,981,981,981,883,true,2026-05-23,KvK #14,KvK #14,2026-05-23T17:31:33.844Z,2026-05-23T17:31:33.844Z,272,255
5921,14,884,937,884,937,884,937,false,2026-05-23,KvK #14,KvK #14,2026-05-23T17:31:34.032Z,2026-05-23T17:31:34.032Z,272,263
5922,14,885,918,885,885,885,918,true,2026-05-23,KvK #14,KvK #14,2026-05-23T17:31:34.219Z,2026-05-23T17:31:34.219Z,272,266
5923,14,886,895,886,886,886,895,true,2026-05-23,KvK #14,KvK #14,2026-05-23T17:31:34.409Z,2026-05-23T17:31:34.409Z,272,270
5924,14,887,929,929,929,929,887,true,2026-05-23,KvK #14,KvK #14,2026-05-23T17:31:34.600Z,2026-05-23T17:31:34.600Z,272,263
5925,14,888,946,888,946,888,946,false,2026-05-23,KvK #14,KvK #14,2026-05-23T17:31:34.788Z,2026-05-23T17:31:34.788Z,271,261
5926,14,889,963,963,963,963,889,true,2026-05-23,KvK #14,KvK #14,2026-05-23T17:31:34.979Z,2026-05-23T17:31:34.979Z,271,258
5927,14,890,960,890,890,890,960,true,2026-05-23,KvK #14,KvK #14,2026-05-23T17:31:35.169Z,2026-05-23T17:31:35.169Z,271,259
5928,14,892,914,892,914,892,914,false,2026-05-23,KvK #14,KvK #14,2026-05-23T17:31:35.359Z,2026-05-23T17:31:35.359Z,271,267
5929,14,893,935,893,893,893,935,true,2026-05-23,KvK #14,KvK #14,2026-05-23T17:31:35.548Z,2026-05-23T17:31:35.548Z,271,263
5930,14,894,996,996,996,996,894,true,2026-05-23,KvK #14,KvK #14,2026-05-23T17:31:35.741Z,2026-05-23T17:31:35.741Z,271,252
5931,14,896,901,901,896,901,896,false,2026-05-23,KvK #14,KvK #14,2026-05-23T17:31:35.929Z,2026-05-23T17:31:35.929Z,270,269
5932,14,897,970,897,897,897,970,true,2026-05-23,KvK #14,KvK #14,2026-05-23T17:31:36.118Z,2026-05-23T17:31:36.118Z,270,257
5933,14,898,991,991,898,991,898,false,2026-05-23,KvK #14,KvK #14,2026-05-23T17:31:36.308Z,2026-05-23T17:31:36.308Z,270,253
5934,14,899,955,899,955,899,955,false,2026-05-23,KvK #14,KvK #14,2026-05-23T17:31:36.498Z,2026-05-23T17:31:36.498Z,270,259
5935,14,900,924,924,924,924,900,true,2026-05-23,KvK #14,KvK #14,2026-05-23T17:31:36.687Z,2026-05-23T17:31:36.687Z,270,265
5936,14,902,917,917,917,917,902,true,2026-05-23,KvK #14,KvK #14,2026-05-23T17:31:36.876Z,2026-05-23T17:31:36.876Z,269,266
5937,14,904,906,904,906,904,906,false,2026-05-23,KvK #14,KvK #14,2026-05-23T17:31:37.068Z,2026-05-23T17:31:37.068Z,269,268
5938,14,905,1006,905,905,905,1006,true,2026-05-23,KvK #14,KvK #14,2026-05-23T17:31:37.259Z,2026-05-23T17:31:37.259Z,269,251
5939,14,907,923,923,907,923,907,false,2026-05-23,KvK #14,KvK #14,2026-05-23T17:31:37.447Z,2026-05-23T17:31:37.447Z,268,265
5940,14,908,964,964,964,964,908,true,2026-05-23,KvK #14,KvK #14,2026-05-23T17:31:37.635Z,2026-05-23T17:31:37.635Z,268,258
5941,14,909,941,941,941,941,909,true,2026-05-23,KvK #14,KvK #14,2026-05-23T17:31:37.824Z,2026-05-23T17:31:37.824Z,268,262
5942,14,910,947,947,910,947,910,false,2026-05-23,KvK #14,KvK #14,2026-05-23T17:31:38.014Z,2026-05-23T17:31:38.014Z,266,261
5943,14,911,952,952,952,952,911,true,2026-05-23,KvK #14,KvK #14,2026-05-23T17:31:38.201Z,2026-05-23T17:31:38.201Z,267,260
5944,14,912,921,912,912,912,921,true,2026-05-23,KvK #14,KvK #14,2026-05-23T17:31:39.611Z,2026-05-23T17:31:39.611Z,267,266
5945,14,919,995,919,919,919,995,true,2026-05-23,KvK #14,KvK #14,2026-05-23T17:31:39.817Z,2026-05-23T17:31:39.817Z,266,252
5946,14,920,978,978,920,978,920,false,2026-05-23,KvK #14,KvK #14,2026-05-23T17:31:40.005Z,2026-05-23T17:31:40.005Z,266,255
5947,14,922,957,922,957,922,957,false,2026-05-23,KvK #14,KvK #14,2026-05-23T17:31:40.193Z,2026-05-23T17:31:40.193Z,265,259
5948,14,926,985,985,985,985,926,true,2026-05-23,KvK #14,KvK #14,2026-05-23T17:31:40.381Z,2026-05-23T17:31:40.381Z,265,254
5949,14,927,989,927,927,927,989,true,2026-05-23,KvK #14,KvK #14,2026-05-23T17:31:40.568Z,2026-05-23T17:31:40.568Z,265,253
5950,14,928,990,990,990,990,928,true,2026-05-23,KvK #14,KvK #14,2026-05-23T17:31:40.757Z,2026-05-23T17:31:40.757Z,264,253
5951,14,930,938,930,930,930,938,true,2026-05-23,KvK #14,KvK #14,2026-05-23T17:31:40.948Z,2026-05-23T17:31:40.948Z,264,263
5952,14,931,953,953,953,953,931,true,2026-05-23,KvK #14,KvK #14,2026-05-23T17:31:41.137Z,2026-05-23T17:31:41.137Z,264,258
5953,14,933,975,975,975,975,933,true,2026-05-23,KvK #14,KvK #14,2026-05-23T17:31:41.325Z,2026-05-23T17:31:41.325Z,264,255
5954,14,936,972,972,972,972,936,true,2026-05-23,KvK #14,KvK #14,2026-05-23T17:31:41.517Z,2026-05-23T17:31:41.517Z,263,257
5955,14,940,961,940,940,940,961,true,2026-05-23,KvK #14,KvK #14,2026-05-23T17:31:41.715Z,2026-05-23T17:31:41.715Z,262,258
5956,14,942,977,942,942,942,977,true,2026-05-23,KvK #14,KvK #14,2026-05-23T17:31:41.904Z,2026-05-23T17:31:41.904Z,262,256
5957,14,943,988,988,988,988,943,true,2026-05-23,KvK #14,KvK #14,2026-05-23T17:31:42.093Z,2026-05-23T17:31:42.093Z,261,254
5958,14,944,974,944,944,944,974,true,2026-05-23,KvK #14,KvK #14,2026-05-23T17:31:42.280Z,2026-05-23T17:31:42.280Z,260,256
5959,14,950,1000,1000,1000,1000,950,true,2026-05-23,KvK #14,KvK #14,2026-05-23T17:31:42.469Z,2026-05-23T17:31:42.469Z,260,252
5960,14,956,1007,956,1007,956,1007,false,2026-05-23,KvK #14,KvK #14,2026-05-23T17:31:42.656Z,2026-05-23T17:31:42.656Z,259,251
5961,14,958,992,958,958,958,992,true,2026-05-23,KvK #14,KvK #14,2026-05-23T17:31:42.843Z,2026-05-23T17:31:42.843Z,259,253
5962,14,962,1005,962,962,962,1005,true,2026-05-23,KvK #14,KvK #14,2026-05-23T17:31:43.034Z,2026-05-23T17:31:43.034Z,258,251
5963,14,969,980,980,980,980,969,true,2026-05-23,KvK #14,KvK #14,2026-05-23T17:31:43.223Z,2026-05-23T17:31:43.223Z,257,255
5964,14,983,993,983,993,983,993,false,2026-05-23,KvK #14,KvK #14,2026-05-23T17:31:43.412Z,2026-05-23T17:31:43.412Z,253,252
5965,14,984,1003,1003,984,1003,984,false,2026-05-23,KvK #14,KvK #14,2026-05-23T17:31:43.601Z,2026-05-23T17:31:43.601Z,254,251
5966,14,986,994,986,986,986,994,true,2026-05-23,KvK #14,KvK #14,2026-05-23T17:31:43.789Z,2026-05-23T17:31:43.789Z,254,252
5967,14,999,1002,1002,999,1002,999,false,2026-05-23,KvK #14,KvK #14,2026-05-23T17:31:43.979Z,2026-05-23T17:31:43.979Z,252,251
5968,14,1001,1004,1001,1001,1001,1004,true,2026-05-23,KvK #14,KvK #14,2026-05-23T17:31:44.168Z,2026-05-23T17:31:44.168Z,251,251
5969,14,1008,1068,1008,1068,1008,1068,false,2026-05-23,KvK #14,KvK #14,2026-05-23T17:31:44.356Z,2026-05-23T17:31:44.356Z,250,240
5970,14,1009,1069,1009,1009,1009,1069,true,2026-05-23,KvK #14,KvK #14,2026-05-23T17:31:44.545Z,2026-05-23T17:31:44.545Z,250,239
5971,14,1010,1011,1011,1011,1011,1010,true,2026-05-23,KvK #14,KvK #14,2026-05-23T17:31:44.740Z,2026-05-23T17:31:44.740Z,250,250
5972,14,1012,1072,1012,1012,1012,1072,true,2026-05-23,KvK #14,KvK #14,2026-05-23T17:31:44.928Z,2026-05-23T17:31:44.928Z,250,239
5973,14,1013,1081,1013,1013,1013,1081,true,2026-05-23,KvK #14,KvK #14,2026-05-23T17:31:45.122Z,2026-05-23T17:31:45.122Z,250,238
5974,14,1014,1076,1014,1076,1014,1076,false,2026-05-23,KvK #14,KvK #14,2026-05-23T17:31:45.324Z,2026-05-23T17:31:45.324Z,250,238
5975,14,1015,1046,1046,1046,1046,1015,true,2026-05-23,KvK #14,KvK #14,2026-05-23T17:31:45.517Z,2026-05-23T17:31:45.517Z,249,244
5976,14,1016,1027,1027,1027,1027,1016,true,2026-05-23,KvK #14,KvK #14,2026-05-23T17:31:45.706Z,2026-05-23T17:31:45.706Z,249,247
5977,14,1017,1077,1017,1077,1017,1077,false,2026-05-23,KvK #14,KvK #14,2026-05-23T17:31:45.894Z,2026-05-23T17:31:45.894Z,249,238
5978,14,1018,1055,1055,1055,1055,1018,true,2026-05-23,KvK #14,KvK #14,2026-05-23T17:31:46.085Z,2026-05-23T17:31:46.085Z,249,242
5979,14,1019,1042,1019,1042,1019,1042,false,2026-05-23,KvK #14,KvK #14,2026-05-23T17:31:46.273Z,2026-05-23T17:31:46.273Z,249,244
5980,14,1020,1045,1045,1020,1045,1020,false,2026-05-23,KvK #14,KvK #14,2026-05-23T17:31:46.463Z,2026-05-23T17:31:46.463Z,248,244
5981,14,1021,1082,1082,1082,1082,1021,true,2026-05-23,KvK #14,KvK #14,2026-05-23T17:31:46.652Z,2026-05-23T17:31:46.652Z,248,237
5982,14,1022,1031,1022,1022,1022,1031,true,2026-05-23,KvK #14,KvK #14,2026-05-23T17:31:46.843Z,2026-05-23T17:31:46.843Z,248,246
5983,14,1023,1074,1074,1023,1074,1023,false,2026-05-23,KvK #14,KvK #14,2026-05-23T17:31:47.032Z,2026-05-23T17:31:47.032Z,248,239
5984,14,1024,1059,1024,1024,1024,1059,true,2026-05-23,KvK #14,KvK #14,2026-05-23T17:31:47.221Z,2026-05-23T17:31:47.221Z,247,242
5985,14,1025,1080,1080,1025,1080,1025,false,2026-05-23,KvK #14,KvK #14,2026-05-23T17:31:47.419Z,2026-05-23T17:31:47.419Z,247,238
5986,14,1026,1049,1026,1026,1026,1049,true,2026-05-23,KvK #14,KvK #14,2026-05-23T17:31:47.609Z,2026-05-23T17:31:47.609Z,247,243
5987,14,1028,1083,1028,1083,1028,1083,false,2026-05-23,KvK #14,KvK #14,2026-05-23T17:31:47.798Z,2026-05-23T17:31:47.798Z,247,237
5988,14,1029,1041,1041,1029,1041,1029,false,2026-05-23,KvK #14,KvK #14,2026-05-23T17:31:47.988Z,2026-05-23T17:31:47.988Z,246,245
5989,14,1030,1084,1084,1084,1084,1030,true,2026-05-23,KvK #14,KvK #14,2026-05-23T17:31:48.176Z,2026-05-23T17:31:48.176Z,246,237
5990,14,1032,1053,1053,1032,1053,1032,false,2026-05-23,KvK #14,KvK #14,2026-05-23T17:31:48.364Z,2026-05-23T17:31:48.364Z,246,243
5991,14,1033,1086,1086,1086,1086,1033,true,2026-05-23,KvK #14,KvK #14,2026-05-23T17:31:48.553Z,2026-05-23T17:31:48.553Z,246,237
5992,14,1034,1070,1070,1034,1070,1034,false,2026-05-23,KvK #14,KvK #14,2026-05-23T17:31:48.765Z,2026-05-23T17:31:48.765Z,246,239
5993,14,1035,1085,1085,1035,1085,1035,false,2026-05-23,KvK #14,KvK #14,2026-05-23T17:31:48.956Z,2026-05-23T17:31:48.956Z,246,237
5994,14,1036,1052,1052,1052,1052,1036,true,2026-05-23,KvK #14,KvK #14,2026-05-23T17:31:49.143Z,2026-05-23T17:31:49.143Z,245,243
5995,14,1037,1048,1037,1037,1037,1048,true,2026-05-23,KvK #14,KvK #14,2026-05-23T17:31:49.330Z,2026-05-23T17:31:49.330Z,245,244
5996,14,1038,1065,1038,1065,1038,1065,false,2026-05-23,KvK #14,KvK #14,2026-05-23T17:31:49.518Z,2026-05-23T17:31:49.518Z,245,241
5997,14,1039,1044,1044,1044,1044,1039,true,2026-05-23,KvK #14,KvK #14,2026-05-23T17:31:49.712Z,2026-05-23T17:31:49.712Z,245,244
5998,14,1040,1050,1050,1050,1050,1040,true,2026-05-23,KvK #14,KvK #14,2026-05-23T17:31:49.901Z,2026-05-23T17:31:49.901Z,245,243
5999,14,1043,1066,1066,1043,1066,1043,false,2026-05-23,KvK #14,KvK #14,2026-05-23T17:31:50.089Z,2026-05-23T17:31:50.089Z,243,240
6000,14,1047,1078,1047,1047,1047,1078,true,2026-05-23,KvK #14,KvK #14,2026-05-23T17:31:50.280Z,2026-05-23T17:31:50.280Z,244,238
6001,14,1051,1061,1051,1051,1051,1061,true,2026-05-23,KvK #14,KvK #14,2026-05-23T17:31:50.485Z,2026-05-23T17:31:50.485Z,243,241
6002,14,1054,1064,1064,1054,1064,1054,false,2026-05-23,KvK #14,KvK #14,2026-05-23T17:31:50.677Z,2026-05-23T17:31:50.677Z,242,241
6003,14,1056,1062,1056,1062,1056,1062,false,2026-05-23,KvK #14,KvK #14,2026-05-23T17:31:50.867Z,2026-05-23T17:31:50.867Z,242,241
6004,14,1057,1075,1057,1075,1057,1075,false,2026-05-23,KvK #14,KvK #14,2026-05-23T17:31:51.057Z,2026-05-23T17:31:51.057Z,242,237
6005,14,1058,1071,1058,1058,1058,1071,true,2026-05-23,KvK #14,KvK #14,2026-05-23T17:31:51.247Z,2026-05-23T17:31:51.247Z,242,239
6006,14,1063,1073,1063,1063,1063,1073,true,2026-05-23,KvK #14,KvK #14,2026-05-23T17:31:51.437Z,2026-05-23T17:31:51.437Z,241,239
6007,14,1067,1079,1067,1079,1067,1079,false,2026-05-23,KvK #14,KvK #14,2026-05-23T17:31:51.649Z,2026-05-23T17:31:51.649Z,240,238
6008,14,1087,1096,1087,1096,1087,1096,false,2026-05-23,KvK #14,KvK #14,2026-05-23T17:31:51.845Z,2026-05-23T17:31:51.845Z,236,235
6009,14,1088,1127,1088,1127,1088,1127,false,2026-05-23,KvK #14,KvK #14,2026-05-23T17:31:52.049Z,2026-05-23T17:31:52.049Z,236,228
6010,14,1089,1136,1089,1136,1089,1136,false,2026-05-23,KvK #14,KvK #14,2026-05-23T17:31:52.245Z,2026-05-23T17:31:52.245Z,236,227
6011,14,1090,1140,1090,1090,1090,1140,true,2026-05-23,KvK #14,KvK #14,2026-05-23T17:31:52.443Z,2026-05-23T17:31:52.443Z,236,226
6012,14,1091,1141,1141,1141,1141,1091,true,2026-05-23,KvK #14,KvK #14,2026-05-23T17:31:52.652Z,2026-05-23T17:31:52.652Z,236,226
6013,14,1092,1130,1130,1130,1130,1092,true,2026-05-23,KvK #14,KvK #14,2026-05-23T17:31:52.843Z,2026-05-23T17:31:52.843Z,236,229
6014,14,1093,1121,1121,1093,1121,1093,false,2026-05-23,KvK #14,KvK #14,2026-05-23T17:31:53.036Z,2026-05-23T17:31:53.036Z,235,230
6015,14,1094,1134,1094,1134,1094,1134,false,2026-05-23,KvK #14,KvK #14,2026-05-23T17:31:53.227Z,2026-05-23T17:31:53.227Z,235,228
6016,14,1095,1100,1100,1100,1100,1095,true,2026-05-23,KvK #14,KvK #14,2026-05-23T17:31:53.417Z,2026-05-23T17:31:53.417Z,235,234
6017,14,1097,1137,1137,1097,1137,1097,false,2026-05-23,KvK #14,KvK #14,2026-05-23T17:31:53.615Z,2026-05-23T17:31:53.615Z,234,227
6018,14,1098,1150,1150,1098,1150,1098,false,2026-05-23,KvK #14,KvK #14,2026-05-23T17:31:53.804Z,2026-05-23T17:31:53.804Z,234,224
6019,14,1099,1131,1131,1099,1131,1099,false,2026-05-23,KvK #14,KvK #14,2026-05-23T17:31:53.994Z,2026-05-23T17:31:53.994Z,234,228
6020,14,1101,1129,1129,1129,1129,1101,true,2026-05-23,KvK #14,KvK #14,2026-05-23T17:31:54.184Z,2026-05-23T17:31:54.184Z,233,229
6021,14,1102,1115,1115,1115,1115,1102,true,2026-05-23,KvK #14,KvK #14,2026-05-23T17:31:54.372Z,2026-05-23T17:31:54.372Z,233,231
6022,14,1103,1104,1103,1103,1103,1104,true,2026-05-23,KvK #14,KvK #14,2026-05-23T17:31:54.570Z,2026-05-23T17:31:54.570Z,233,233
6023,14,1105,1126,1105,1105,1105,1126,true,2026-05-23,KvK #14,KvK #14,2026-05-23T17:31:54.760Z,2026-05-23T17:31:54.760Z,233,229
6024,14,1106,1124,1106,1106,1106,1124,true,2026-05-23,KvK #14,KvK #14,2026-05-23T17:31:56.135Z,2026-05-23T17:31:56.135Z,232,230
6025,14,1107,1147,1107,1107,1107,1147,true,2026-05-23,KvK #14,KvK #14,2026-05-23T17:31:56.329Z,2026-05-23T17:31:56.329Z,231,225
6026,14,1108,1145,1145,1145,1145,1108,true,2026-05-23,KvK #14,KvK #14,2026-05-23T17:31:56.519Z,2026-05-23T17:31:56.519Z,232,225
6027,14,1109,1114,1114,1114,1114,1109,true,2026-05-23,KvK #14,KvK #14,2026-05-23T17:31:56.709Z,2026-05-23T17:31:56.709Z,231,231
6028,14,1110,1119,1110,1110,1110,1119,true,2026-05-23,KvK #14,KvK #14,2026-05-23T17:31:56.900Z,2026-05-23T17:31:56.900Z,232,230
6029,14,1111,1120,1120,1111,1120,1111,false,2026-05-23,KvK #14,KvK #14,2026-05-23T17:31:57.090Z,2026-05-23T17:31:57.090Z,232,230
6030,14,1112,1122,1112,1122,1112,1122,false,2026-05-23,KvK #14,KvK #14,2026-05-23T17:31:57.289Z,2026-05-23T17:31:57.289Z,231,230
6031,14,1113,1156,1113,1113,1113,1156,true,2026-05-23,KvK #14,KvK #14,2026-05-23T17:31:57.478Z,2026-05-23T17:31:57.478Z,231,223
6032,14,1116,1128,1128,1128,1128,1116,true,2026-05-23,KvK #14,KvK #14,2026-05-23T17:31:57.669Z,2026-05-23T17:31:57.669Z,231,229
6033,14,1117,1146,1146,1117,1146,1117,false,2026-05-23,KvK #14,KvK #14,2026-05-23T17:31:57.859Z,2026-05-23T17:31:57.859Z,230,225
6034,14,1118,1148,1118,1118,1118,1148,true,2026-05-23,KvK #14,KvK #14,2026-05-23T17:31:58.051Z,2026-05-23T17:31:58.051Z,230,225
6035,14,1123,1151,1151,1151,1151,1123,true,2026-05-23,KvK #14,KvK #14,2026-05-23T17:31:58.240Z,2026-05-23T17:31:58.240Z,230,224
6036,14,1125,1132,1132,1132,1132,1125,true,2026-05-23,KvK #14,KvK #14,2026-05-23T17:31:58.428Z,2026-05-23T17:31:58.428Z,229,228
6037,14,1133,1155,1155,1155,1155,1133,true,2026-05-23,KvK #14,KvK #14,2026-05-23T17:31:58.619Z,2026-05-23T17:31:58.619Z,228,224
6038,14,1135,1142,1142,1142,1142,1135,true,2026-05-23,KvK #14,KvK #14,2026-05-23T17:31:58.807Z,2026-05-23T17:31:58.807Z,228,226
6039,14,1138,1139,1139,1138,1139,1138,false,2026-05-23,KvK #14,KvK #14,2026-05-23T17:31:58.996Z,2026-05-23T17:31:58.996Z,227,227
6040,14,1143,1157,1157,1157,1157,1143,true,2026-05-23,KvK #14,KvK #14,2026-05-23T17:31:59.186Z,2026-05-23T17:31:59.186Z,226,223
6041,14,1144,1152,1152,1144,1152,1144,false,2026-05-23,KvK #14,KvK #14,2026-05-23T17:31:59.377Z,2026-05-23T17:31:59.377Z,225,224
6042,14,1149,1159,1159,1159,1159,1149,true,2026-05-23,KvK #14,KvK #14,2026-05-23T17:31:59.566Z,2026-05-23T17:31:59.566Z,224,223
6043,14,1154,1158,1158,1154,1158,1154,false,2026-05-23,KvK #14,KvK #14,2026-05-23T17:31:59.754Z,2026-05-23T17:31:59.754Z,224,223
6044,14,1160,1178,1178,1178,1178,1160,true,2026-05-23,KvK #14,KvK #14,2026-05-23T17:31:59.943Z,2026-05-23T17:31:59.943Z,222,218
6045,14,1161,1210,1210,1210,1210,1161,true,2026-05-23,KvK #14,KvK #14,2026-05-23T17:32:00.168Z,2026-05-23T17:32:00.168Z,222,211
6046,14,1162,1198,1162,1162,1162,1198,true,2026-05-23,KvK #14,KvK #14,2026-05-23T17:32:00.358Z,2026-05-23T17:32:00.358Z,222,214
6047,14,1163,1186,1163,1186,1163,1186,false,2026-05-23,KvK #14,KvK #14,2026-05-23T17:32:00.545Z,2026-05-23T17:32:00.545Z,222,216
6048,14,1164,1184,1164,1184,1164,1184,false,2026-05-23,KvK #14,KvK #14,2026-05-23T17:32:00.759Z,2026-05-23T17:32:00.759Z,222,217
6049,14,1165,1231,1231,1231,1231,1165,true,2026-05-23,KvK #14,KvK #14,2026-05-23T17:32:00.948Z,2026-05-23T17:32:00.948Z,220,205
6050,14,1166,1219,1166,1219,1166,1219,false,2026-05-23,KvK #14,KvK #14,2026-05-23T17:32:01.137Z,2026-05-23T17:32:01.137Z,221,209
6051,14,1167,1260,1167,1260,1167,1260,false,2026-05-23,KvK #14,KvK #14,2026-05-23T17:32:01.329Z,2026-05-23T17:32:01.329Z,221,198
6052,14,1168,1193,1193,1168,1193,1168,false,2026-05-23,KvK #14,KvK #14,2026-05-23T17:32:01.519Z,2026-05-23T17:32:01.519Z,221,215
6053,14,1169,1197,1197,1197,1197,1169,true,2026-05-23,KvK #14,KvK #14,2026-05-23T17:32:01.709Z,2026-05-23T17:32:01.709Z,220,214
6054,14,1170,1252,1252,1170,1252,1170,false,2026-05-23,KvK #14,KvK #14,2026-05-23T17:32:01.904Z,2026-05-23T17:32:01.904Z,220,200
6055,14,1171,1216,1171,1171,1171,1216,true,2026-05-23,KvK #14,KvK #14,2026-05-23T17:32:02.095Z,2026-05-23T17:32:02.095Z,220,209
6056,14,1172,1237,1237,1237,1237,1172,true,2026-05-23,KvK #14,KvK #14,2026-05-23T17:32:02.282Z,2026-05-23T17:32:02.282Z,220,203
6057,14,1173,1195,1195,1173,1195,1173,false,2026-05-23,KvK #14,KvK #14,2026-05-23T17:32:02.494Z,2026-05-23T17:32:02.494Z,219,215
6058,14,1174,1188,1188,1188,1188,1174,true,2026-05-23,KvK #14,KvK #14,2026-05-23T17:32:02.688Z,2026-05-23T17:32:02.688Z,219,216
6059,14,1175,1241,1241,1241,1241,1175,true,2026-05-23,KvK #14,KvK #14,2026-05-23T17:32:02.878Z,2026-05-23T17:32:02.878Z,219,202
6060,14,1176,1214,1176,1176,1176,1214,true,2026-05-23,KvK #14,KvK #14,2026-05-23T17:32:03.090Z,2026-05-23T17:32:03.090Z,218,210
6061,14,1177,1274,1177,1177,1177,1274,true,2026-05-23,KvK #14,KvK #14,2026-05-23T17:32:03.280Z,2026-05-23T17:32:03.280Z,218,194
6062,14,1179,1194,1194,1194,1194,1179,true,2026-05-23,KvK #14,KvK #14,2026-05-23T17:32:03.471Z,2026-05-23T17:32:03.471Z,218,215
6063,14,1180,1267,1180,1180,1180,1267,true,2026-05-23,KvK #14,KvK #14,2026-05-23T17:32:03.660Z,2026-05-23T17:32:03.660Z,218,196
6064,14,1181,1234,1234,1234,1234,1181,true,2026-05-23,KvK #14,KvK #14,2026-05-23T17:32:03.850Z,2026-05-23T17:32:03.850Z,217,204
6065,14,1182,1221,1182,1182,1182,1221,true,2026-05-23,KvK #14,KvK #14,2026-05-23T17:32:04.042Z,2026-05-23T17:32:04.042Z,217,209
6066,14,1183,1223,1223,1223,1223,1183,true,2026-05-23,KvK #14,KvK #14,2026-05-23T17:32:04.234Z,2026-05-23T17:32:04.234Z,217,207
6067,14,1185,1238,1185,1185,1185,1238,true,2026-05-23,KvK #14,KvK #14,2026-05-23T17:32:04.428Z,2026-05-23T17:32:04.428Z,216,202
6068,14,1187,1264,1187,1264,1187,1264,false,2026-05-23,KvK #14,KvK #14,2026-05-23T17:32:04.622Z,2026-05-23T17:32:04.622Z,216,196
6069,14,1189,1207,1189,1207,1189,1207,false,2026-05-23,KvK #14,KvK #14,2026-05-23T17:32:04.811Z,2026-05-23T17:32:04.811Z,216,211
6070,14,1190,1256,1190,1190,1190,1256,true,2026-05-23,KvK #14,KvK #14,2026-05-23T17:32:05.001Z,2026-05-23T17:32:05.001Z,216,198
6071,14,1191,1233,1191,1191,1191,1233,true,2026-05-23,KvK #14,KvK #14,2026-05-23T17:32:05.194Z,2026-05-23T17:32:05.194Z,214,204
6072,14,1192,1209,1192,1192,1192,1209,true,2026-05-23,KvK #14,KvK #14,2026-05-23T17:32:05.384Z,2026-05-23T17:32:05.384Z,215,211
6073,14,1196,1222,1222,1196,1222,1196,false,2026-05-23,KvK #14,KvK #14,2026-05-23T17:32:05.575Z,2026-05-23T17:32:05.575Z,214,208
6074,14,1199,1243,1243,1243,1243,1199,true,2026-05-23,KvK #14,KvK #14,2026-05-23T17:32:05.764Z,2026-05-23T17:32:05.764Z,214,201
6075,14,1200,1217,1217,1217,1217,1200,true,2026-05-23,KvK #14,KvK #14,2026-05-23T17:32:05.954Z,2026-05-23T17:32:05.954Z,212,209
6076,14,1201,1261,1201,1201,1201,1261,true,2026-05-23,KvK #14,KvK #14,2026-05-23T17:32:06.141Z,2026-05-23T17:32:06.141Z,213,197
6077,14,1202,1211,1211,1202,1211,1202,false,2026-05-23,KvK #14,KvK #14,2026-05-23T17:32:06.330Z,2026-05-23T17:32:06.330Z,213,211
6078,14,1203,1224,1224,1203,1224,1203,false,2026-05-23,KvK #14,KvK #14,2026-05-23T17:32:06.520Z,2026-05-23T17:32:06.520Z,212,207
6079,14,1204,1225,1204,1204,1204,1225,true,2026-05-23,KvK #14,KvK #14,2026-05-23T17:32:06.711Z,2026-05-23T17:32:06.711Z,212,207
6080,14,1205,1265,1265,1265,1265,1205,true,2026-05-23,KvK #14,KvK #14,2026-05-23T17:32:06.899Z,2026-05-23T17:32:06.899Z,212,196
6081,14,1206,1230,1230,1230,1230,1206,true,2026-05-23,KvK #14,KvK #14,2026-05-23T17:32:07.089Z,2026-05-23T17:32:07.089Z,212,205
6082,14,1208,1253,1253,1208,1253,1208,false,2026-05-23,KvK #14,KvK #14,2026-05-23T17:32:07.277Z,2026-05-23T17:32:07.277Z,211,199
6083,14,1212,1236,1236,1236,1236,1212,true,2026-05-23,KvK #14,KvK #14,2026-05-23T17:32:07.470Z,2026-05-23T17:32:07.470Z,210,203
6084,14,1213,1277,1213,1277,1213,1277,false,2026-05-23,KvK #14,KvK #14,2026-05-23T17:32:07.682Z,2026-05-23T17:32:07.682Z,210,194
6085,14,1215,1273,1273,1273,1273,1215,true,2026-05-23,KvK #14,KvK #14,2026-05-23T17:32:07.892Z,2026-05-23T17:32:07.892Z,210,194
6086,14,1218,1258,1258,1258,1258,1218,true,2026-05-23,KvK #14,KvK #14,2026-05-23T17:32:08.103Z,2026-05-23T17:32:08.103Z,209,198
6087,14,1220,1228,1220,1220,1220,1228,true,2026-05-23,KvK #14,KvK #14,2026-05-23T17:32:08.296Z,2026-05-23T17:32:08.296Z,209,205
6088,14,1226,1276,1226,1276,1226,1276,false,2026-05-23,KvK #14,KvK #14,2026-05-23T17:32:08.484Z,2026-05-23T17:32:08.484Z,207,194
6089,14,1227,1247,1227,1247,1227,1247,false,2026-05-23,KvK #14,KvK #14,2026-05-23T17:32:08.671Z,2026-05-23T17:32:08.671Z,207,201
6090,14,1229,1250,1250,1250,1250,1229,true,2026-05-23,KvK #14,KvK #14,2026-05-23T17:32:08.860Z,2026-05-23T17:32:08.860Z,206,200
6091,14,1232,1263,1263,1263,1263,1232,true,2026-05-23,KvK #14,KvK #14,2026-05-23T17:32:09.048Z,2026-05-23T17:32:09.048Z,204,197
6092,14,1235,1275,1275,1235,1275,1235,false,2026-05-23,KvK #14,KvK #14,2026-05-23T17:32:09.236Z,2026-05-23T17:32:09.236Z,203,194
6093,14,1239,1255,1255,1239,1255,1239,false,2026-05-23,KvK #14,KvK #14,2026-05-23T17:32:09.423Z,2026-05-23T17:32:09.423Z,202,199
6094,14,1240,1257,1240,1257,1240,1257,false,2026-05-23,KvK #14,KvK #14,2026-05-23T17:32:09.611Z,2026-05-23T17:32:09.611Z,202,198
6095,14,1242,1251,1242,1242,1242,1251,true,2026-05-23,KvK #14,KvK #14,2026-05-23T17:32:09.801Z,2026-05-23T17:32:09.801Z,205,200
6096,14,1244,1245,1245,1244,1245,1244,false,2026-05-23,KvK #14,KvK #14,2026-05-23T17:32:09.987Z,2026-05-23T17:32:09.987Z,201,201
6097,14,1246,1259,1259,1246,1259,1246,false,2026-05-23,KvK #14,KvK #14,2026-05-23T17:32:10.177Z,2026-05-23T17:32:10.177Z,201,198
6098,14,1248,1270,1270,1270,1270,1248,true,2026-05-23,KvK #14,KvK #14,2026-05-23T17:32:10.364Z,2026-05-23T17:32:10.364Z,200,195
6099,14,1249,1268,1249,1249,1249,1268,true,2026-05-23,KvK #14,KvK #14,2026-05-23T17:32:10.562Z,2026-05-23T17:32:10.562Z,200,195
6100,14,1254,1271,1254,1254,1254,1271,true,2026-05-23,KvK #14,KvK #14,2026-05-23T17:32:10.761Z,2026-05-23T17:32:10.761Z,199,195
6101,14,1262,1272,1262,1262,1262,1272,true,2026-05-23,KvK #14,KvK #14,2026-05-23T17:32:10.950Z,2026-05-23T17:32:10.950Z,197,195
6102,14,1266,1269,1269,1269,1269,1266,true,2026-05-23,KvK #14,KvK #14,2026-05-23T17:32:11.138Z,2026-05-23T17:32:11.138Z,196,195
6103,14,1278,1322,1278,1278,1278,1322,true,2026-05-23,KvK #14,KvK #14,2026-05-23T17:32:11.323Z,2026-05-23T17:32:11.323Z,193,182
6104,14,1279,1283,1279,1283,1279,1283,false,2026-05-23,KvK #14,KvK #14,2026-05-23T17:32:11.511Z,2026-05-23T17:32:11.511Z,193,192
6105,14,1280,1307,1307,1280,1307,1280,false,2026-05-23,KvK #14,KvK #14,2026-05-23T17:32:11.700Z,2026-05-23T17:32:11.700Z,193,186
6106,14,1281,1291,1291,1291,1291,1281,true,2026-05-23,KvK #14,KvK #14,2026-05-23T17:32:11.889Z,2026-05-23T17:32:11.889Z,193,190
6107,14,1282,1286,1286,1286,1286,1282,true,2026-05-23,KvK #14,KvK #14,2026-05-23T17:32:12.112Z,2026-05-23T17:32:12.112Z,193,191
6108,14,1284,1329,1284,1284,1284,1329,true,2026-05-23,KvK #14,KvK #14,2026-05-23T17:32:12.304Z,2026-05-23T17:32:12.304Z,192,180
6109,14,1285,1296,1296,1285,1296,1285,false,2026-05-23,KvK #14,KvK #14,2026-05-23T17:32:12.493Z,2026-05-23T17:32:12.493Z,192,188
6110,14,1287,1311,1287,1287,1287,1311,true,2026-05-23,KvK #14,KvK #14,2026-05-23T17:32:12.683Z,2026-05-23T17:32:12.683Z,191,185
6111,14,1288,1300,1300,1300,1300,1288,true,2026-05-23,KvK #14,KvK #14,2026-05-23T17:32:12.872Z,2026-05-23T17:32:12.872Z,191,188
6112,14,1289,1316,1289,1289,1289,1316,true,2026-05-23,KvK #14,KvK #14,2026-05-23T17:32:13.059Z,2026-05-23T17:32:13.059Z,191,184
6113,14,1290,1301,1290,1290,1290,1301,true,2026-05-23,KvK #14,KvK #14,2026-05-23T17:32:13.249Z,2026-05-23T17:32:13.249Z,190,187
6114,14,1292,1319,1319,1292,1319,1292,false,2026-05-23,KvK #14,KvK #14,2026-05-23T17:32:13.436Z,2026-05-23T17:32:13.436Z,190,183
6115,14,1293,1317,1293,1293,1293,1317,true,2026-05-23,KvK #14,KvK #14,2026-05-23T17:32:13.634Z,2026-05-23T17:32:13.634Z,189,183
6116,14,1294,1303,1294,1303,1294,1303,false,2026-05-23,KvK #14,KvK #14,2026-05-23T17:32:13.825Z,2026-05-23T17:32:13.825Z,189,187
6117,14,1295,1306,1295,1295,1295,1306,true,2026-05-23,KvK #14,KvK #14,2026-05-23T17:32:14.014Z,2026-05-23T17:32:14.014Z,189,186
6118,14,1297,1318,1297,1318,1297,1318,false,2026-05-23,KvK #14,KvK #14,2026-05-23T17:32:14.205Z,2026-05-23T17:32:14.205Z,188,183
6119,14,1298,1328,1328,1298,1328,1298,false,2026-05-23,KvK #14,KvK #14,2026-05-23T17:32:14.396Z,2026-05-23T17:32:14.396Z,188,180
6120,14,1299,1314,1314,1314,1314,1299,true,2026-05-23,KvK #14,KvK #14,2026-05-23T17:32:14.585Z,2026-05-23T17:32:14.585Z,188,184
6121,14,1302,1325,1302,1302,1302,1325,true,2026-05-23,KvK #14,KvK #14,2026-05-23T17:32:14.773Z,2026-05-23T17:32:14.773Z,187,181
6122,14,1304,1330,1330,1330,1330,1304,true,2026-05-23,KvK #14,KvK #14,2026-05-23T17:32:14.960Z,2026-05-23T17:32:14.960Z,187,180
6123,14,1305,1331,1331,1331,1331,1305,true,2026-05-23,KvK #14,KvK #14,2026-05-23T17:32:15.146Z,2026-05-23T17:32:15.146Z,186,180
6124,14,1308,1312,1312,1308,1312,1308,false,2026-05-23,KvK #14,KvK #14,2026-05-23T17:32:15.337Z,2026-05-23T17:32:15.337Z,186,185
6125,14,1309,1327,1327,1327,1327,1309,true,2026-05-23,KvK #14,KvK #14,2026-05-23T17:32:15.532Z,2026-05-23T17:32:15.532Z,185,181
6126,14,1310,1326,1326,1310,1326,1310,false,2026-05-23,KvK #14,KvK #14,2026-05-23T17:32:16.022Z,2026-05-23T17:32:16.022Z,185,181
6127,14,1313,1320,1313,1320,1313,1320,false,2026-05-23,KvK #14,KvK #14,2026-05-23T17:32:16.211Z,2026-05-23T17:32:16.211Z,185,182
6128,14,1315,1323,1315,1323,1315,1323,false,2026-05-23,KvK #14,KvK #14,2026-05-23T17:32:16.399Z,2026-05-23T17:32:16.399Z,184,181
6129,14,1321,1324,1321,1321,1321,1324,true,2026-05-23,KvK #14,KvK #14,2026-05-23T17:32:16.589Z,2026-05-23T17:32:16.589Z,182,181
6130,14,1332,1335,1332,1335,1332,1335,false,2026-05-23,KvK #14,KvK #14,2026-05-23T17:32:16.788Z,2026-05-23T17:32:16.788Z,179,179
6131,14,1333,1356,1356,1356,1356,1333,true,2026-05-23,KvK #14,KvK #14,2026-05-23T17:32:16.984Z,2026-05-23T17:32:16.984Z,179,173
6132,14,1334,1349,1349,1349,1349,1334,true,2026-05-23,KvK #14,KvK #14,2026-05-23T17:32:17.172Z,2026-05-23T17:32:17.172Z,179,175
6133,14,1336,1368,1368,1336,1368,1336,false,2026-05-23,KvK #14,KvK #14,2026-05-23T17:32:17.361Z,2026-05-23T17:32:17.361Z,179,169
6134,14,1337,1352,1352,1337,1352,1337,false,2026-05-23,KvK #14,KvK #14,2026-05-23T17:32:17.548Z,2026-05-23T17:32:17.548Z,178,174
6135,14,1338,1345,1345,1345,1345,1338,true,2026-05-23,KvK #14,KvK #14,2026-05-23T17:32:17.735Z,2026-05-23T17:32:17.735Z,178,176
6136,14,1339,1350,1339,1339,1339,1350,true,2026-05-23,KvK #14,KvK #14,2026-05-23T17:32:17.923Z,2026-05-23T17:32:17.923Z,178,174
6137,14,1340,1369,1369,1369,1369,1340,true,2026-05-23,KvK #14,KvK #14,2026-05-23T17:32:18.115Z,2026-05-23T17:32:18.115Z,177,169
6138,14,1341,1343,1341,1341,1341,1343,true,2026-05-23,KvK #14,KvK #14,2026-05-23T17:32:18.301Z,2026-05-23T17:32:18.301Z,177,177
6139,14,1342,1381,1381,1381,1381,1342,true,2026-05-23,KvK #14,KvK #14,2026-05-23T17:32:18.490Z,2026-05-23T17:32:18.490Z,177,166
6140,14,1344,1366,1366,1366,1366,1344,true,2026-05-23,KvK #14,KvK #14,2026-05-23T17:32:18.681Z,2026-05-23T17:32:18.681Z,176,170
6141,14,1346,1376,1346,1346,1346,1376,true,2026-05-23,KvK #14,KvK #14,2026-05-23T17:32:18.869Z,2026-05-23T17:32:18.869Z,176,167
6142,14,1347,1358,1358,1358,1358,1347,true,2026-05-23,KvK #14,KvK #14,2026-05-23T17:32:19.070Z,2026-05-23T17:32:19.070Z,175,172
6143,14,1348,1365,1365,1365,1365,1348,true,2026-05-23,KvK #14,KvK #14,2026-05-23T17:32:19.273Z,2026-05-23T17:32:19.273Z,175,170
6144,14,1351,1363,1363,1363,1363,1351,true,2026-05-23,KvK #14,KvK #14,2026-05-23T17:32:19.461Z,2026-05-23T17:32:19.461Z,174,171
6145,14,1353,1367,1367,1353,1367,1353,false,2026-05-23,KvK #14,KvK #14,2026-05-23T17:32:19.648Z,2026-05-23T17:32:19.648Z,173,170
6146,14,1354,1373,1373,1373,1373,1354,true,2026-05-23,KvK #14,KvK #14,2026-05-23T17:32:19.838Z,2026-05-23T17:32:19.838Z,173,168
6147,14,1355,1379,1355,1355,1355,1379,true,2026-05-23,KvK #14,KvK #14,2026-05-23T17:32:20.034Z,2026-05-23T17:32:20.034Z,173,166
6148,14,1357,1370,1357,1357,1357,1370,true,2026-05-23,KvK #14,KvK #14,2026-05-23T17:32:20.235Z,2026-05-23T17:32:20.235Z,173,169
6149,14,1359,1372,1359,1372,1359,1372,false,2026-05-23,KvK #14,KvK #14,2026-05-23T17:32:20.425Z,2026-05-23T17:32:20.425Z,172,168
6150,14,1360,1375,1360,1375,1360,1375,false,2026-05-23,KvK #14,KvK #14,2026-05-23T17:32:20.612Z,2026-05-23T17:32:20.612Z,172,167
6151,14,1361,1378,1361,1378,1361,1378,false,2026-05-23,KvK #14,KvK #14,2026-05-23T17:32:20.801Z,2026-05-23T17:32:20.801Z,171,166
6152,14,1362,1371,1362,1362,1362,1371,true,2026-05-23,KvK #14,KvK #14,2026-05-23T17:32:20.991Z,2026-05-23T17:32:20.991Z,171,168
6153,14,1364,1374,1374,1374,1374,1364,true,2026-05-23,KvK #14,KvK #14,2026-05-23T17:32:21.179Z,2026-05-23T17:32:21.179Z,170,167
6154,14,1377,1380,1380,1380,1380,1377,true,2026-05-23,KvK #14,KvK #14,2026-05-23T17:32:21.368Z,2026-05-23T17:32:21.368Z,167,166
6155,14,1382,1422,1422,1422,1422,1382,true,2026-05-23,KvK #14,KvK #14,2026-05-23T17:32:21.558Z,2026-05-23T17:32:21.558Z,165,153
6156,14,1384,1421,1421,1384,1421,1384,false,2026-05-23,KvK #14,KvK #14,2026-05-23T17:32:21.748Z,2026-05-23T17:32:21.748Z,165,153
6157,14,1385,1393,1385,1385,1385,1393,true,2026-05-23,KvK #14,KvK #14,2026-05-23T17:32:21.936Z,2026-05-23T17:32:21.936Z,165,162
6158,14,1386,1401,1401,1386,1401,1386,false,2026-05-23,KvK #14,KvK #14,2026-05-23T17:32:22.126Z,2026-05-23T17:32:22.126Z,164,159
6159,14,1387,1395,1395,1387,1395,1387,false,2026-05-23,KvK #14,KvK #14,2026-05-23T17:32:22.314Z,2026-05-23T17:32:22.314Z,164,161
6160,14,1388,1408,1408,1388,1408,1388,false,2026-05-23,KvK #14,KvK #14,2026-05-23T17:32:22.501Z,2026-05-23T17:32:22.501Z,163,157
6161,14,1389,1397,1389,1397,1389,1397,false,2026-05-23,KvK #14,KvK #14,2026-05-23T17:32:22.690Z,2026-05-23T17:32:22.690Z,163,160
6162,14,1390,1414,1414,1414,1414,1390,true,2026-05-23,KvK #14,KvK #14,2026-05-23T17:32:22.878Z,2026-05-23T17:32:22.878Z,163,155
6163,14,1391,1410,1391,1391,1391,1410,true,2026-05-23,KvK #14,KvK #14,2026-05-23T17:32:23.066Z,2026-05-23T17:32:23.066Z,163,157
6164,14,1392,1417,1392,1392,1392,1417,true,2026-05-23,KvK #14,KvK #14,2026-05-23T17:32:23.269Z,2026-05-23T17:32:23.269Z,162,154
6165,14,1394,1412,1412,1394,1412,1394,false,2026-05-23,KvK #14,KvK #14,2026-05-23T17:32:23.456Z,2026-05-23T17:32:23.456Z,161,156
6166,14,1396,1418,1396,1418,1396,1418,false,2026-05-23,KvK #14,KvK #14,2026-05-23T17:32:23.643Z,2026-05-23T17:32:23.643Z,161,153
6167,14,1398,1423,1423,1423,1423,1398,true,2026-05-23,KvK #14,KvK #14,2026-05-23T17:32:23.833Z,2026-05-23T17:32:23.833Z,160,152
6168,14,1399,1405,1399,1399,1399,1405,true,2026-05-23,KvK #14,KvK #14,2026-05-23T17:32:24.020Z,2026-05-23T17:32:24.020Z,160,158
6169,14,1400,1409,1400,1400,1400,1409,true,2026-05-23,KvK #14,KvK #14,2026-05-23T17:32:24.215Z,2026-05-23T17:32:24.215Z,160,157
6170,14,1402,1413,1402,1402,1402,1413,true,2026-05-23,KvK #14,KvK #14,2026-05-23T17:32:24.403Z,2026-05-23T17:32:24.403Z,159,156
6171,14,1403,1424,1424,1424,1424,1403,true,2026-05-23,KvK #14,KvK #14,2026-05-23T17:32:24.591Z,2026-05-23T17:32:24.591Z,159,152
6172,14,1404,1406,1406,1404,1406,1404,false,2026-05-23,KvK #14,KvK #14,2026-05-23T17:32:24.778Z,2026-05-23T17:32:24.778Z,158,158
6173,14,1407,1425,1425,1425,1425,1407,true,2026-05-23,KvK #14,KvK #14,2026-05-23T17:32:24.965Z,2026-05-23T17:32:24.965Z,157,152
6174,14,1411,1426,1426,1426,1426,1411,true,2026-05-23,KvK #14,KvK #14,2026-05-23T17:32:25.192Z,2026-05-23T17:32:25.192Z,156,152
6175,14,1415,1420,1415,1420,1415,1420,false,2026-05-23,KvK #14,KvK #14,2026-05-23T17:32:25.381Z,2026-05-23T17:32:25.381Z,155,153
6176,14,1416,1419,1416,1416,1416,1419,true,2026-05-23,KvK #14,KvK #14,2026-05-23T17:32:25.569Z,2026-05-23T17:32:25.569Z,154,153
6177,14,1427,1483,1483,1427,1483,1427,false,2026-05-23,KvK #14,KvK #14,2026-05-23T17:32:25.758Z,2026-05-23T17:32:25.758Z,151,141
6178,14,1428,1502,1502,1502,1502,1428,true,2026-05-23,KvK #14,KvK #14,2026-05-23T17:32:25.960Z,2026-05-23T17:32:25.960Z,151,138
6179,14,1429,1430,1429,1430,1429,1430,false,2026-05-23,KvK #14,KvK #14,2026-05-23T17:32:26.447Z,2026-05-23T17:32:26.447Z,151,151
6180,14,1431,1470,1470,1470,1470,1431,true,2026-05-23,KvK #14,KvK #14,2026-05-23T17:32:26.635Z,2026-05-23T17:32:26.635Z,150,143
6181,14,1432,1459,1459,1459,1459,1432,true,2026-05-23,KvK #14,KvK #14,2026-05-23T17:32:26.826Z,2026-05-23T17:32:26.826Z,150,144
6182,14,1433,1435,1435,1433,1435,1433,false,2026-05-23,KvK #14,KvK #14,2026-05-23T17:32:27.016Z,2026-05-23T17:32:27.016Z,150,149
6183,14,1434,1491,1491,1491,1491,1434,true,2026-05-23,KvK #14,KvK #14,2026-05-23T17:32:27.204Z,2026-05-23T17:32:27.204Z,149,139
6184,14,1436,1496,1496,1496,1496,1436,true,2026-05-23,KvK #14,KvK #14,2026-05-23T17:32:27.393Z,2026-05-23T17:32:27.393Z,149,139
6185,14,1437,1495,1437,1437,1437,1495,true,2026-05-23,KvK #14,KvK #14,2026-05-23T17:32:28.885Z,2026-05-23T17:32:28.885Z,149,139
6186,14,1438,1447,1438,1438,1438,1447,true,2026-05-23,KvK #14,KvK #14,2026-05-23T17:32:29.078Z,2026-05-23T17:32:29.078Z,149,146
6187,14,1439,1462,1462,1462,1462,1439,true,2026-05-23,KvK #14,KvK #14,2026-05-23T17:32:29.266Z,2026-05-23T17:32:29.266Z,148,144
6188,14,1440,1466,1466,1466,1466,1440,true,2026-05-23,KvK #14,KvK #14,2026-05-23T17:32:29.452Z,2026-05-23T17:32:29.452Z,148,143
6189,14,1441,1501,1501,1501,1501,1441,true,2026-05-23,KvK #14,KvK #14,2026-05-23T17:32:29.643Z,2026-05-23T17:32:29.643Z,148,138
6190,14,1442,1444,1444,1444,1444,1442,true,2026-05-23,KvK #14,KvK #14,2026-05-23T17:32:29.833Z,2026-05-23T17:32:29.833Z,148,147
6191,14,1443,1465,1465,1443,1465,1443,false,2026-05-23,KvK #14,KvK #14,2026-05-23T17:32:30.023Z,2026-05-23T17:32:30.023Z,147,144
6192,14,1445,1482,1482,1482,1482,1445,true,2026-05-23,KvK #14,KvK #14,2026-05-23T17:32:30.213Z,2026-05-23T17:32:30.213Z,147,141
6193,14,1446,1492,1492,1446,1492,1446,false,2026-05-23,KvK #14,KvK #14,2026-05-23T17:32:30.402Z,2026-05-23T17:32:30.402Z,147,139
6194,14,1448,1472,1448,1472,1448,1472,false,2026-05-23,KvK #14,KvK #14,2026-05-23T17:32:30.591Z,2026-05-23T17:32:30.591Z,146,142
6195,14,1449,1473,1449,1449,1449,1473,true,2026-05-23,KvK #14,KvK #14,2026-05-23T17:32:30.781Z,2026-05-23T17:32:30.781Z,146,142
6196,14,1450,1490,1450,1490,1450,1490,false,2026-05-23,KvK #14,KvK #14,2026-05-23T17:32:30.972Z,2026-05-23T17:32:30.972Z,146,139
6197,14,1451,1493,1493,1451,1493,1451,false,2026-05-23,KvK #14,KvK #14,2026-05-23T17:32:31.161Z,2026-05-23T17:32:31.161Z,146,139
6198,14,1452,1489,1452,1489,1452,1489,false,2026-05-23,KvK #14,KvK #14,2026-05-23T17:32:31.350Z,2026-05-23T17:32:31.350Z,146,140
6199,14,1453,1478,1453,1453,1453,1478,true,2026-05-23,KvK #14,KvK #14,2026-05-23T17:32:31.539Z,2026-05-23T17:32:31.539Z,145,141
6200,14,1454,1480,1454,1480,1454,1480,false,2026-05-23,KvK #14,KvK #14,2026-05-23T17:32:31.732Z,2026-05-23T17:32:31.732Z,145,141
6201,14,1455,1500,1500,1455,1500,1455,false,2026-05-23,KvK #14,KvK #14,2026-05-23T17:32:31.921Z,2026-05-23T17:32:31.921Z,145,138
6202,14,1456,1460,1456,1456,1456,1460,true,2026-05-23,KvK #14,KvK #14,2026-05-23T17:32:32.110Z,2026-05-23T17:32:32.110Z,145,144
6203,14,1457,1469,1457,1457,1457,1469,true,2026-05-23,KvK #14,KvK #14,2026-05-23T17:32:32.297Z,2026-05-23T17:32:32.297Z,145,143
6204,14,1458,1484,1458,1484,1458,1484,false,2026-05-23,KvK #14,KvK #14,2026-05-23T17:32:32.488Z,2026-05-23T17:32:32.488Z,145,140
6205,14,1461,1479,1479,1479,1479,1461,true,2026-05-23,KvK #14,KvK #14,2026-05-23T17:32:32.676Z,2026-05-23T17:32:32.676Z,144,141
6206,14,1463,1494,1494,1494,1494,1463,true,2026-05-23,KvK #14,KvK #14,2026-05-23T17:32:32.871Z,2026-05-23T17:32:32.871Z,144,139
6207,14,1464,1485,1464,1485,1464,1485,false,2026-05-23,KvK #14,KvK #14,2026-05-23T17:32:33.060Z,2026-05-23T17:32:33.060Z,144,140
6208,14,1467,1476,1476,1467,1476,1467,false,2026-05-23,KvK #14,KvK #14,2026-05-23T17:32:33.248Z,2026-05-23T17:32:33.248Z,143,142
6209,14,1468,1471,1471,1468,1471,1468,false,2026-05-23,KvK #14,KvK #14,2026-05-23T17:32:33.445Z,2026-05-23T17:32:33.445Z,143,143
6210,14,1474,1499,1499,1499,1499,1474,true,2026-05-23,KvK #14,KvK #14,2026-05-23T17:32:33.632Z,2026-05-23T17:32:33.632Z,142,138
6211,14,1475,1486,1486,1486,1486,1475,true,2026-05-23,KvK #14,KvK #14,2026-05-23T17:32:33.820Z,2026-05-23T17:32:33.820Z,142,140
6212,14,1477,1481,1477,1481,1477,1481,false,2026-05-23,KvK #14,KvK #14,2026-05-23T17:32:34.008Z,2026-05-23T17:32:34.008Z,142,141
6213,14,1487,1488,1488,1488,1488,1487,true,2026-05-23,KvK #14,KvK #14,2026-05-23T17:32:34.200Z,2026-05-23T17:32:34.200Z,140,140
6214,14,1497,1498,1498,1498,1498,1497,true,2026-05-23,KvK #14,KvK #14,2026-05-23T17:32:34.700Z,2026-05-23T17:32:34.700Z,138,138
6215,14,1503,1524,1524,1524,1524,1503,true,2026-05-23,KvK #14,KvK #14,2026-05-23T17:32:34.887Z,2026-05-23T17:32:34.887Z,137,132
6216,14,1504,1511,1511,1511,1511,1504,true,2026-05-23,KvK #14,KvK #14,2026-05-23T17:32:35.077Z,2026-05-23T17:32:35.077Z,137,136
6217,14,1505,1525,1505,1505,1505,1525,true,2026-05-23,KvK #14,KvK #14,2026-05-23T17:32:35.265Z,2026-05-23T17:32:35.265Z,137,132
6218,14,1506,1527,1527,1527,1527,1506,true,2026-05-23,KvK #14,KvK #14,2026-05-23T17:32:35.454Z,2026-05-23T17:32:35.454Z,137,131
6219,14,1507,1518,1518,1518,1518,1507,true,2026-05-23,KvK #14,KvK #14,2026-05-23T17:32:35.643Z,2026-05-23T17:32:35.643Z,137,134
6220,14,1508,1520,1508,1520,1508,1520,false,2026-05-23,KvK #14,KvK #14,2026-05-23T17:32:35.844Z,2026-05-23T17:32:35.844Z,136,133
6221,14,1509,1523,1509,1509,1509,1523,true,2026-05-23,KvK #14,KvK #14,2026-05-23T17:32:36.038Z,2026-05-23T17:32:36.038Z,136,132
6222,14,1510,1517,1510,1510,1510,1517,true,2026-05-23,KvK #14,KvK #14,2026-05-23T17:32:36.230Z,2026-05-23T17:32:36.230Z,136,134
6223,14,1512,1513,1512,1513,1512,1513,false,2026-05-23,KvK #14,KvK #14,2026-05-23T17:32:36.421Z,2026-05-23T17:32:36.421Z,135,135
6224,14,1514,1529,1529,1529,1529,1514,true,2026-05-23,KvK #14,KvK #14,2026-05-23T17:32:36.609Z,2026-05-23T17:32:36.609Z,135,131
6225,14,1515,1522,1522,1515,1522,1515,false,2026-05-23,KvK #14,KvK #14,2026-05-23T17:32:36.797Z,2026-05-23T17:32:36.797Z,135,132
6226,14,1516,1530,1530,1516,1530,1516,false,2026-05-23,KvK #14,KvK #14,2026-05-23T17:32:36.984Z,2026-05-23T17:32:36.984Z,135,131
6227,14,1519,1555,1519,1555,1519,1555,false,2026-05-23,KvK #14,KvK #14,2026-05-23T17:32:37.180Z,2026-05-23T17:32:37.180Z,133,124
6228,14,1521,1526,1526,1521,1526,1521,false,2026-05-23,KvK #14,KvK #14,2026-05-23T17:32:37.368Z,2026-05-23T17:32:37.368Z,133,132
6229,14,1528,1531,1531,1531,1531,1528,true,2026-05-23,KvK #14,KvK #14,2026-05-23T17:32:37.555Z,2026-05-23T17:32:37.555Z,131,131
6230,14,1532,1543,1543,1532,1543,1532,false,2026-05-23,KvK #14,KvK #14,2026-05-23T17:32:37.742Z,2026-05-23T17:32:37.742Z,130,127
6231,14,1533,1546,1546,1546,1546,1533,true,2026-05-23,KvK #14,KvK #14,2026-05-23T17:32:37.932Z,2026-05-23T17:32:37.932Z,130,127
6232,14,1534,1545,1534,1534,1534,1545,true,2026-05-23,KvK #14,KvK #14,2026-05-23T17:32:38.120Z,2026-05-23T17:32:38.120Z,130,127
6233,14,1535,1538,1538,1538,1538,1535,true,2026-05-23,KvK #14,KvK #14,2026-05-23T17:32:38.308Z,2026-05-23T17:32:38.308Z,130,129
6234,14,1536,1548,1536,1536,1536,1548,true,2026-05-23,KvK #14,KvK #14,2026-05-23T17:32:38.497Z,2026-05-23T17:32:38.497Z,129,126
6235,14,1537,1553,1537,1537,1537,1553,true,2026-05-23,KvK #14,KvK #14,2026-05-23T17:32:38.684Z,2026-05-23T17:32:38.684Z,129,125
6236,14,1539,1542,1542,1542,1542,1539,true,2026-05-23,KvK #14,KvK #14,2026-05-23T17:32:38.872Z,2026-05-23T17:32:38.872Z,128,127
6237,14,1540,1547,1547,1547,1547,1540,true,2026-05-23,KvK #14,KvK #14,2026-05-23T17:32:39.060Z,2026-05-23T17:32:39.060Z,128,126
6238,14,1541,1549,1549,1541,1549,1541,false,2026-05-23,KvK #14,KvK #14,2026-05-23T17:32:39.249Z,2026-05-23T17:32:39.249Z,128,126
6239,14,1544,1552,1544,1544,1544,1552,true,2026-05-23,KvK #14,KvK #14,2026-05-23T17:32:39.436Z,2026-05-23T17:32:39.436Z,127,125
6240,14,1550,1558,1558,1550,1558,1550,false,2026-05-23,KvK #14,KvK #14,2026-05-23T17:32:39.626Z,2026-05-23T17:32:39.626Z,125,124
6241,14,1551,1556,1551,1551,1551,1556,true,2026-05-23,KvK #14,KvK #14,2026-05-23T17:32:39.818Z,2026-05-23T17:32:39.818Z,125,124
6242,14,1554,1557,1557,1554,1557,1554,false,2026-05-23,KvK #14,KvK #14,2026-05-23T17:32:40.003Z,2026-05-23T17:32:40.003Z,125,124
6243,14,1559,1570,1559,1559,1559,1570,true,2026-05-23,KvK #14,KvK #14,2026-05-23T17:32:40.192Z,2026-05-23T17:32:40.192Z,123,121
6244,14,1560,1591,1560,1560,1560,1591,true,2026-05-23,KvK #14,KvK #14,2026-05-23T17:32:40.381Z,2026-05-23T17:32:40.381Z,123,117
6245,14,1561,1562,1561,1562,1561,1562,false,2026-05-23,KvK #14,KvK #14,2026-05-23T17:32:40.583Z,2026-05-23T17:32:40.583Z,123,123
6246,14,1563,1590,1590,1590,1590,1563,true,2026-05-23,KvK #14,KvK #14,2026-05-23T17:32:40.778Z,2026-05-23T17:32:40.778Z,122,117
6247,14,1564,1579,1579,1564,1579,1564,false,2026-05-23,KvK #14,KvK #14,2026-05-23T17:32:40.980Z,2026-05-23T17:32:40.980Z,122,119
6248,14,1565,1575,1565,1565,1565,1575,true,2026-05-23,KvK #14,KvK #14,2026-05-23T17:32:41.168Z,2026-05-23T17:32:41.168Z,122,120
6249,14,1566,1594,1566,1566,1566,1594,true,2026-05-23,KvK #14,KvK #14,2026-05-23T17:32:41.357Z,2026-05-23T17:32:41.357Z,122,117
6250,14,1567,1577,1567,1577,1567,1577,false,2026-05-23,KvK #14,KvK #14,2026-05-23T17:32:41.554Z,2026-05-23T17:32:41.554Z,121,119
6251,14,1568,1592,1592,1568,1592,1568,false,2026-05-23,KvK #14,KvK #14,2026-05-23T17:32:41.744Z,2026-05-23T17:32:41.744Z,121,117
6252,14,1569,1587,1587,1587,1587,1569,true,2026-05-23,KvK #14,KvK #14,2026-05-23T17:32:41.935Z,2026-05-23T17:32:41.935Z,121,118
6253,14,1571,1585,1571,1571,1571,1585,true,2026-05-23,KvK #14,KvK #14,2026-05-23T17:32:42.124Z,2026-05-23T17:32:42.124Z,121,118
6254,14,1572,1578,1572,1572,1572,1578,true,2026-05-23,KvK #14,KvK #14,2026-05-23T17:32:42.315Z,2026-05-23T17:32:42.315Z,120,119
6255,14,1573,1586,1586,1586,1586,1573,true,2026-05-23,KvK #14,KvK #14,2026-05-23T17:32:42.503Z,2026-05-23T17:32:42.503Z,120,118
6256,14,1574,1583,1574,1574,1574,1583,true,2026-05-23,KvK #14,KvK #14,2026-05-23T17:32:42.693Z,2026-05-23T17:32:42.693Z,120,118
6257,14,1576,1584,1584,1584,1584,1576,true,2026-05-23,KvK #14,KvK #14,2026-05-23T17:32:42.889Z,2026-05-23T17:32:42.889Z,119,118
6258,14,1580,1588,1588,1588,1588,1580,true,2026-05-23,KvK #14,KvK #14,2026-05-23T17:32:43.078Z,2026-05-23T17:32:43.078Z,119,117
6259,14,1581,1593,1593,1593,1593,1581,true,2026-05-23,KvK #14,KvK #14,2026-05-23T17:32:43.281Z,2026-05-23T17:32:43.281Z,118,117
6260,14,1582,1589,1589,1582,1589,1582,false,2026-05-23,KvK #14,KvK #14,2026-05-23T17:32:44.718Z,2026-05-23T17:32:44.718Z,118,117
6261,14,1595,1600,1595,1595,1595,1600,true,2026-05-23,KvK #14,KvK #14,2026-05-23T17:32:44.915Z,2026-05-23T17:32:44.915Z,116,115
6262,14,1596,1623,1623,1596,1623,1596,false,2026-05-23,KvK #14,KvK #14,2026-05-23T17:32:45.107Z,2026-05-23T17:32:45.107Z,116,110
6263,14,1597,1599,1599,1597,1599,1597,false,2026-05-23,KvK #14,KvK #14,2026-05-23T17:32:45.587Z,2026-05-23T17:32:45.587Z,116,116
6264,14,1598,1611,1598,1611,1598,1611,false,2026-05-23,KvK #14,KvK #14,2026-05-23T17:32:45.776Z,2026-05-23T17:32:45.776Z,116,113
6265,14,1601,1613,1601,1601,1601,1613,true,2026-05-23,KvK #14,KvK #14,2026-05-23T17:32:45.965Z,2026-05-23T17:32:45.965Z,115,113
6266,14,1602,1614,1614,1614,1614,1602,true,2026-05-23,KvK #14,KvK #14,2026-05-23T17:32:46.446Z,2026-05-23T17:32:46.446Z,115,112
6267,14,1603,1605,1605,1605,1605,1603,true,2026-05-23,KvK #14,KvK #14,2026-05-23T17:32:46.636Z,2026-05-23T17:32:46.636Z,115,114
6268,14,1604,1625,1625,1625,1625,1604,true,2026-05-23,KvK #14,KvK #14,2026-05-23T17:32:46.838Z,2026-05-23T17:32:46.838Z,115,110
6269,14,1606,1618,1606,1606,1606,1618,true,2026-05-23,KvK #14,KvK #14,2026-05-23T17:32:47.030Z,2026-05-23T17:32:47.030Z,114,111
6270,14,1608,1610,1610,1608,1610,1608,false,2026-05-23,KvK #14,KvK #14,2026-05-23T17:32:47.219Z,2026-05-23T17:32:47.219Z,114,113
6271,14,1609,1617,1617,1617,1617,1609,true,2026-05-23,KvK #14,KvK #14,2026-05-23T17:32:47.408Z,2026-05-23T17:32:47.408Z,113,112
6272,14,1612,1621,1612,1621,1612,1621,false,2026-05-23,KvK #14,KvK #14,2026-05-23T17:32:47.600Z,2026-05-23T17:32:47.600Z,113,111
6273,14,1615,1624,1624,1624,1624,1615,true,2026-05-23,KvK #14,KvK #14,2026-05-23T17:32:47.803Z,2026-05-23T17:32:47.803Z,112,110
6274,14,1616,1626,1616,1616,1616,1626,true,2026-05-23,KvK #14,KvK #14,2026-05-23T17:32:47.999Z,2026-05-23T17:32:47.999Z,112,110
6275,14,1619,1627,1627,1627,1627,1619,true,2026-05-23,KvK #14,KvK #14,2026-05-23T17:32:48.188Z,2026-05-23T17:32:48.188Z,111,110
6276,14,1620,1622,1620,1622,1620,1622,false,2026-05-23,KvK #14,KvK #14,2026-05-23T17:32:48.375Z,2026-05-23T17:32:48.375Z,111,111
6277,14,1628,1651,1651,1651,1651,1628,true,2026-05-23,KvK #14,KvK #14,2026-05-23T17:32:48.564Z,2026-05-23T17:32:48.564Z,109,104
6278,14,1629,1648,1648,1648,1648,1629,true,2026-05-23,KvK #14,KvK #14,2026-05-23T17:32:48.753Z,2026-05-23T17:32:48.753Z,109,105
6279,14,1630,1634,1630,1630,1630,1634,true,2026-05-23,KvK #14,KvK #14,2026-05-23T17:32:48.948Z,2026-05-23T17:32:48.948Z,109,108
6280,14,1631,1649,1649,1631,1649,1631,false,2026-05-23,KvK #14,KvK #14,2026-05-23T17:32:49.144Z,2026-05-23T17:32:49.144Z,109,105
6281,14,1632,1655,1655,1655,1655,1632,true,2026-05-23,KvK #14,KvK #14,2026-05-23T17:32:49.334Z,2026-05-23T17:32:49.334Z,109,103
6282,14,1633,1645,1633,1633,1633,1645,true,2026-05-23,KvK #14,KvK #14,2026-05-23T17:32:50.798Z,2026-05-23T17:32:50.798Z,108,106
6283,14,1635,1644,1635,1644,1635,1644,false,2026-05-23,KvK #14,KvK #14,2026-05-23T17:32:50.994Z,2026-05-23T17:32:50.994Z,108,106
6284,14,1636,1659,1659,1659,1659,1636,true,2026-05-23,KvK #14,KvK #14,2026-05-23T17:32:51.184Z,2026-05-23T17:32:51.184Z,108,103
6285,14,1637,1638,1638,1637,1638,1637,false,2026-05-23,KvK #14,KvK #14,2026-05-23T17:32:51.375Z,2026-05-23T17:32:51.375Z,107,107
6286,14,1639,1654,1654,1639,1654,1639,false,2026-05-23,KvK #14,KvK #14,2026-05-23T17:32:51.565Z,2026-05-23T17:32:51.565Z,107,104
6287,14,1640,1653,1640,1653,1640,1653,false,2026-05-23,KvK #14,KvK #14,2026-05-23T17:32:51.753Z,2026-05-23T17:32:51.753Z,107,104
6288,14,1641,1646,1641,1641,1641,1646,true,2026-05-23,KvK #14,KvK #14,2026-05-23T17:32:51.941Z,2026-05-23T17:32:51.941Z,107,106
6289,14,1642,1650,1650,1650,1650,1642,true,2026-05-23,KvK #14,KvK #14,2026-05-23T17:32:52.154Z,2026-05-23T17:32:52.154Z,106,104
6290,14,1643,1658,1643,1658,1643,1658,false,2026-05-23,KvK #14,KvK #14,2026-05-23T17:32:52.353Z,2026-05-23T17:32:52.353Z,106,103
6291,14,1647,1657,1657,1657,1657,1647,true,2026-05-23,KvK #14,KvK #14,2026-05-23T17:32:52.546Z,2026-05-23T17:32:52.546Z,105,103
6292,14,1652,1656,1652,1652,1652,1656,true,2026-05-23,KvK #14,KvK #14,2026-05-23T17:32:52.743Z,2026-05-23T17:32:52.743Z,104,103
6293,14,1660,1666,1666,1660,1666,1660,false,2026-05-23,KvK #14,KvK #14,2026-05-23T17:32:52.942Z,2026-05-23T17:32:52.942Z,102,101
6294,14,1661,1675,1675,1675,1675,1661,true,2026-05-23,KvK #14,KvK #14,2026-05-23T17:32:53.131Z,2026-05-23T17:32:53.131Z,102,98
6295,14,1662,1671,1671,1671,1671,1662,true,2026-05-23,KvK #14,KvK #14,2026-05-23T17:32:53.339Z,2026-05-23T17:32:53.339Z,102,100
6296,14,1663,1686,1663,1663,1663,1686,true,2026-05-23,KvK #14,KvK #14,2026-05-23T17:32:53.578Z,2026-05-23T17:32:53.578Z,102,96
6297,14,1664,1684,1664,1684,1664,1684,false,2026-05-23,KvK #14,KvK #14,2026-05-23T17:32:54.062Z,2026-05-23T17:32:54.062Z,101,97
6298,14,1665,1688,1665,1665,1665,1688,true,2026-05-23,KvK #14,KvK #14,2026-05-23T17:32:54.252Z,2026-05-23T17:32:54.252Z,101,96
6299,14,1667,1681,1681,1681,1681,1667,true,2026-05-23,KvK #14,KvK #14,2026-05-23T17:32:54.439Z,2026-05-23T17:32:54.439Z,100,97
6300,14,1668,1674,1668,1668,1668,1674,true,2026-05-23,KvK #14,KvK #14,2026-05-23T17:32:54.626Z,2026-05-23T17:32:54.626Z,100,99
6301,14,1669,1678,1669,1678,1669,1678,false,2026-05-23,KvK #14,KvK #14,2026-05-23T17:32:54.815Z,2026-05-23T17:32:54.815Z,100,98
6302,14,1670,1683,1670,1670,1670,1683,true,2026-05-23,KvK #14,KvK #14,2026-05-23T17:32:55.003Z,2026-05-23T17:32:55.003Z,100,97
6303,14,1672,1679,1679,1679,1679,1672,true,2026-05-23,KvK #14,KvK #14,2026-05-23T17:32:55.191Z,2026-05-23T17:32:55.191Z,99,97
6304,14,1673,1687,1687,1673,1687,1673,false,2026-05-23,KvK #14,KvK #14,2026-05-23T17:32:55.377Z,2026-05-23T17:32:55.377Z,99,96
6305,14,1676,1677,1677,1677,1677,1676,true,2026-05-23,KvK #14,KvK #14,2026-05-23T17:32:55.864Z,2026-05-23T17:32:55.864Z,98,98
6306,14,1680,1682,1682,1680,1682,1680,false,2026-05-23,KvK #14,KvK #14,2026-05-23T17:32:56.054Z,2026-05-23T17:32:56.054Z,97,97
6307,14,1685,1689,1689,1685,1689,1685,false,2026-05-23,KvK #14,KvK #14,2026-05-23T17:32:56.242Z,2026-05-23T17:32:56.242Z,96,96
6308,14,1690,1709,1690,1709,1690,1709,false,2026-05-23,KvK #14,KvK #14,2026-05-23T17:32:56.430Z,2026-05-23T17:32:56.430Z,95,92
6309,14,1691,1722,1691,1691,1691,1722,true,2026-05-23,KvK #14,KvK #14,2026-05-23T17:32:56.619Z,2026-05-23T17:32:56.619Z,95,90
6310,14,1692,1720,1692,1692,1692,1720,true,2026-05-23,KvK #14,KvK #14,2026-05-23T17:32:56.806Z,2026-05-23T17:32:56.806Z,95,90
6311,14,1693,1718,1718,1718,1718,1693,true,2026-05-23,KvK #14,KvK #14,2026-05-23T17:32:56.992Z,2026-05-23T17:32:56.992Z,95,90
6312,14,1694,1714,1694,1694,1694,1714,true,2026-05-23,KvK #14,KvK #14,2026-05-23T17:32:57.181Z,2026-05-23T17:32:57.181Z,95,91
6313,14,1695,1705,1695,1695,1695,1705,true,2026-05-23,KvK #14,KvK #14,2026-05-23T17:32:57.371Z,2026-05-23T17:32:57.371Z,94,93
6314,14,1696,1723,1696,1696,1696,1723,true,2026-05-23,KvK #14,KvK #14,2026-05-23T17:32:57.559Z,2026-05-23T17:32:57.559Z,94,90
6315,14,1697,1702,1697,1702,1697,1702,false,2026-05-23,KvK #14,KvK #14,2026-05-23T17:32:57.748Z,2026-05-23T17:32:57.748Z,94,93
6316,14,1698,1701,1701,1701,1701,1698,true,2026-05-23,KvK #14,KvK #14,2026-05-23T17:32:57.938Z,2026-05-23T17:32:57.938Z,94,93
6317,14,1699,1729,1699,1729,1699,1729,false,2026-05-23,KvK #14,KvK #14,2026-05-23T17:32:58.126Z,2026-05-23T17:32:58.126Z,94,89
6318,14,1700,1727,1700,1700,1700,1727,true,2026-05-23,KvK #14,KvK #14,2026-05-23T17:32:58.312Z,2026-05-23T17:32:58.312Z,93,89
6319,14,1703,1706,1703,1703,1703,1706,true,2026-05-23,KvK #14,KvK #14,2026-05-23T17:32:58.498Z,2026-05-23T17:32:58.498Z,93,92
6320,14,1704,1715,1715,1715,1715,1704,true,2026-05-23,KvK #14,KvK #14,2026-05-23T17:32:58.689Z,2026-05-23T17:32:58.689Z,93,91
6321,14,1707,1721,1721,1721,1721,1707,true,2026-05-23,KvK #14,KvK #14,2026-05-23T17:32:58.877Z,2026-05-23T17:32:58.877Z,92,90
6322,14,1708,1726,1726,1708,1726,1708,false,2026-05-23,KvK #14,KvK #14,2026-05-23T17:32:59.065Z,2026-05-23T17:32:59.065Z,92,89
6323,14,1710,1719,1710,1710,1710,1719,true,2026-05-23,KvK #14,KvK #14,2026-05-23T17:32:59.255Z,2026-05-23T17:32:59.255Z,92,90
6324,14,1711,1730,1711,1730,1711,1730,false,2026-05-23,KvK #14,KvK #14,2026-05-23T17:32:59.445Z,2026-05-23T17:32:59.445Z,92,89
6325,14,1712,1716,1716,1712,1716,1712,false,2026-05-23,KvK #14,KvK #14,2026-05-23T17:32:59.635Z,2026-05-23T17:32:59.635Z,91,91
6326,14,1713,1725,1725,1725,1725,1713,true,2026-05-23,KvK #14,KvK #14,2026-05-23T17:32:59.823Z,2026-05-23T17:32:59.823Z,91,89
6327,14,1717,1724,1724,1717,1724,1717,false,2026-05-23,KvK #14,KvK #14,2026-05-23T17:33:00.012Z,2026-05-23T17:33:00.012Z,90,89
6328,14,1728,1741,1728,1741,1728,1741,false,2026-05-23,KvK #14,KvK #14,2026-05-23T17:33:00.204Z,2026-05-23T17:33:00.204Z,89,87
6329,14,1731,1733,1733,1731,1733,1731,false,2026-05-23,KvK #14,KvK #14,2026-05-23T17:33:00.396Z,2026-05-23T17:33:00.396Z,88,88
6330,14,1732,1761,1761,1732,1761,1732,false,2026-05-23,KvK #14,KvK #14,2026-05-23T17:33:00.586Z,2026-05-23T17:33:00.586Z,88,83
6331,14,1734,1759,1734,1734,1734,1759,true,2026-05-23,KvK #14,KvK #14,2026-05-23T17:33:00.786Z,2026-05-23T17:33:00.786Z,88,83
6332,14,1735,1743,1735,1735,1735,1743,true,2026-05-23,KvK #14,KvK #14,2026-05-23T17:33:00.973Z,2026-05-23T17:33:00.973Z,88,86
6333,14,1736,1762,1762,1762,1762,1736,true,2026-05-23,KvK #14,KvK #14,2026-05-23T17:33:01.163Z,2026-05-23T17:33:01.163Z,87,82
6334,14,1737,1745,1737,1737,1737,1745,true,2026-05-23,KvK #14,KvK #14,2026-05-23T17:33:01.352Z,2026-05-23T17:33:01.352Z,87,86
6335,14,1738,1748,1748,1738,1748,1738,false,2026-05-23,KvK #14,KvK #14,2026-05-23T17:33:01.541Z,2026-05-23T17:33:01.541Z,87,85
6336,14,1739,1755,1755,1739,1755,1739,false,2026-05-23,KvK #14,KvK #14,2026-05-23T17:33:01.732Z,2026-05-23T17:33:01.732Z,87,84
6337,14,1740,1764,1764,1740,1764,1740,false,2026-05-23,KvK #14,KvK #14,2026-05-23T17:33:01.965Z,2026-05-23T17:33:01.965Z,87,82
6338,14,1742,1750,1750,1750,1750,1742,true,2026-05-23,KvK #14,KvK #14,2026-05-23T17:33:02.154Z,2026-05-23T17:33:02.154Z,86,85
6339,14,1744,1758,1758,1758,1758,1744,true,2026-05-23,KvK #14,KvK #14,2026-05-23T17:33:02.345Z,2026-05-23T17:33:02.345Z,86,83
6340,14,1746,1751,1751,1751,1751,1746,true,2026-05-23,KvK #14,KvK #14,2026-05-23T17:33:02.535Z,2026-05-23T17:33:02.535Z,86,85
6341,14,1747,1760,1747,1747,1747,1760,true,2026-05-23,KvK #14,KvK #14,2026-05-23T17:33:02.757Z,2026-05-23T17:33:02.757Z,85,83
6342,14,1749,1757,1757,1757,1757,1749,true,2026-05-23,KvK #14,KvK #14,2026-05-23T17:33:02.945Z,2026-05-23T17:33:02.945Z,85,83
6343,14,1752,1765,1765,1752,1765,1752,false,2026-05-23,KvK #14,KvK #14,2026-05-23T17:33:03.133Z,2026-05-23T17:33:03.133Z,84,82
6344,14,1753,1775,1753,1775,1753,1775,false,2026-05-23,KvK #14,KvK #14,2026-05-23T17:33:03.323Z,2026-05-23T17:33:03.323Z,84,80
6345,14,1754,1763,1754,1754,1754,1763,true,2026-05-23,KvK #14,KvK #14,2026-05-23T17:33:03.515Z,2026-05-23T17:33:03.515Z,84,82
6346,14,1756,1766,1756,1756,1756,1766,true,2026-05-23,KvK #14,KvK #14,2026-05-23T17:33:03.704Z,2026-05-23T17:33:03.704Z,83,82
6347,14,1767,1768,1767,1767,1767,1768,true,2026-05-23,KvK #14,KvK #14,2026-05-23T17:33:03.893Z,2026-05-23T17:33:03.893Z,81,81
6348,14,1769,1773,1773,1769,1773,1769,false,2026-05-23,KvK #14,KvK #14,2026-05-23T17:33:04.083Z,2026-05-23T17:33:04.083Z,81,80
6349,14,1770,1797,1770,1770,1770,1797,true,2026-05-23,KvK #14,KvK #14,2026-05-23T17:33:04.272Z,2026-05-23T17:33:04.272Z,81,75
6350,14,1771,1791,1771,1771,1771,1791,true,2026-05-23,KvK #14,KvK #14,2026-05-23T17:33:04.460Z,2026-05-23T17:33:04.460Z,80,76
6351,14,1772,1776,1776,1776,1776,1772,true,2026-05-23,KvK #14,KvK #14,2026-05-23T17:33:04.645Z,2026-05-23T17:33:04.645Z,80,79
6352,14,1774,1784,1784,1784,1784,1774,true,2026-05-23,KvK #14,KvK #14,2026-05-23T17:33:04.858Z,2026-05-23T17:33:04.858Z,80,77
6353,14,1777,1788,1777,1777,1777,1788,true,2026-05-23,KvK #14,KvK #14,2026-05-23T17:33:05.048Z,2026-05-23T17:33:05.048Z,79,76
6354,14,1778,1790,1790,1790,1790,1778,true,2026-05-23,KvK #14,KvK #14,2026-05-23T17:33:05.237Z,2026-05-23T17:33:05.237Z,79,76
6355,14,1779,1781,1781,1781,1781,1779,true,2026-05-23,KvK #14,KvK #14,2026-05-23T17:33:05.427Z,2026-05-23T17:33:05.427Z,79,78
6356,14,1780,1785,1785,1780,1785,1780,false,2026-05-23,KvK #14,KvK #14,2026-05-23T17:33:05.615Z,2026-05-23T17:33:05.615Z,78,77
6357,14,1782,1795,1782,1795,1782,1795,false,2026-05-23,KvK #14,KvK #14,2026-05-23T17:33:05.804Z,2026-05-23T17:33:05.804Z,78,75
6358,14,1783,1786,1786,1786,1786,1783,true,2026-05-23,KvK #14,KvK #14,2026-05-23T17:33:05.992Z,2026-05-23T17:33:05.992Z,77,77
6359,14,1787,1793,1793,1793,1793,1787,true,2026-05-23,KvK #14,KvK #14,2026-05-23T17:33:06.184Z,2026-05-23T17:33:06.184Z,76,75
6360,14,1789,1794,1794,1794,1794,1789,true,2026-05-23,KvK #14,KvK #14,2026-05-23T17:33:06.372Z,2026-05-23T17:33:06.372Z,76,75
6361,14,1792,1796,1796,1796,1796,1792,true,2026-05-23,KvK #14,KvK #14,2026-05-23T17:33:06.563Z,2026-05-23T17:33:06.563Z,76,75