kvk_id,season_id,kingdom_a,kingdom_b,prep_winner,castle_winner,attacker,defender,castle_captured,season_date,kvk_title,description,created_at,updated_at,kingdom_a_age_days,kingdom_b_age_days
7314,16,1,19,1,1,1,19,true,2026-07-18,KvK #16 (Latest),KvK #16 (Latest),2026-07-18T17:02:13.024Z,2026-07-18T17:02:13.024Z,509,490
7315,16,3,92,3,3,3,92,true,2026-07-18,KvK #16 (Latest),KvK #16 (Latest),2026-07-18T17:02:13.469Z,2026-07-18T17:02:13.469Z,506,467
7316,16,4,56,56,56,56,4,true,2026-07-18,KvK #16 (Latest),KvK #16 (Latest),2026-07-18T17:02:13.641Z,2026-07-18T17:02:13.641Z,505,478
7317,16,5,24,24,5,24,5,false,2026-07-18,KvK #16 (Latest),KvK #16 (Latest),2026-07-18T17:02:13.809Z,2026-07-18T17:02:13.809Z,504,489
7318,16,6,30,30,6,30,6,false,2026-07-18,KvK #16 (Latest),KvK #16 (Latest),2026-07-18T17:02:13.970Z,2026-07-18T17:02:13.970Z,503,487
7319,16,7,80,80,80,80,7,true,2026-07-18,KvK #16 (Latest),KvK #16 (Latest),2026-07-18T17:02:14.134Z,2026-07-18T17:02:14.134Z,502,469
7320,16,8,52,52,52,52,8,true,2026-07-18,KvK #16 (Latest),KvK #16 (Latest),2026-07-18T17:02:14.300Z,2026-07-18T17:02:14.300Z,501,479
7321,16,9,78,78,78,78,9,true,2026-07-18,KvK #16 (Latest),KvK #16 (Latest),2026-07-18T17:02:14.464Z,2026-07-18T17:02:14.464Z,500,471
7322,16,10,36,36,36,36,10,true,2026-07-18,KvK #16 (Latest),KvK #16 (Latest),2026-07-18T17:02:14.627Z,2026-07-18T17:02:14.627Z,499,484
7323,16,11,67,67,67,67,11,true,2026-07-18,KvK #16 (Latest),KvK #16 (Latest),2026-07-18T17:02:14.789Z,2026-07-18T17:02:14.789Z,498,475
7324,16,12,48,48,48,48,12,true,2026-07-18,KvK #16 (Latest),KvK #16 (Latest),2026-07-18T17:02:14.950Z,2026-07-18T17:02:14.950Z,497,481
7325,16,13,113,113,13,113,13,false,2026-07-18,KvK #16 (Latest),KvK #16 (Latest),2026-07-18T17:02:15.122Z,2026-07-18T17:02:15.122Z,496,461
7326,16,14,90,90,90,90,14,true,2026-07-18,KvK #16 (Latest),KvK #16 (Latest),2026-07-18T17:02:15.286Z,2026-07-18T17:02:15.286Z,495,467
7327,16,15,108,108,15,108,15,false,2026-07-18,KvK #16 (Latest),KvK #16 (Latest),2026-07-18T17:02:15.450Z,2026-07-18T17:02:15.450Z,494,462
7328,16,16,91,16,16,16,91,true,2026-07-18,KvK #16 (Latest),KvK #16 (Latest),2026-07-18T17:02:15.615Z,2026-07-18T17:02:15.615Z,493,467
7329,16,17,46,46,46,46,17,true,2026-07-18,KvK #16 (Latest),KvK #16 (Latest),2026-07-18T17:02:15.776Z,2026-07-18T17:02:15.776Z,492,481
7330,16,18,79,79,79,79,18,true,2026-07-18,KvK #16 (Latest),KvK #16 (Latest),2026-07-18T17:02:15.942Z,2026-07-18T17:02:15.942Z,491,470
7331,16,20,109,109,109,109,20,true,2026-07-18,KvK #16 (Latest),KvK #16 (Latest),2026-07-18T17:02:16.104Z,2026-07-18T17:02:16.104Z,490,462
7332,16,21,39,21,21,21,39,true,2026-07-18,KvK #16 (Latest),KvK #16 (Latest),2026-07-18T17:02:16.264Z,2026-07-18T17:02:16.264Z,490,483
7333,16,22,45,45,22,45,22,false,2026-07-18,KvK #16 (Latest),KvK #16 (Latest),2026-07-18T17:02:16.428Z,2026-07-18T17:02:16.428Z,489,482
7334,16,23,61,61,61,61,23,true,2026-07-18,KvK #16 (Latest),KvK #16 (Latest),2026-07-18T17:02:16.591Z,2026-07-18T17:02:16.591Z,489,476
7335,16,25,110,110,110,110,25,true,2026-07-18,KvK #16 (Latest),KvK #16 (Latest),2026-07-18T17:02:16.757Z,2026-07-18T17:02:16.757Z,489,461
7336,16,26,95,26,26,26,95,true,2026-07-18,KvK #16 (Latest),KvK #16 (Latest),2026-07-18T17:02:16.921Z,2026-07-18T17:02:16.921Z,488,466
7337,16,27,35,27,27,27,35,true,2026-07-18,KvK #16 (Latest),KvK #16 (Latest),2026-07-18T17:02:17.086Z,2026-07-18T17:02:17.086Z,488,484
7338,16,28,114,114,114,114,28,true,2026-07-18,KvK #16 (Latest),KvK #16 (Latest),2026-07-18T17:02:17.255Z,2026-07-18T17:02:17.255Z,487,461
7339,16,29,87,87,87,87,29,true,2026-07-18,KvK #16 (Latest),KvK #16 (Latest),2026-07-18T17:02:17.419Z,2026-07-18T17:02:17.419Z,487,468
7340,16,31,37,31,31,31,37,true,2026-07-18,KvK #16 (Latest),KvK #16 (Latest),2026-07-18T17:02:17.581Z,2026-07-18T17:02:17.581Z,485,483
7341,16,32,115,115,32,115,32,false,2026-07-18,KvK #16 (Latest),KvK #16 (Latest),2026-07-18T17:02:17.743Z,2026-07-18T17:02:17.743Z,486,461
7342,16,33,43,43,43,43,33,true,2026-07-18,KvK #16 (Latest),KvK #16 (Latest),2026-07-18T17:02:17.905Z,2026-07-18T17:02:17.905Z,485,482
7343,16,34,69,34,34,34,69,true,2026-07-18,KvK #16 (Latest),KvK #16 (Latest),2026-07-18T17:02:18.066Z,2026-07-18T17:02:18.066Z,485,474
7344,16,38,44,44,44,44,38,true,2026-07-18,KvK #16 (Latest),KvK #16 (Latest),2026-07-18T17:02:18.231Z,2026-07-18T17:02:18.231Z,482,482
7345,16,40,88,88,88,88,40,true,2026-07-18,KvK #16 (Latest),KvK #16 (Latest),2026-07-18T17:02:18.392Z,2026-07-18T17:02:18.392Z,483,468
7346,16,41,49,49,41,49,41,false,2026-07-18,KvK #16 (Latest),KvK #16 (Latest),2026-07-18T17:02:18.551Z,2026-07-18T17:02:18.551Z,483,480
7347,16,42,105,105,105,105,42,true,2026-07-18,KvK #16 (Latest),KvK #16 (Latest),2026-07-18T17:02:18.711Z,2026-07-18T17:02:18.711Z,482,463
7348,16,47,89,89,47,89,47,false,2026-07-18,KvK #16 (Latest),KvK #16 (Latest),2026-07-18T17:02:18.874Z,2026-07-18T17:02:18.874Z,481,468
7349,16,50,107,107,50,107,50,false,2026-07-18,KvK #16 (Latest),KvK #16 (Latest),2026-07-18T17:02:19.037Z,2026-07-18T17:02:19.037Z,480,462
7350,16,51,58,51,51,51,58,true,2026-07-18,KvK #16 (Latest),KvK #16 (Latest),2026-07-18T17:02:19.199Z,2026-07-18T17:02:19.199Z,480,477
7351,16,53,111,111,111,111,53,true,2026-07-18,KvK #16 (Latest),KvK #16 (Latest),2026-07-18T17:02:19.362Z,2026-07-18T17:02:19.362Z,479,461
7352,16,54,93,54,93,54,93,false,2026-07-18,KvK #16 (Latest),KvK #16 (Latest),2026-07-18T17:02:19.527Z,2026-07-18T17:02:19.527Z,479,467
7353,16,55,106,106,106,106,55,true,2026-07-18,KvK #16 (Latest),KvK #16 (Latest),2026-07-18T17:02:19.692Z,2026-07-18T17:02:19.692Z,477,463
7354,16,57,86,86,86,86,57,true,2026-07-18,KvK #16 (Latest),KvK #16 (Latest),2026-07-18T17:02:19.852Z,2026-07-18T17:02:19.852Z,477,468
7355,16,59,96,96,96,96,59,true,2026-07-18,KvK #16 (Latest),KvK #16 (Latest),2026-07-18T17:02:20.016Z,2026-07-18T17:02:20.016Z,477,466
7356,16,60,70,70,70,70,60,true,2026-07-18,KvK #16 (Latest),KvK #16 (Latest),2026-07-18T17:02:20.182Z,2026-07-18T17:02:20.182Z,476,474
7357,16,62,112,62,112,62,112,false,2026-07-18,KvK #16 (Latest),KvK #16 (Latest),2026-07-18T17:02:20.350Z,2026-07-18T17:02:20.350Z,476,461
7358,16,63,71,71,71,71,63,true,2026-07-18,KvK #16 (Latest),KvK #16 (Latest),2026-07-18T17:02:20.512Z,2026-07-18T17:02:20.512Z,476,473
7359,16,64,65,64,64,64,65,true,2026-07-18,KvK #16 (Latest),KvK #16 (Latest),2026-07-18T17:02:20.673Z,2026-07-18T17:02:20.673Z,475,475
7360,16,66,75,75,75,75,66,true,2026-07-18,KvK #16 (Latest),KvK #16 (Latest),2026-07-18T17:02:20.839Z,2026-07-18T17:02:20.839Z,475,472
7361,16,68,77,68,77,68,77,false,2026-07-18,KvK #16 (Latest),KvK #16 (Latest),2026-07-18T17:02:21.000Z,2026-07-18T17:02:21.000Z,474,471
7362,16,72,85,72,85,72,85,false,2026-07-18,KvK #16 (Latest),KvK #16 (Latest),2026-07-18T17:02:21.163Z,2026-07-18T17:02:21.163Z,473,469
7363,16,73,82,73,73,73,82,true,2026-07-18,KvK #16 (Latest),KvK #16 (Latest),2026-07-18T17:02:21.324Z,2026-07-18T17:02:21.324Z,473,469
7364,16,74,76,74,76,74,76,false,2026-07-18,KvK #16 (Latest),KvK #16 (Latest),2026-07-18T17:02:21.486Z,2026-07-18T17:02:21.486Z,472,471
7365,16,81,98,81,98,81,98,false,2026-07-18,KvK #16 (Latest),KvK #16 (Latest),2026-07-18T17:02:21.650Z,2026-07-18T17:02:21.650Z,470,465
7366,16,83,102,83,83,83,102,true,2026-07-18,KvK #16 (Latest),KvK #16 (Latest),2026-07-18T17:02:21.811Z,2026-07-18T17:02:21.811Z,469,464
7367,16,84,104,84,104,84,104,false,2026-07-18,KvK #16 (Latest),KvK #16 (Latest),2026-07-18T17:02:21.970Z,2026-07-18T17:02:21.970Z,469,463
7368,16,94,100,100,94,100,94,false,2026-07-18,KvK #16 (Latest),KvK #16 (Latest),2026-07-18T17:02:22.131Z,2026-07-18T17:02:22.131Z,466,465
7369,16,97,103,97,97,97,103,true,2026-07-18,KvK #16 (Latest),KvK #16 (Latest),2026-07-18T17:02:22.293Z,2026-07-18T17:02:22.293Z,466,463
7370,16,99,101,101,101,101,99,true,2026-07-18,KvK #16 (Latest),KvK #16 (Latest),2026-07-18T17:02:22.451Z,2026-07-18T17:02:22.451Z,465,464
7371,16,116,419,419,419,419,116,true,2026-07-18,KvK #16 (Latest),KvK #16 (Latest),2026-07-18T17:02:22.615Z,2026-07-18T17:02:22.615Z,460,404
7372,16,117,477,117,117,117,477,true,2026-07-18,KvK #16 (Latest),KvK #16 (Latest),2026-07-18T17:02:22.778Z,2026-07-18T17:02:22.778Z,460,394
7373,16,118,281,118,118,118,281,true,2026-07-18,KvK #16 (Latest),KvK #16 (Latest),2026-07-18T17:02:22.945Z,2026-07-18T17:02:22.945Z,460,423
7374,16,119,382,382,382,382,119,true,2026-07-18,KvK #16 (Latest),KvK #16 (Latest),2026-07-18T17:02:23.107Z,2026-07-18T17:02:23.107Z,460,409
7375,16,120,578,578,578,578,120,true,2026-07-18,KvK #16 (Latest),KvK #16 (Latest),2026-07-18T17:02:23.277Z,2026-07-18T17:02:23.277Z,459,378
7376,16,121,363,363,363,363,121,true,2026-07-18,KvK #16 (Latest),KvK #16 (Latest),2026-07-18T17:02:23.454Z,2026-07-18T17:02:23.454Z,459,412
7377,16,122,238,122,122,122,238,true,2026-07-18,KvK #16 (Latest),KvK #16 (Latest),2026-07-18T17:02:23.624Z,2026-07-18T17:02:23.624Z,459,432
7378,16,123,250,123,250,123,250,false,2026-07-18,KvK #16 (Latest),KvK #16 (Latest),2026-07-18T17:02:23.789Z,2026-07-18T17:02:23.789Z,458,429
7379,16,124,534,534,534,534,124,true,2026-07-18,KvK #16 (Latest),KvK #16 (Latest),2026-07-18T17:02:23.954Z,2026-07-18T17:02:23.954Z,458,385
7380,16,125,395,125,125,125,395,true,2026-07-18,KvK #16 (Latest),KvK #16 (Latest),2026-07-18T17:02:24.122Z,2026-07-18T17:02:24.122Z,458,407
7381,16,126,311,126,311,126,311,false,2026-07-18,KvK #16 (Latest),KvK #16 (Latest),2026-07-18T17:02:24.289Z,2026-07-18T17:02:24.289Z,458,418
7382,16,127,510,510,510,510,127,true,2026-07-18,KvK #16 (Latest),KvK #16 (Latest),2026-07-18T17:02:24.453Z,2026-07-18T17:02:24.453Z,457,390
7383,16,128,331,331,128,331,128,false,2026-07-18,KvK #16 (Latest),KvK #16 (Latest),2026-07-18T17:02:24.623Z,2026-07-18T17:02:24.623Z,457,416
7384,16,129,288,288,129,288,129,false,2026-07-18,KvK #16 (Latest),KvK #16 (Latest),2026-07-18T17:02:24.784Z,2026-07-18T17:02:24.784Z,457,422
7385,16,130,275,275,130,275,130,false,2026-07-18,KvK #16 (Latest),KvK #16 (Latest),2026-07-18T17:02:24.947Z,2026-07-18T17:02:24.947Z,456,424
7386,16,131,357,357,357,357,131,true,2026-07-18,KvK #16 (Latest),KvK #16 (Latest),2026-07-18T17:02:25.108Z,2026-07-18T17:02:25.108Z,456,412
7387,16,132,373,373,373,373,132,true,2026-07-18,KvK #16 (Latest),KvK #16 (Latest),2026-07-18T17:02:25.275Z,2026-07-18T17:02:25.275Z,456,410
7388,16,133,209,133,209,133,209,false,2026-07-18,KvK #16 (Latest),KvK #16 (Latest),2026-07-18T17:02:25.433Z,2026-07-18T17:02:25.433Z,456,439
7389,16,134,332,134,134,134,332,true,2026-07-18,KvK #16 (Latest),KvK #16 (Latest),2026-07-18T17:02:25.593Z,2026-07-18T17:02:25.593Z,455,416
7390,16,135,523,523,135,523,135,false,2026-07-18,KvK #16 (Latest),KvK #16 (Latest),2026-07-18T17:02:25.754Z,2026-07-18T17:02:25.754Z,455,387
7391,16,136,207,136,136,136,207,true,2026-07-18,KvK #16 (Latest),KvK #16 (Latest),2026-07-18T17:02:25.923Z,2026-07-18T17:02:25.923Z,455,439
7392,16,137,430,430,137,430,137,false,2026-07-18,KvK #16 (Latest),KvK #16 (Latest),2026-07-18T17:02:26.090Z,2026-07-18T17:02:26.090Z,455,403
7393,16,138,277,277,277,277,138,true,2026-07-18,KvK #16 (Latest),KvK #16 (Latest),2026-07-18T17:02:26.254Z,2026-07-18T17:02:26.254Z,455,424
7394,16,139,376,139,139,139,376,true,2026-07-18,KvK #16 (Latest),KvK #16 (Latest),2026-07-18T17:02:26.432Z,2026-07-18T17:02:26.432Z,454,410
7395,16,140,201,140,201,140,201,false,2026-07-18,KvK #16 (Latest),KvK #16 (Latest),2026-07-18T17:02:26.596Z,2026-07-18T17:02:26.596Z,454,440
7396,16,141,399,399,399,399,141,true,2026-07-18,KvK #16 (Latest),KvK #16 (Latest),2026-07-18T17:02:26.757Z,2026-07-18T17:02:26.757Z,454,407
7397,16,142,527,527,142,527,142,false,2026-07-18,KvK #16 (Latest),KvK #16 (Latest),2026-07-18T17:02:26.920Z,2026-07-18T17:02:26.920Z,454,386
7398,16,143,155,143,143,143,155,true,2026-07-18,KvK #16 (Latest),KvK #16 (Latest),2026-07-18T17:02:27.106Z,2026-07-18T17:02:27.106Z,454,451
7399,16,144,177,177,144,177,144,false,2026-07-18,KvK #16 (Latest),KvK #16 (Latest),2026-07-18T17:02:27.275Z,2026-07-18T17:02:27.275Z,454,446
7400,16,145,433,145,145,145,433,true,2026-07-18,KvK #16 (Latest),KvK #16 (Latest),2026-07-18T17:02:27.438Z,2026-07-18T17:02:27.438Z,453,402
7401,16,146,328,146,146,146,328,true,2026-07-18,KvK #16 (Latest),KvK #16 (Latest),2026-07-18T17:02:27.601Z,2026-07-18T17:02:27.601Z,453,416
7402,16,147,452,147,147,147,452,true,2026-07-18,KvK #16 (Latest),KvK #16 (Latest),2026-07-18T17:02:27.767Z,2026-07-18T17:02:27.767Z,453,398
7403,16,148,348,348,348,348,148,true,2026-07-18,KvK #16 (Latest),KvK #16 (Latest),2026-07-18T17:02:27.938Z,2026-07-18T17:02:27.938Z,453,413
7404,16,149,388,388,149,388,149,false,2026-07-18,KvK #16 (Latest),KvK #16 (Latest),2026-07-18T17:02:28.103Z,2026-07-18T17:02:28.103Z,453,408
7405,16,150,226,150,226,150,226,false,2026-07-18,KvK #16 (Latest),KvK #16 (Latest),2026-07-18T17:02:28.268Z,2026-07-18T17:02:28.268Z,452,433
7406,16,151,156,156,156,156,151,true,2026-07-18,KvK #16 (Latest),KvK #16 (Latest),2026-07-18T17:02:28.436Z,2026-07-18T17:02:28.436Z,452,451
7407,16,152,336,152,152,152,336,true,2026-07-18,KvK #16 (Latest),KvK #16 (Latest),2026-07-18T17:02:28.606Z,2026-07-18T17:02:28.606Z,452,415
7408,16,153,485,153,485,153,485,false,2026-07-18,KvK #16 (Latest),KvK #16 (Latest),2026-07-18T17:02:28.768Z,2026-07-18T17:02:28.768Z,452,394
7409,16,154,324,324,324,324,154,true,2026-07-18,KvK #16 (Latest),KvK #16 (Latest),2026-07-18T17:02:28.930Z,2026-07-18T17:02:28.930Z,452,417
7410,16,157,184,184,157,184,157,false,2026-07-18,KvK #16 (Latest),KvK #16 (Latest),2026-07-18T17:02:29.091Z,2026-07-18T17:02:29.091Z,451,443
7411,16,158,190,158,158,158,190,true,2026-07-18,KvK #16 (Latest),KvK #16 (Latest),2026-07-18T17:02:29.253Z,2026-07-18T17:02:29.253Z,451,443
7412,16,159,307,307,307,307,159,true,2026-07-18,KvK #16 (Latest),KvK #16 (Latest),2026-07-18T17:02:29.420Z,2026-07-18T17:02:29.420Z,450,418
7413,16,160,374,160,374,160,374,false,2026-07-18,KvK #16 (Latest),KvK #16 (Latest),2026-07-18T17:02:29.588Z,2026-07-18T17:02:29.588Z,450,410
7414,16,161,278,278,161,278,161,false,2026-07-18,KvK #16 (Latest),KvK #16 (Latest),2026-07-18T17:02:29.765Z,2026-07-18T17:02:29.765Z,450,424
7415,16,162,240,240,240,240,162,true,2026-07-18,KvK #16 (Latest),KvK #16 (Latest),2026-07-18T17:02:29.933Z,2026-07-18T17:02:29.933Z,450,431
7416,16,163,400,163,163,163,400,true,2026-07-18,KvK #16 (Latest),KvK #16 (Latest),2026-07-18T17:02:30.098Z,2026-07-18T17:02:30.098Z,449,407
7417,16,164,481,481,164,481,164,false,2026-07-18,KvK #16 (Latest),KvK #16 (Latest),2026-07-18T17:02:30.259Z,2026-07-18T17:02:30.259Z,449,394
7418,16,165,351,351,351,351,165,true,2026-07-18,KvK #16 (Latest),KvK #16 (Latest),2026-07-18T17:02:30.427Z,2026-07-18T17:02:30.427Z,449,413
7419,16,166,576,576,166,576,166,false,2026-07-18,KvK #16 (Latest),KvK #16 (Latest),2026-07-18T17:02:30.593Z,2026-07-18T17:02:30.593Z,448,378
7420,16,167,268,167,167,167,268,true,2026-07-18,KvK #16 (Latest),KvK #16 (Latest),2026-07-18T17:02:30.760Z,2026-07-18T17:02:30.760Z,448,426
7421,16,168,385,385,168,385,168,false,2026-07-18,KvK #16 (Latest),KvK #16 (Latest),2026-07-18T17:02:30.940Z,2026-07-18T17:02:30.940Z,448,409
7422,16,169,175,175,169,175,169,false,2026-07-18,KvK #16 (Latest),KvK #16 (Latest),2026-07-18T17:02:31.125Z,2026-07-18T17:02:31.125Z,448,447
7423,16,170,293,293,170,293,170,false,2026-07-18,KvK #16 (Latest),KvK #16 (Latest),2026-07-18T17:02:31.294Z,2026-07-18T17:02:31.294Z,447,421
7424,16,171,260,260,171,260,171,false,2026-07-18,KvK #16 (Latest),KvK #16 (Latest),2026-07-18T17:02:31.469Z,2026-07-18T17:02:31.469Z,447,427
7425,16,172,407,172,172,172,407,true,2026-07-18,KvK #16 (Latest),KvK #16 (Latest),2026-07-18T17:02:31.648Z,2026-07-18T17:02:31.648Z,447,406
7426,16,173,180,180,180,180,173,true,2026-07-18,KvK #16 (Latest),KvK #16 (Latest),2026-07-18T17:02:31.839Z,2026-07-18T17:02:31.839Z,447,445
7427,16,174,213,174,213,174,213,false,2026-07-18,KvK #16 (Latest),KvK #16 (Latest),2026-07-18T17:02:32.008Z,2026-07-18T17:02:32.008Z,447,438
7428,16,176,497,176,497,176,497,false,2026-07-18,KvK #16 (Latest),KvK #16 (Latest),2026-07-18T17:02:32.166Z,2026-07-18T17:02:32.166Z,446,392
7429,16,178,492,178,492,178,492,false,2026-07-18,KvK #16 (Latest),KvK #16 (Latest),2026-07-18T17:02:32.330Z,2026-07-18T17:02:32.330Z,446,392
7430,16,179,561,561,179,561,179,false,2026-07-18,KvK #16 (Latest),KvK #16 (Latest),2026-07-18T17:02:32.497Z,2026-07-18T17:02:32.497Z,446,381
7431,16,181,295,181,295,181,295,false,2026-07-18,KvK #16 (Latest),KvK #16 (Latest),2026-07-18T17:02:32.657Z,2026-07-18T17:02:32.657Z,445,420
7432,16,182,456,456,456,456,182,true,2026-07-18,KvK #16 (Latest),KvK #16 (Latest),2026-07-18T17:02:32.846Z,2026-07-18T17:02:32.846Z,445,399
7433,16,183,426,426,183,426,183,false,2026-07-18,KvK #16 (Latest),KvK #16 (Latest),2026-07-18T17:02:33.011Z,2026-07-18T17:02:33.011Z,445,403
7434,16,185,270,270,185,270,185,false,2026-07-18,KvK #16 (Latest),KvK #16 (Latest),2026-07-18T17:02:33.172Z,2026-07-18T17:02:33.172Z,443,425
7435,16,186,529,529,186,529,186,false,2026-07-18,KvK #16 (Latest),KvK #16 (Latest),2026-07-18T17:02:33.338Z,2026-07-18T17:02:33.338Z,444,386
7436,16,187,320,187,320,187,320,false,2026-07-18,KvK #16 (Latest),KvK #16 (Latest),2026-07-18T17:02:33.503Z,2026-07-18T17:02:33.503Z,444,417
7437,16,188,252,252,252,252,188,true,2026-07-18,KvK #16 (Latest),KvK #16 (Latest),2026-07-18T17:02:33.672Z,2026-07-18T17:02:33.672Z,443,429
7438,16,189,467,467,467,467,189,true,2026-07-18,KvK #16 (Latest),KvK #16 (Latest),2026-07-18T17:02:33.838Z,2026-07-18T17:02:33.838Z,443,397
7439,16,191,246,246,246,246,191,true,2026-07-18,KvK #16 (Latest),KvK #16 (Latest),2026-07-18T17:02:34.000Z,2026-07-18T17:02:34.000Z,443,430
7440,16,192,440,440,440,440,192,true,2026-07-18,KvK #16 (Latest),KvK #16 (Latest),2026-07-18T17:02:34.163Z,2026-07-18T17:02:34.163Z,442,401
7441,16,193,397,193,193,193,397,true,2026-07-18,KvK #16 (Latest),KvK #16 (Latest),2026-07-18T17:02:34.325Z,2026-07-18T17:02:34.325Z,442,407
7442,16,194,203,203,194,203,194,false,2026-07-18,KvK #16 (Latest),KvK #16 (Latest),2026-07-18T17:02:34.489Z,2026-07-18T17:02:34.489Z,442,440
7443,16,195,353,195,195,195,353,true,2026-07-18,KvK #16 (Latest),KvK #16 (Latest),2026-07-18T17:02:34.649Z,2026-07-18T17:02:34.649Z,442,413
7444,16,196,259,259,196,259,196,false,2026-07-18,KvK #16 (Latest),KvK #16 (Latest),2026-07-18T17:02:34.812Z,2026-07-18T17:02:34.812Z,442,427
7445,16,197,552,552,197,552,197,false,2026-07-18,KvK #16 (Latest),KvK #16 (Latest),2026-07-18T17:02:34.975Z,2026-07-18T17:02:34.975Z,441,382
7446,16,198,291,291,291,291,198,true,2026-07-18,KvK #16 (Latest),KvK #16 (Latest),2026-07-18T17:02:35.139Z,2026-07-18T17:02:35.139Z,440,421
7447,16,199,231,231,231,231,199,true,2026-07-18,KvK #16 (Latest),KvK #16 (Latest),2026-07-18T17:02:35.302Z,2026-07-18T17:02:35.302Z,441,434
7448,16,200,273,273,273,273,200,true,2026-07-18,KvK #16 (Latest),KvK #16 (Latest),2026-07-18T17:02:35.464Z,2026-07-18T17:02:35.464Z,440,425
7449,16,202,438,202,202,202,438,true,2026-07-18,KvK #16 (Latest),KvK #16 (Latest),2026-07-18T17:02:35.625Z,2026-07-18T17:02:35.625Z,440,401
7450,16,204,415,415,204,415,204,false,2026-07-18,KvK #16 (Latest),KvK #16 (Latest),2026-07-18T17:02:35.787Z,2026-07-18T17:02:35.787Z,440,404
7451,16,205,445,205,205,205,445,true,2026-07-18,KvK #16 (Latest),KvK #16 (Latest),2026-07-18T17:02:35.965Z,2026-07-18T17:02:35.965Z,440,400
7452,16,206,420,420,420,420,206,true,2026-07-18,KvK #16 (Latest),KvK #16 (Latest),2026-07-18T17:02:36.132Z,2026-07-18T17:02:36.132Z,439,403
7453,16,208,379,208,379,208,379,false,2026-07-18,KvK #16 (Latest),KvK #16 (Latest),2026-07-18T17:02:36.327Z,2026-07-18T17:02:36.327Z,439,410
7454,16,210,244,210,210,210,244,true,2026-07-18,KvK #16 (Latest),KvK #16 (Latest),2026-07-18T17:02:36.494Z,2026-07-18T17:02:36.494Z,439,430
7455,16,211,236,211,236,211,236,false,2026-07-18,KvK #16 (Latest),KvK #16 (Latest),2026-07-18T17:02:36.655Z,2026-07-18T17:02:36.655Z,437,432
7456,16,212,248,248,248,248,212,true,2026-07-18,KvK #16 (Latest),KvK #16 (Latest),2026-07-18T17:02:36.817Z,2026-07-18T17:02:36.817Z,438,430
7457,16,214,261,214,214,214,261,true,2026-07-18,KvK #16 (Latest),KvK #16 (Latest),2026-07-18T17:02:36.992Z,2026-07-18T17:02:36.992Z,438,427
7458,16,215,584,584,215,584,215,false,2026-07-18,KvK #16 (Latest),KvK #16 (Latest),2026-07-18T17:02:37.161Z,2026-07-18T17:02:37.161Z,438,377
7459,16,216,258,216,216,216,258,true,2026-07-18,KvK #16 (Latest),KvK #16 (Latest),2026-07-18T17:02:37.325Z,2026-07-18T17:02:37.325Z,437,427
7460,16,217,272,217,217,217,272,true,2026-07-18,KvK #16 (Latest),KvK #16 (Latest),2026-07-18T17:02:37.496Z,2026-07-18T17:02:37.496Z,437,425
7461,16,218,314,218,218,218,314,true,2026-07-18,KvK #16 (Latest),KvK #16 (Latest),2026-07-18T17:02:37.665Z,2026-07-18T17:02:37.665Z,437,418
7462,16,219,221,219,219,219,221,true,2026-07-18,KvK #16 (Latest),KvK #16 (Latest),2026-07-18T17:02:37.825Z,2026-07-18T17:02:37.825Z,435,436
7463,16,220,502,502,502,502,220,true,2026-07-18,KvK #16 (Latest),KvK #16 (Latest),2026-07-18T17:02:37.989Z,2026-07-18T17:02:37.989Z,436,391
7464,16,222,377,222,222,222,377,true,2026-07-18,KvK #16 (Latest),KvK #16 (Latest),2026-07-18T17:02:38.151Z,2026-07-18T17:02:38.151Z,435,410
7465,16,223,515,515,223,515,223,false,2026-07-18,KvK #16 (Latest),KvK #16 (Latest),2026-07-18T17:02:38.311Z,2026-07-18T17:02:38.311Z,435,389
7466,16,224,323,323,323,323,224,true,2026-07-18,KvK #16 (Latest),KvK #16 (Latest),2026-07-18T17:02:38.471Z,2026-07-18T17:02:38.471Z,435,417
7467,16,225,359,359,225,359,225,false,2026-07-18,KvK #16 (Latest),KvK #16 (Latest),2026-07-18T17:02:38.632Z,2026-07-18T17:02:38.632Z,435,412
7468,16,227,579,227,227,227,579,true,2026-07-18,KvK #16 (Latest),KvK #16 (Latest),2026-07-18T17:02:40.037Z,2026-07-18T17:02:40.037Z,434,378
7469,16,228,557,557,557,557,228,true,2026-07-18,KvK #16 (Latest),KvK #16 (Latest),2026-07-18T17:02:40.204Z,2026-07-18T17:02:40.204Z,434,382
7470,16,229,553,229,229,229,553,true,2026-07-18,KvK #16 (Latest),KvK #16 (Latest),2026-07-18T17:02:40.365Z,2026-07-18T17:02:40.365Z,434,382
7471,16,230,294,230,294,230,294,false,2026-07-18,KvK #16 (Latest),KvK #16 (Latest),2026-07-18T17:02:40.528Z,2026-07-18T17:02:40.528Z,434,421
7472,16,232,429,429,232,429,232,false,2026-07-18,KvK #16 (Latest),KvK #16 (Latest),2026-07-18T17:02:40.692Z,2026-07-18T17:02:40.692Z,433,403
7473,16,233,365,365,365,365,233,true,2026-07-18,KvK #16 (Latest),KvK #16 (Latest),2026-07-18T17:02:40.850Z,2026-07-18T17:02:40.850Z,433,412
7474,16,234,402,234,402,234,402,false,2026-07-18,KvK #16 (Latest),KvK #16 (Latest),2026-07-18T17:02:41.009Z,2026-07-18T17:02:41.009Z,433,406
7475,16,235,468,235,235,235,468,true,2026-07-18,KvK #16 (Latest),KvK #16 (Latest),2026-07-18T17:02:41.177Z,2026-07-18T17:02:41.177Z,433,396
7476,16,237,545,545,237,545,237,false,2026-07-18,KvK #16 (Latest),KvK #16 (Latest),2026-07-18T17:02:41.351Z,2026-07-18T17:02:41.351Z,431,384
7477,16,239,493,239,239,239,493,true,2026-07-18,KvK #16 (Latest),KvK #16 (Latest),2026-07-18T17:02:41.515Z,2026-07-18T17:02:41.515Z,432,392
7478,16,241,565,565,241,565,241,false,2026-07-18,KvK #16 (Latest),KvK #16 (Latest),2026-07-18T17:02:41.681Z,2026-07-18T17:02:41.681Z,431,380
7479,16,242,412,242,242,242,412,true,2026-07-18,KvK #16 (Latest),KvK #16 (Latest),2026-07-18T17:02:41.846Z,2026-07-18T17:02:41.846Z,431,405
7480,16,243,318,243,243,243,318,true,2026-07-18,KvK #16 (Latest),KvK #16 (Latest),2026-07-18T17:02:42.009Z,2026-07-18T17:02:42.009Z,430,417
7481,16,245,562,562,245,562,245,false,2026-07-18,KvK #16 (Latest),KvK #16 (Latest),2026-07-18T17:02:42.173Z,2026-07-18T17:02:42.173Z,430,381
7482,16,247,533,247,247,247,533,true,2026-07-18,KvK #16 (Latest),KvK #16 (Latest),2026-07-18T17:02:42.337Z,2026-07-18T17:02:42.337Z,430,385
7483,16,249,394,249,249,249,394,true,2026-07-18,KvK #16 (Latest),KvK #16 (Latest),2026-07-18T17:02:42.497Z,2026-07-18T17:02:42.497Z,429,407
7484,16,251,559,251,251,251,559,true,2026-07-18,KvK #16 (Latest),KvK #16 (Latest),2026-07-18T17:02:42.659Z,2026-07-18T17:02:42.659Z,429,380
7485,16,253,437,253,437,253,437,false,2026-07-18,KvK #16 (Latest),KvK #16 (Latest),2026-07-18T17:02:42.820Z,2026-07-18T17:02:42.820Z,429,402
7486,16,254,308,308,308,308,254,true,2026-07-18,KvK #16 (Latest),KvK #16 (Latest),2026-07-18T17:02:42.984Z,2026-07-18T17:02:42.984Z,428,419
7487,16,255,401,401,401,401,255,true,2026-07-18,KvK #16 (Latest),KvK #16 (Latest),2026-07-18T17:02:43.146Z,2026-07-18T17:02:43.146Z,428,407
7488,16,256,566,566,566,566,256,true,2026-07-18,KvK #16 (Latest),KvK #16 (Latest),2026-07-18T17:02:43.308Z,2026-07-18T17:02:43.308Z,428,380
7489,16,257,464,464,464,464,257,true,2026-07-18,KvK #16 (Latest),KvK #16 (Latest),2026-07-18T17:02:43.473Z,2026-07-18T17:02:43.473Z,428,396
7490,16,262,346,262,346,262,346,false,2026-07-18,KvK #16 (Latest),KvK #16 (Latest),2026-07-18T17:02:43.641Z,2026-07-18T17:02:43.641Z,426,414
7491,16,263,285,263,285,263,285,false,2026-07-18,KvK #16 (Latest),KvK #16 (Latest),2026-07-18T17:02:43.805Z,2026-07-18T17:02:43.805Z,426,422
7492,16,264,550,264,264,264,550,true,2026-07-18,KvK #16 (Latest),KvK #16 (Latest),2026-07-18T17:02:43.965Z,2026-07-18T17:02:43.965Z,426,383
7493,16,265,381,265,265,265,381,true,2026-07-18,KvK #16 (Latest),KvK #16 (Latest),2026-07-18T17:02:44.126Z,2026-07-18T17:02:44.126Z,426,408
7494,16,266,444,444,266,444,266,false,2026-07-18,KvK #16 (Latest),KvK #16 (Latest),2026-07-18T17:02:44.289Z,2026-07-18T17:02:44.289Z,426,400
7495,16,267,423,267,423,267,423,false,2026-07-18,KvK #16 (Latest),KvK #16 (Latest),2026-07-18T17:02:44.451Z,2026-07-18T17:02:44.451Z,426,404
7496,16,269,371,269,269,269,371,true,2026-07-18,KvK #16 (Latest),KvK #16 (Latest),2026-07-18T17:02:44.612Z,2026-07-18T17:02:44.612Z,425,410
7497,16,271,358,358,358,358,271,true,2026-07-18,KvK #16 (Latest),KvK #16 (Latest),2026-07-18T17:02:44.776Z,2026-07-18T17:02:44.776Z,425,412
7498,16,274,435,435,435,435,274,true,2026-07-18,KvK #16 (Latest),KvK #16 (Latest),2026-07-18T17:02:44.937Z,2026-07-18T17:02:44.937Z,424,402
7499,16,276,356,356,276,356,276,false,2026-07-18,KvK #16 (Latest),KvK #16 (Latest),2026-07-18T17:02:45.101Z,2026-07-18T17:02:45.101Z,424,412
7500,16,279,389,389,279,389,279,false,2026-07-18,KvK #16 (Latest),KvK #16 (Latest),2026-07-18T17:02:45.264Z,2026-07-18T17:02:45.264Z,423,408
7501,16,280,442,442,442,442,280,true,2026-07-18,KvK #16 (Latest),KvK #16 (Latest),2026-07-18T17:02:45.425Z,2026-07-18T17:02:45.425Z,423,400
7502,16,282,487,282,487,282,487,false,2026-07-18,KvK #16 (Latest),KvK #16 (Latest),2026-07-18T17:02:45.604Z,2026-07-18T17:02:45.604Z,423,392
7503,16,283,577,283,577,283,577,false,2026-07-18,KvK #16 (Latest),KvK #16 (Latest),2026-07-18T17:02:45.768Z,2026-07-18T17:02:45.768Z,423,378
7504,16,284,567,284,284,284,567,true,2026-07-18,KvK #16 (Latest),KvK #16 (Latest),2026-07-18T17:02:45.936Z,2026-07-18T17:02:45.936Z,422,380
7505,16,286,403,286,286,286,403,true,2026-07-18,KvK #16 (Latest),KvK #16 (Latest),2026-07-18T17:02:46.102Z,2026-07-18T17:02:46.102Z,422,406
7506,16,287,387,287,387,287,387,false,2026-07-18,KvK #16 (Latest),KvK #16 (Latest),2026-07-18T17:02:46.266Z,2026-07-18T17:02:46.266Z,422,408
7507,16,289,470,470,470,470,289,true,2026-07-18,KvK #16 (Latest),KvK #16 (Latest),2026-07-18T17:02:46.427Z,2026-07-18T17:02:46.427Z,421,396
7508,16,290,362,362,362,362,290,true,2026-07-18,KvK #16 (Latest),KvK #16 (Latest),2026-07-18T17:02:46.590Z,2026-07-18T17:02:46.590Z,421,412
7509,16,292,341,341,341,341,292,true,2026-07-18,KvK #16 (Latest),KvK #16 (Latest),2026-07-18T17:02:46.753Z,2026-07-18T17:02:46.753Z,421,414
7510,16,296,327,296,296,296,327,true,2026-07-18,KvK #16 (Latest),KvK #16 (Latest),2026-07-18T17:02:46.919Z,2026-07-18T17:02:46.919Z,420,416
7511,16,297,305,305,305,305,297,true,2026-07-18,KvK #16 (Latest),KvK #16 (Latest),2026-07-18T17:02:47.081Z,2026-07-18T17:02:47.081Z,419,419
7512,16,298,573,573,298,573,298,false,2026-07-18,KvK #16 (Latest),KvK #16 (Latest),2026-07-18T17:02:47.246Z,2026-07-18T17:02:47.246Z,420,379
7513,16,299,581,581,581,581,299,true,2026-07-18,KvK #16 (Latest),KvK #16 (Latest),2026-07-18T17:02:47.415Z,2026-07-18T17:02:47.415Z,420,377
7514,16,300,532,532,300,532,300,false,2026-07-18,KvK #16 (Latest),KvK #16 (Latest),2026-07-18T17:02:47.584Z,2026-07-18T17:02:47.584Z,420,386
7515,16,301,354,354,301,354,301,false,2026-07-18,KvK #16 (Latest),KvK #16 (Latest),2026-07-18T17:02:47.754Z,2026-07-18T17:02:47.754Z,420,413
7516,16,302,542,542,302,542,302,false,2026-07-18,KvK #16 (Latest),KvK #16 (Latest),2026-07-18T17:02:47.918Z,2026-07-18T17:02:47.918Z,419,384
7517,16,303,530,530,530,530,303,true,2026-07-18,KvK #16 (Latest),KvK #16 (Latest),2026-07-18T17:02:48.080Z,2026-07-18T17:02:48.080Z,419,386
7518,16,304,498,304,498,304,498,false,2026-07-18,KvK #16 (Latest),KvK #16 (Latest),2026-07-18T17:02:48.244Z,2026-07-18T17:02:48.244Z,419,392
7519,16,306,343,343,306,343,306,false,2026-07-18,KvK #16 (Latest),KvK #16 (Latest),2026-07-18T17:02:48.407Z,2026-07-18T17:02:48.407Z,419,414
7520,16,309,508,309,508,309,508,false,2026-07-18,KvK #16 (Latest),KvK #16 (Latest),2026-07-18T17:02:48.577Z,2026-07-18T17:02:48.577Z,419,390
7521,16,310,337,337,337,337,310,true,2026-07-18,KvK #16 (Latest),KvK #16 (Latest),2026-07-18T17:02:48.741Z,2026-07-18T17:02:48.741Z,418,415
7522,16,312,547,312,312,312,547,true,2026-07-18,KvK #16 (Latest),KvK #16 (Latest),2026-07-18T17:02:48.904Z,2026-07-18T17:02:48.904Z,418,383
7523,16,313,316,313,313,313,316,true,2026-07-18,KvK #16 (Latest),KvK #16 (Latest),2026-07-18T17:02:49.066Z,2026-07-18T17:02:49.066Z,418,418
7524,16,315,486,486,486,486,315,true,2026-07-18,KvK #16 (Latest),KvK #16 (Latest),2026-07-18T17:02:49.225Z,2026-07-18T17:02:49.225Z,418,394
7525,16,317,463,463,463,463,317,true,2026-07-18,KvK #16 (Latest),KvK #16 (Latest),2026-07-18T17:02:49.386Z,2026-07-18T17:02:49.386Z,418,398
7526,16,319,411,319,411,319,411,false,2026-07-18,KvK #16 (Latest),KvK #16 (Latest),2026-07-18T17:02:49.549Z,2026-07-18T17:02:49.549Z,417,405
7527,16,321,524,321,524,321,524,false,2026-07-18,KvK #16 (Latest),KvK #16 (Latest),2026-07-18T17:02:49.716Z,2026-07-18T17:02:49.716Z,417,387
7528,16,322,339,322,322,322,339,true,2026-07-18,KvK #16 (Latest),KvK #16 (Latest),2026-07-18T17:02:49.880Z,2026-07-18T17:02:49.880Z,417,415
7529,16,325,366,366,325,366,325,false,2026-07-18,KvK #16 (Latest),KvK #16 (Latest),2026-07-18T17:02:50.050Z,2026-07-18T17:02:50.050Z,416,411
7530,16,326,517,326,326,326,517,true,2026-07-18,KvK #16 (Latest),KvK #16 (Latest),2026-07-18T17:02:50.215Z,2026-07-18T17:02:50.215Z,416,388
7531,16,329,571,571,571,571,329,true,2026-07-18,KvK #16 (Latest),KvK #16 (Latest),2026-07-18T17:02:50.390Z,2026-07-18T17:02:50.390Z,416,379
7532,16,330,380,330,380,330,380,false,2026-07-18,KvK #16 (Latest),KvK #16 (Latest),2026-07-18T17:02:50.568Z,2026-07-18T17:02:50.568Z,416,409
7533,16,333,454,454,454,454,333,true,2026-07-18,KvK #16 (Latest),KvK #16 (Latest),2026-07-18T17:02:50.730Z,2026-07-18T17:02:50.730Z,415,399
7534,16,334,539,539,334,539,334,false,2026-07-18,KvK #16 (Latest),KvK #16 (Latest),2026-07-18T17:02:50.893Z,2026-07-18T17:02:50.893Z,415,385
7535,16,335,345,345,345,345,335,true,2026-07-18,KvK #16 (Latest),KvK #16 (Latest),2026-07-18T17:02:51.056Z,2026-07-18T17:02:51.056Z,415,414
7536,16,338,503,503,503,503,338,true,2026-07-18,KvK #16 (Latest),KvK #16 (Latest),2026-07-18T17:02:51.216Z,2026-07-18T17:02:51.216Z,415,391
7537,16,340,360,340,340,340,360,true,2026-07-18,KvK #16 (Latest),KvK #16 (Latest),2026-07-18T17:02:51.379Z,2026-07-18T17:02:51.379Z,414,412
7538,16,342,483,342,342,342,483,true,2026-07-18,KvK #16 (Latest),KvK #16 (Latest),2026-07-18T17:02:51.547Z,2026-07-18T17:02:51.547Z,414,394
7539,16,344,572,572,344,572,344,false,2026-07-18,KvK #16 (Latest),KvK #16 (Latest),2026-07-18T17:02:51.710Z,2026-07-18T17:02:51.710Z,414,379
7540,16,347,369,369,347,369,347,false,2026-07-18,KvK #16 (Latest),KvK #16 (Latest),2026-07-18T17:02:51.872Z,2026-07-18T17:02:51.872Z,414,411
7541,16,349,465,349,349,349,465,true,2026-07-18,KvK #16 (Latest),KvK #16 (Latest),2026-07-18T17:02:52.041Z,2026-07-18T17:02:52.041Z,413,397
7542,16,350,392,350,350,350,392,true,2026-07-18,KvK #16 (Latest),KvK #16 (Latest),2026-07-18T17:02:52.205Z,2026-07-18T17:02:52.205Z,413,408
7543,16,352,396,352,396,352,396,false,2026-07-18,KvK #16 (Latest),KvK #16 (Latest),2026-07-18T17:02:52.367Z,2026-07-18T17:02:52.367Z,413,407
7544,16,355,431,431,431,431,355,true,2026-07-18,KvK #16 (Latest),KvK #16 (Latest),2026-07-18T17:02:52.527Z,2026-07-18T17:02:52.527Z,413,402
7545,16,361,583,583,583,583,361,true,2026-07-18,KvK #16 (Latest),KvK #16 (Latest),2026-07-18T17:02:52.691Z,2026-07-18T17:02:52.691Z,412,377
7546,16,364,495,495,364,495,364,false,2026-07-18,KvK #16 (Latest),KvK #16 (Latest),2026-07-18T17:02:52.854Z,2026-07-18T17:02:52.854Z,412,391
7547,16,367,538,367,367,367,538,true,2026-07-18,KvK #16 (Latest),KvK #16 (Latest),2026-07-18T17:02:53.023Z,2026-07-18T17:02:53.023Z,411,385
7548,16,368,406,406,406,406,368,true,2026-07-18,KvK #16 (Latest),KvK #16 (Latest),2026-07-18T17:02:53.202Z,2026-07-18T17:02:53.202Z,411,406
7549,16,370,537,370,370,370,537,true,2026-07-18,KvK #16 (Latest),KvK #16 (Latest),2026-07-18T17:02:53.381Z,2026-07-18T17:02:53.381Z,411,385
7550,16,372,466,372,372,372,466,true,2026-07-18,KvK #16 (Latest),KvK #16 (Latest),2026-07-18T17:02:53.545Z,2026-07-18T17:02:53.545Z,410,397
7551,16,375,432,432,432,432,375,true,2026-07-18,KvK #16 (Latest),KvK #16 (Latest),2026-07-18T17:02:53.731Z,2026-07-18T17:02:53.731Z,410,402
7552,16,378,522,522,522,522,378,true,2026-07-18,KvK #16 (Latest),KvK #16 (Latest),2026-07-18T17:02:53.901Z,2026-07-18T17:02:53.901Z,410,388
7553,16,383,425,383,425,383,425,false,2026-07-18,KvK #16 (Latest),KvK #16 (Latest),2026-07-18T17:02:54.098Z,2026-07-18T17:02:54.098Z,409,403
7554,16,384,580,580,580,580,384,true,2026-07-18,KvK #16 (Latest),KvK #16 (Latest),2026-07-18T17:02:54.265Z,2026-07-18T17:02:54.265Z,409,378
7555,16,386,459,459,386,459,386,false,2026-07-18,KvK #16 (Latest),KvK #16 (Latest),2026-07-18T17:02:54.451Z,2026-07-18T17:02:54.451Z,409,398
7556,16,390,418,418,390,418,390,false,2026-07-18,KvK #16 (Latest),KvK #16 (Latest),2026-07-18T17:02:54.613Z,2026-07-18T17:02:54.613Z,408,404
7557,16,391,451,451,391,451,391,false,2026-07-18,KvK #16 (Latest),KvK #16 (Latest),2026-07-18T17:02:54.780Z,2026-07-18T17:02:54.780Z,408,399
7558,16,393,447,393,393,393,447,true,2026-07-18,KvK #16 (Latest),KvK #16 (Latest),2026-07-18T17:02:54.947Z,2026-07-18T17:02:54.947Z,408,400
7559,16,398,455,398,455,398,455,false,2026-07-18,KvK #16 (Latest),KvK #16 (Latest),2026-07-18T17:02:55.117Z,2026-07-18T17:02:55.117Z,407,399
7560,16,404,471,404,404,404,471,true,2026-07-18,KvK #16 (Latest),KvK #16 (Latest),2026-07-18T17:02:55.285Z,2026-07-18T17:02:55.285Z,406,395
7561,16,405,427,427,405,427,405,false,2026-07-18,KvK #16 (Latest),KvK #16 (Latest),2026-07-18T17:02:55.458Z,2026-07-18T17:02:55.458Z,405,403
7562,16,408,569,569,408,569,408,false,2026-07-18,KvK #16 (Latest),KvK #16 (Latest),2026-07-18T17:02:55.639Z,2026-07-18T17:02:55.639Z,406,379
7563,16,409,554,554,409,554,409,false,2026-07-18,KvK #16 (Latest),KvK #16 (Latest),2026-07-18T17:02:55.812Z,2026-07-18T17:02:55.812Z,405,382
7564,16,410,541,541,541,541,410,true,2026-07-18,KvK #16 (Latest),KvK #16 (Latest),2026-07-18T17:02:55.975Z,2026-07-18T17:02:55.975Z,405,384
7565,16,413,469,413,413,413,469,true,2026-07-18,KvK #16 (Latest),KvK #16 (Latest),2026-07-18T17:02:56.137Z,2026-07-18T17:02:56.137Z,405,395
7566,16,414,417,417,417,417,414,true,2026-07-18,KvK #16 (Latest),KvK #16 (Latest),2026-07-18T17:02:56.301Z,2026-07-18T17:02:56.301Z,405,405
7567,16,416,521,521,416,521,416,false,2026-07-18,KvK #16 (Latest),KvK #16 (Latest),2026-07-18T17:02:56.466Z,2026-07-18T17:02:56.466Z,405,388
7568,16,421,434,434,421,434,421,false,2026-07-18,KvK #16 (Latest),KvK #16 (Latest),2026-07-18T17:02:56.633Z,2026-07-18T17:02:56.633Z,404,402
7569,16,422,544,544,422,544,422,false,2026-07-18,KvK #16 (Latest),KvK #16 (Latest),2026-07-18T17:02:56.797Z,2026-07-18T17:02:56.797Z,404,383
7570,16,424,520,520,520,520,424,true,2026-07-18,KvK #16 (Latest),KvK #16 (Latest),2026-07-18T17:02:56.961Z,2026-07-18T17:02:56.961Z,404,388
7571,16,428,474,474,474,474,428,true,2026-07-18,KvK #16 (Latest),KvK #16 (Latest),2026-07-18T17:02:57.124Z,2026-07-18T17:02:57.124Z,403,396
7572,16,436,491,436,491,436,491,false,2026-07-18,KvK #16 (Latest),KvK #16 (Latest),2026-07-18T17:02:57.290Z,2026-07-18T17:02:57.290Z,402,393
7573,16,439,506,439,439,439,506,true,2026-07-18,KvK #16 (Latest),KvK #16 (Latest),2026-07-18T17:02:57.453Z,2026-07-18T17:02:57.453Z,401,389
7574,16,441,501,441,501,441,501,false,2026-07-18,KvK #16 (Latest),KvK #16 (Latest),2026-07-18T17:02:57.617Z,2026-07-18T17:02:57.617Z,401,391
7575,16,443,526,443,443,443,526,true,2026-07-18,KvK #16 (Latest),KvK #16 (Latest),2026-07-18T17:02:57.780Z,2026-07-18T17:02:57.780Z,400,387
7576,16,446,480,446,446,446,480,true,2026-07-18,KvK #16 (Latest),KvK #16 (Latest),2026-07-18T17:02:57.955Z,2026-07-18T17:02:57.955Z,400,395
7577,16,448,519,519,448,519,448,false,2026-07-18,KvK #16 (Latest),KvK #16 (Latest),2026-07-18T17:02:58.118Z,2026-07-18T17:02:58.118Z,400,387
7578,16,449,549,549,449,549,449,false,2026-07-18,KvK #16 (Latest),KvK #16 (Latest),2026-07-18T17:02:58.296Z,2026-07-18T17:02:58.296Z,399,383
7579,16,450,482,450,482,450,482,false,2026-07-18,KvK #16 (Latest),KvK #16 (Latest),2026-07-18T17:02:58.462Z,2026-07-18T17:02:58.462Z,399,394
7580,16,453,476,453,453,453,476,true,2026-07-18,KvK #16 (Latest),KvK #16 (Latest),2026-07-18T17:02:58.627Z,2026-07-18T17:02:58.627Z,399,395
7581,16,457,536,536,457,536,457,false,2026-07-18,KvK #16 (Latest),KvK #16 (Latest),2026-07-18T17:02:58.792Z,2026-07-18T17:02:58.792Z,398,385
7582,16,458,556,556,556,556,458,true,2026-07-18,KvK #16 (Latest),KvK #16 (Latest),2026-07-18T17:02:58.954Z,2026-07-18T17:02:58.954Z,398,382
7583,16,460,496,496,496,496,460,true,2026-07-18,KvK #16 (Latest),KvK #16 (Latest),2026-07-18T17:02:59.114Z,2026-07-18T17:02:59.114Z,398,392
7584,16,461,586,586,586,586,461,true,2026-07-18,KvK #16 (Latest),KvK #16 (Latest),2026-07-18T17:02:59.273Z,2026-07-18T17:02:59.273Z,398,377
7585,16,462,488,488,488,488,462,true,2026-07-18,KvK #16 (Latest),KvK #16 (Latest),2026-07-18T17:02:59.433Z,2026-07-18T17:02:59.433Z,398,393
7586,16,472,500,472,472,472,500,true,2026-07-18,KvK #16 (Latest),KvK #16 (Latest),2026-07-18T17:02:59.593Z,2026-07-18T17:02:59.593Z,396,390
7587,16,473,560,560,473,560,473,false,2026-07-18,KvK #16 (Latest),KvK #16 (Latest),2026-07-18T17:02:59.752Z,2026-07-18T17:02:59.752Z,396,380
7588,16,475,548,475,475,475,548,true,2026-07-18,KvK #16 (Latest),KvK #16 (Latest),2026-07-18T17:02:59.914Z,2026-07-18T17:02:59.914Z,394,383
7589,16,478,543,543,478,543,478,false,2026-07-18,KvK #16 (Latest),KvK #16 (Latest),2026-07-18T17:03:00.074Z,2026-07-18T17:03:00.074Z,395,384
7590,16,479,585,479,479,479,585,true,2026-07-18,KvK #16 (Latest),KvK #16 (Latest),2026-07-18T17:03:00.234Z,2026-07-18T17:03:00.234Z,395,377
7591,16,484,512,484,484,484,512,true,2026-07-18,KvK #16 (Latest),KvK #16 (Latest),2026-07-18T17:03:00.394Z,2026-07-18T17:03:00.394Z,394,389
7592,16,489,555,489,555,489,555,false,2026-07-18,KvK #16 (Latest),KvK #16 (Latest),2026-07-18T17:03:00.554Z,2026-07-18T17:03:00.554Z,393,382
7593,16,490,528,490,528,490,528,false,2026-07-18,KvK #16 (Latest),KvK #16 (Latest),2026-07-18T17:03:00.715Z,2026-07-18T17:03:00.715Z,393,386
7594,16,494,575,494,494,494,575,true,2026-07-18,KvK #16 (Latest),KvK #16 (Latest),2026-07-18T17:03:00.876Z,2026-07-18T17:03:00.876Z,392,378
7595,16,499,516,516,499,516,499,false,2026-07-18,KvK #16 (Latest),KvK #16 (Latest),2026-07-18T17:03:01.041Z,2026-07-18T17:03:01.041Z,391,389
7596,16,504,568,568,504,568,504,false,2026-07-18,KvK #16 (Latest),KvK #16 (Latest),2026-07-18T17:03:01.207Z,2026-07-18T17:03:01.207Z,391,379
7597,16,505,558,558,505,558,505,false,2026-07-18,KvK #16 (Latest),KvK #16 (Latest),2026-07-18T17:03:01.373Z,2026-07-18T17:03:01.373Z,391,381
7598,16,507,582,582,507,582,507,false,2026-07-18,KvK #16 (Latest),KvK #16 (Latest),2026-07-18T17:03:01.539Z,2026-07-18T17:03:01.539Z,389,377
7599,16,509,564,509,564,509,564,false,2026-07-18,KvK #16 (Latest),KvK #16 (Latest),2026-07-18T17:03:01.710Z,2026-07-18T17:03:01.710Z,390,379
7600,16,511,514,511,511,511,514,true,2026-07-18,KvK #16 (Latest),KvK #16 (Latest),2026-07-18T17:03:01.874Z,2026-07-18T17:03:01.874Z,390,389
7601,16,513,570,570,570,570,513,true,2026-07-18,KvK #16 (Latest),KvK #16 (Latest),2026-07-18T17:03:02.040Z,2026-07-18T17:03:02.040Z,389,379
7602,16,518,540,540,540,540,518,true,2026-07-18,KvK #16 (Latest),KvK #16 (Latest),2026-07-18T17:03:02.206Z,2026-07-18T17:03:02.206Z,388,383
7603,16,525,546,525,525,525,546,true,2026-07-18,KvK #16 (Latest),KvK #16 (Latest),2026-07-18T17:03:02.374Z,2026-07-18T17:03:02.374Z,387,383
7604,16,531,551,531,551,531,551,false,2026-07-18,KvK #16 (Latest),KvK #16 (Latest),2026-07-18T17:03:02.540Z,2026-07-18T17:03:02.540Z,386,383
7605,16,535,587,535,535,535,587,true,2026-07-18,KvK #16 (Latest),KvK #16 (Latest),2026-07-18T17:03:02.700Z,2026-07-18T17:03:02.700Z,385,377
7606,16,563,574,563,574,563,574,false,2026-07-18,KvK #16 (Latest),KvK #16 (Latest),2026-07-18T17:03:02.865Z,2026-07-18T17:03:02.865Z,380,378
7607,16,588,603,588,588,588,603,true,2026-07-18,KvK #16 (Latest),KvK #16 (Latest),2026-07-18T17:03:03.039Z,2026-07-18T17:03:03.039Z,376,374
7608,16,589,837,837,589,837,589,false,2026-07-18,KvK #16 (Latest),KvK #16 (Latest),2026-07-18T17:03:03.265Z,2026-07-18T17:03:03.265Z,376,336
7609,16,590,742,742,590,742,590,false,2026-07-18,KvK #16 (Latest),KvK #16 (Latest),2026-07-18T17:03:03.439Z,2026-07-18T17:03:03.439Z,375,351
7610,16,591,770,591,770,591,770,false,2026-07-18,KvK #16 (Latest),KvK #16 (Latest),2026-07-18T17:03:03.604Z,2026-07-18T17:03:03.604Z,376,347
7611,16,592,813,813,813,813,592,true,2026-07-18,KvK #16 (Latest),KvK #16 (Latest),2026-07-18T17:03:03.764Z,2026-07-18T17:03:03.764Z,376,340
7612,16,593,748,748,748,748,593,true,2026-07-18,KvK #16 (Latest),KvK #16 (Latest),2026-07-18T17:03:03.923Z,2026-07-18T17:03:03.923Z,376,350
7613,16,594,696,594,696,594,696,false,2026-07-18,KvK #16 (Latest),KvK #16 (Latest),2026-07-18T17:03:04.084Z,2026-07-18T17:03:04.084Z,375,358
7614,16,595,705,705,705,705,595,true,2026-07-18,KvK #16 (Latest),KvK #16 (Latest),2026-07-18T17:03:04.244Z,2026-07-18T17:03:04.244Z,375,356
7615,16,596,715,715,715,715,596,true,2026-07-18,KvK #16 (Latest),KvK #16 (Latest),2026-07-18T17:03:04.406Z,2026-07-18T17:03:04.406Z,375,356
7616,16,597,669,597,597,597,669,true,2026-07-18,KvK #16 (Latest),KvK #16 (Latest),2026-07-18T17:03:04.565Z,2026-07-18T17:03:04.565Z,375,363
7617,16,598,733,733,598,733,598,false,2026-07-18,KvK #16 (Latest),KvK #16 (Latest),2026-07-18T17:03:04.725Z,2026-07-18T17:03:04.725Z,375,353
7618,16,599,753,753,753,753,599,true,2026-07-18,KvK #16 (Latest),KvK #16 (Latest),2026-07-18T17:03:04.889Z,2026-07-18T17:03:04.889Z,375,350
7619,16,600,658,658,658,658,600,true,2026-07-18,KvK #16 (Latest),KvK #16 (Latest),2026-07-18T17:03:05.054Z,2026-07-18T17:03:05.054Z,374,365
7620,16,601,784,784,601,784,601,false,2026-07-18,KvK #16 (Latest),KvK #16 (Latest),2026-07-18T17:03:05.219Z,2026-07-18T17:03:05.219Z,374,344
7621,16,602,719,719,719,719,602,true,2026-07-18,KvK #16 (Latest),KvK #16 (Latest),2026-07-18T17:03:05.386Z,2026-07-18T17:03:05.386Z,374,355
7622,16,604,816,816,816,816,604,true,2026-07-18,KvK #16 (Latest),KvK #16 (Latest),2026-07-18T17:03:05.552Z,2026-07-18T17:03:05.552Z,374,338
7623,16,605,752,752,752,752,605,true,2026-07-18,KvK #16 (Latest),KvK #16 (Latest),2026-07-18T17:03:05.718Z,2026-07-18T17:03:05.718Z,374,350
7624,16,606,772,772,606,772,606,false,2026-07-18,KvK #16 (Latest),KvK #16 (Latest),2026-07-18T17:03:05.883Z,2026-07-18T17:03:05.883Z,372,346
7625,16,607,782,782,607,782,607,false,2026-07-18,KvK #16 (Latest),KvK #16 (Latest),2026-07-18T17:03:06.049Z,2026-07-18T17:03:06.049Z,373,345
7626,16,608,821,821,608,821,608,false,2026-07-18,KvK #16 (Latest),KvK #16 (Latest),2026-07-18T17:03:06.212Z,2026-07-18T17:03:06.212Z,373,338
7627,16,609,788,788,788,788,609,true,2026-07-18,KvK #16 (Latest),KvK #16 (Latest),2026-07-18T17:03:06.374Z,2026-07-18T17:03:06.374Z,373,344
7628,16,610,718,718,610,718,610,false,2026-07-18,KvK #16 (Latest),KvK #16 (Latest),2026-07-18T17:03:06.537Z,2026-07-18T17:03:06.537Z,373,355
7629,16,611,666,666,666,666,611,true,2026-07-18,KvK #16 (Latest),KvK #16 (Latest),2026-07-18T17:03:06.696Z,2026-07-18T17:03:06.696Z,371,364
7630,16,612,811,811,811,811,612,true,2026-07-18,KvK #16 (Latest),KvK #16 (Latest),2026-07-18T17:03:06.858Z,2026-07-18T17:03:06.858Z,372,340
7631,16,613,710,710,710,710,613,true,2026-07-18,KvK #16 (Latest),KvK #16 (Latest),2026-07-18T17:03:07.020Z,2026-07-18T17:03:07.020Z,372,357
7632,16,614,624,614,624,614,624,false,2026-07-18,KvK #16 (Latest),KvK #16 (Latest),2026-07-18T17:03:07.180Z,2026-07-18T17:03:07.180Z,372,370
7633,16,615,631,615,615,615,631,true,2026-07-18,KvK #16 (Latest),KvK #16 (Latest),2026-07-18T17:03:07.342Z,2026-07-18T17:03:07.342Z,372,368
7634,16,616,668,668,668,668,616,true,2026-07-18,KvK #16 (Latest),KvK #16 (Latest),2026-07-18T17:03:07.501Z,2026-07-18T17:03:07.501Z,370,363
7635,16,617,665,665,665,665,617,true,2026-07-18,KvK #16 (Latest),KvK #16 (Latest),2026-07-18T17:03:07.663Z,2026-07-18T17:03:07.663Z,371,364
7636,16,618,769,618,618,618,769,true,2026-07-18,KvK #16 (Latest),KvK #16 (Latest),2026-07-18T17:03:07.825Z,2026-07-18T17:03:07.825Z,371,347
7637,16,619,807,807,807,807,619,true,2026-07-18,KvK #16 (Latest),KvK #16 (Latest),2026-07-18T17:03:07.985Z,2026-07-18T17:03:07.985Z,370,341
7638,16,620,776,776,620,776,620,false,2026-07-18,KvK #16 (Latest),KvK #16 (Latest),2026-07-18T17:03:08.145Z,2026-07-18T17:03:08.145Z,371,346
7639,16,621,674,674,674,674,621,true,2026-07-18,KvK #16 (Latest),KvK #16 (Latest),2026-07-18T17:03:08.308Z,2026-07-18T17:03:08.308Z,371,363
7640,16,622,736,736,736,736,622,true,2026-07-18,KvK #16 (Latest),KvK #16 (Latest),2026-07-18T17:03:08.471Z,2026-07-18T17:03:08.471Z,371,351
7641,16,623,846,846,623,846,623,false,2026-07-18,KvK #16 (Latest),KvK #16 (Latest),2026-07-18T17:03:08.631Z,2026-07-18T17:03:08.631Z,370,335
7642,16,625,786,786,786,786,625,true,2026-07-18,KvK #16 (Latest),KvK #16 (Latest),2026-07-18T17:03:08.789Z,2026-07-18T17:03:08.789Z,370,343
7643,16,626,716,716,626,716,626,false,2026-07-18,KvK #16 (Latest),KvK #16 (Latest),2026-07-18T17:03:08.955Z,2026-07-18T17:03:08.955Z,370,356
7644,16,627,634,627,634,627,634,false,2026-07-18,KvK #16 (Latest),KvK #16 (Latest),2026-07-18T17:03:09.120Z,2026-07-18T17:03:09.120Z,370,369
7645,16,628,734,734,734,734,628,true,2026-07-18,KvK #16 (Latest),KvK #16 (Latest),2026-07-18T17:03:09.282Z,2026-07-18T17:03:09.282Z,370,353
7646,16,629,745,745,745,745,629,true,2026-07-18,KvK #16 (Latest),KvK #16 (Latest),2026-07-18T17:03:09.445Z,2026-07-18T17:03:09.445Z,370,351
7647,16,630,672,630,672,630,672,false,2026-07-18,KvK #16 (Latest),KvK #16 (Latest),2026-07-18T17:03:09.609Z,2026-07-18T17:03:09.609Z,370,363
7648,16,632,763,763,763,763,632,true,2026-07-18,KvK #16 (Latest),KvK #16 (Latest),2026-07-18T17:03:09.773Z,2026-07-18T17:03:09.773Z,369,348
7649,16,633,751,751,633,751,633,false,2026-07-18,KvK #16 (Latest),KvK #16 (Latest),2026-07-18T17:03:09.933Z,2026-07-18T17:03:09.933Z,368,350
7650,16,635,738,738,738,738,635,true,2026-07-18,KvK #16 (Latest),KvK #16 (Latest),2026-07-18T17:03:10.095Z,2026-07-18T17:03:10.095Z,369,352
7651,16,636,818,818,818,818,636,true,2026-07-18,KvK #16 (Latest),KvK #16 (Latest),2026-07-18T17:03:10.262Z,2026-07-18T17:03:10.262Z,369,339
7652,16,637,765,765,637,765,637,false,2026-07-18,KvK #16 (Latest),KvK #16 (Latest),2026-07-18T17:03:10.421Z,2026-07-18T17:03:10.421Z,369,348
7653,16,638,698,698,638,698,638,false,2026-07-18,KvK #16 (Latest),KvK #16 (Latest),2026-07-18T17:03:10.585Z,2026-07-18T17:03:10.585Z,368,359
7654,16,639,830,830,830,830,639,true,2026-07-18,KvK #16 (Latest),KvK #16 (Latest),2026-07-18T17:03:10.747Z,2026-07-18T17:03:10.747Z,368,337
7655,16,640,711,711,640,711,640,false,2026-07-18,KvK #16 (Latest),KvK #16 (Latest),2026-07-18T17:03:10.911Z,2026-07-18T17:03:10.911Z,368,356
7656,16,641,692,692,641,692,641,false,2026-07-18,KvK #16 (Latest),KvK #16 (Latest),2026-07-18T17:03:11.074Z,2026-07-18T17:03:11.074Z,368,360
7657,16,642,741,642,642,642,741,true,2026-07-18,KvK #16 (Latest),KvK #16 (Latest),2026-07-18T17:03:11.236Z,2026-07-18T17:03:11.236Z,368,351
7658,16,643,667,643,643,643,667,true,2026-07-18,KvK #16 (Latest),KvK #16 (Latest),2026-07-18T17:03:11.400Z,2026-07-18T17:03:11.400Z,368,363
7659,16,644,828,644,828,644,828,false,2026-07-18,KvK #16 (Latest),KvK #16 (Latest),2026-07-18T17:03:11.564Z,2026-07-18T17:03:11.564Z,367,336
7660,16,645,806,806,806,806,645,true,2026-07-18,KvK #16 (Latest),KvK #16 (Latest),2026-07-18T17:03:11.728Z,2026-07-18T17:03:11.728Z,367,341
7661,16,646,657,657,657,657,646,true,2026-07-18,KvK #16 (Latest),KvK #16 (Latest),2026-07-18T17:03:11.889Z,2026-07-18T17:03:11.889Z,367,364
7662,16,647,651,647,651,647,651,false,2026-07-18,KvK #16 (Latest),KvK #16 (Latest),2026-07-18T17:03:12.053Z,2026-07-18T17:03:12.053Z,367,366
7663,16,648,703,703,703,703,648,true,2026-07-18,KvK #16 (Latest),KvK #16 (Latest),2026-07-18T17:03:12.221Z,2026-07-18T17:03:12.221Z,367,358
7664,16,649,700,700,700,700,649,true,2026-07-18,KvK #16 (Latest),KvK #16 (Latest),2026-07-18T17:03:12.384Z,2026-07-18T17:03:12.384Z,366,357
7665,16,650,735,735,650,735,650,false,2026-07-18,KvK #16 (Latest),KvK #16 (Latest),2026-07-18T17:03:12.543Z,2026-07-18T17:03:12.543Z,366,351
7666,16,652,685,685,685,685,652,true,2026-07-18,KvK #16 (Latest),KvK #16 (Latest),2026-07-18T17:03:12.705Z,2026-07-18T17:03:12.705Z,366,361
7667,16,653,681,653,653,653,681,true,2026-07-18,KvK #16 (Latest),KvK #16 (Latest),2026-07-18T17:03:12.865Z,2026-07-18T17:03:12.865Z,366,362
7668,16,654,758,758,654,758,654,false,2026-07-18,KvK #16 (Latest),KvK #16 (Latest),2026-07-18T17:03:13.025Z,2026-07-18T17:03:13.025Z,366,349
7669,16,655,731,655,731,655,731,false,2026-07-18,KvK #16 (Latest),KvK #16 (Latest),2026-07-18T17:03:13.186Z,2026-07-18T17:03:13.186Z,366,353
7670,16,656,725,656,656,656,725,true,2026-07-18,KvK #16 (Latest),KvK #16 (Latest),2026-07-18T17:03:13.346Z,2026-07-18T17:03:13.346Z,365,354
7671,16,659,671,671,671,671,659,true,2026-07-18,KvK #16 (Latest),KvK #16 (Latest),2026-07-18T17:03:13.508Z,2026-07-18T17:03:13.508Z,365,363
7672,16,660,720,660,720,660,720,false,2026-07-18,KvK #16 (Latest),KvK #16 (Latest),2026-07-18T17:03:13.670Z,2026-07-18T17:03:13.670Z,365,355
7673,16,661,743,743,743,743,661,true,2026-07-18,KvK #16 (Latest),KvK #16 (Latest),2026-07-18T17:03:13.830Z,2026-07-18T17:03:13.830Z,364,350
7674,16,662,701,662,701,662,701,false,2026-07-18,KvK #16 (Latest),KvK #16 (Latest),2026-07-18T17:03:13.992Z,2026-07-18T17:03:13.992Z,364,358
7675,16,663,810,663,663,663,810,true,2026-07-18,KvK #16 (Latest),KvK #16 (Latest),2026-07-18T17:03:14.151Z,2026-07-18T17:03:14.151Z,364,340
7676,16,664,825,825,664,825,664,false,2026-07-18,KvK #16 (Latest),KvK #16 (Latest),2026-07-18T17:03:14.315Z,2026-07-18T17:03:14.315Z,364,338
7677,16,670,724,670,724,670,724,false,2026-07-18,KvK #16 (Latest),KvK #16 (Latest),2026-07-18T17:03:14.477Z,2026-07-18T17:03:14.477Z,363,354
7678,16,673,757,757,673,757,673,false,2026-07-18,KvK #16 (Latest),KvK #16 (Latest),2026-07-18T17:03:14.637Z,2026-07-18T17:03:14.637Z,363,349
7679,16,675,697,675,675,675,697,true,2026-07-18,KvK #16 (Latest),KvK #16 (Latest),2026-07-18T17:03:14.798Z,2026-07-18T17:03:14.798Z,362,359
7680,16,676,797,797,676,797,676,false,2026-07-18,KvK #16 (Latest),KvK #16 (Latest),2026-07-18T17:03:14.959Z,2026-07-18T17:03:14.959Z,361,342
7681,16,677,791,791,677,791,677,false,2026-07-18,KvK #16 (Latest),KvK #16 (Latest),2026-07-18T17:03:15.122Z,2026-07-18T17:03:15.122Z,362,343
7682,16,678,684,684,684,684,678,true,2026-07-18,KvK #16 (Latest),KvK #16 (Latest),2026-07-18T17:03:15.285Z,2026-07-18T17:03:15.285Z,362,361
7683,16,679,712,712,679,712,679,false,2026-07-18,KvK #16 (Latest),KvK #16 (Latest),2026-07-18T17:03:15.445Z,2026-07-18T17:03:15.445Z,362,355
7684,16,680,787,680,680,680,787,true,2026-07-18,KvK #16 (Latest),KvK #16 (Latest),2026-07-18T17:03:15.610Z,2026-07-18T17:03:15.610Z,362,344
7685,16,682,756,756,756,756,682,true,2026-07-18,KvK #16 (Latest),KvK #16 (Latest),2026-07-18T17:03:15.775Z,2026-07-18T17:03:15.775Z,360,349
7686,16,683,831,831,831,831,683,true,2026-07-18,KvK #16 (Latest),KvK #16 (Latest),2026-07-18T17:03:15.939Z,2026-07-18T17:03:15.939Z,361,337
7687,16,686,730,686,730,686,730,false,2026-07-18,KvK #16 (Latest),KvK #16 (Latest),2026-07-18T17:03:16.102Z,2026-07-18T17:03:16.102Z,361,352
7688,16,687,835,835,835,835,687,true,2026-07-18,KvK #16 (Latest),KvK #16 (Latest),2026-07-18T17:03:16.265Z,2026-07-18T17:03:16.265Z,360,336
7689,16,688,804,804,688,804,688,false,2026-07-18,KvK #16 (Latest),KvK #16 (Latest),2026-07-18T17:03:16.431Z,2026-07-18T17:03:16.431Z,359,341
7690,16,689,789,689,689,689,789,true,2026-07-18,KvK #16 (Latest),KvK #16 (Latest),2026-07-18T17:03:16.592Z,2026-07-18T17:03:16.592Z,360,344
7691,16,690,800,690,690,690,800,true,2026-07-18,KvK #16 (Latest),KvK #16 (Latest),2026-07-18T17:03:16.755Z,2026-07-18T17:03:16.755Z,360,342
7692,16,691,746,746,746,746,691,true,2026-07-18,KvK #16 (Latest),KvK #16 (Latest),2026-07-18T17:03:16.917Z,2026-07-18T17:03:16.917Z,360,351
7693,16,693,838,693,693,693,838,true,2026-07-18,KvK #16 (Latest),KvK #16 (Latest),2026-07-18T17:03:17.080Z,2026-07-18T17:03:17.080Z,359,336
7694,16,694,750,750,750,750,694,true,2026-07-18,KvK #16 (Latest),KvK #16 (Latest),2026-07-18T17:03:17.241Z,2026-07-18T17:03:17.241Z,359,349
7695,16,695,721,721,695,721,695,false,2026-07-18,KvK #16 (Latest),KvK #16 (Latest),2026-07-18T17:03:17.403Z,2026-07-18T17:03:17.403Z,359,355
7696,16,699,832,832,699,832,699,false,2026-07-18,KvK #16 (Latest),KvK #16 (Latest),2026-07-18T17:03:17.563Z,2026-07-18T17:03:17.563Z,359,337
7697,16,702,779,779,779,779,702,true,2026-07-18,KvK #16 (Latest),KvK #16 (Latest),2026-07-18T17:03:17.727Z,2026-07-18T17:03:17.727Z,358,345
7698,16,704,760,704,704,704,760,true,2026-07-18,KvK #16 (Latest),KvK #16 (Latest),2026-07-18T17:03:17.889Z,2026-07-18T17:03:17.889Z,357,348
7699,16,706,826,706,706,706,826,true,2026-07-18,KvK #16 (Latest),KvK #16 (Latest),2026-07-18T17:03:18.053Z,2026-07-18T17:03:18.053Z,356,338
7700,16,707,799,799,707,799,707,false,2026-07-18,KvK #16 (Latest),KvK #16 (Latest),2026-07-18T17:03:18.213Z,2026-07-18T17:03:18.213Z,357,342
7701,16,708,805,708,708,708,805,true,2026-07-18,KvK #16 (Latest),KvK #16 (Latest),2026-07-18T17:03:18.379Z,2026-07-18T17:03:18.379Z,356,341
7702,16,709,819,819,819,819,709,true,2026-07-18,KvK #16 (Latest),KvK #16 (Latest),2026-07-18T17:03:18.543Z,2026-07-18T17:03:18.543Z,357,339
7703,16,713,771,713,713,713,771,true,2026-07-18,KvK #16 (Latest),KvK #16 (Latest),2026-07-18T17:03:18.708Z,2026-07-18T17:03:18.708Z,356,347
7704,16,714,764,714,714,714,764,true,2026-07-18,KvK #16 (Latest),KvK #16 (Latest),2026-07-18T17:03:18.877Z,2026-07-18T17:03:18.877Z,356,348
7705,16,717,798,798,717,798,717,false,2026-07-18,KvK #16 (Latest),KvK #16 (Latest),2026-07-18T17:03:19.044Z,2026-07-18T17:03:19.044Z,356,342
7706,16,722,840,840,840,840,722,true,2026-07-18,KvK #16 (Latest),KvK #16 (Latest),2026-07-18T17:03:19.204Z,2026-07-18T17:03:19.204Z,355,335
7707,16,723,795,795,723,795,723,false,2026-07-18,KvK #16 (Latest),KvK #16 (Latest),2026-07-18T17:03:19.367Z,2026-07-18T17:03:19.367Z,354,342
7708,16,726,801,801,726,801,726,false,2026-07-18,KvK #16 (Latest),KvK #16 (Latest),2026-07-18T17:03:20.878Z,2026-07-18T17:03:20.878Z,354,342
7709,16,727,749,727,727,727,749,true,2026-07-18,KvK #16 (Latest),KvK #16 (Latest),2026-07-18T17:03:21.038Z,2026-07-18T17:03:21.038Z,354,350
7710,16,728,732,728,732,728,732,false,2026-07-18,KvK #16 (Latest),KvK #16 (Latest),2026-07-18T17:03:21.201Z,2026-07-18T17:03:21.201Z,354,353
7711,16,729,761,729,761,729,761,false,2026-07-18,KvK #16 (Latest),KvK #16 (Latest),2026-07-18T17:03:21.366Z,2026-07-18T17:03:21.366Z,352,348
7712,16,737,777,777,737,777,737,false,2026-07-18,KvK #16 (Latest),KvK #16 (Latest),2026-07-18T17:03:21.531Z,2026-07-18T17:03:21.531Z,352,345
7713,16,739,842,842,842,842,739,true,2026-07-18,KvK #16 (Latest),KvK #16 (Latest),2026-07-18T17:03:21.692Z,2026-07-18T17:03:21.692Z,352,335
7714,16,740,812,812,812,812,740,true,2026-07-18,KvK #16 (Latest),KvK #16 (Latest),2026-07-18T17:03:21.858Z,2026-07-18T17:03:21.858Z,352,340
7715,16,744,802,744,802,744,802,false,2026-07-18,KvK #16 (Latest),KvK #16 (Latest),2026-07-18T17:03:22.019Z,2026-07-18T17:03:22.019Z,351,342
7716,16,747,817,747,747,747,817,true,2026-07-18,KvK #16 (Latest),KvK #16 (Latest),2026-07-18T17:03:22.181Z,2026-07-18T17:03:22.181Z,350,339
7717,16,754,792,754,792,754,792,false,2026-07-18,KvK #16 (Latest),KvK #16 (Latest),2026-07-18T17:03:22.346Z,2026-07-18T17:03:22.346Z,348,343
7718,16,755,796,755,796,755,796,false,2026-07-18,KvK #16 (Latest),KvK #16 (Latest),2026-07-18T17:03:22.511Z,2026-07-18T17:03:22.511Z,349,342
7719,16,759,823,823,759,823,759,false,2026-07-18,KvK #16 (Latest),KvK #16 (Latest),2026-07-18T17:03:22.674Z,2026-07-18T17:03:22.674Z,348,338
7720,16,762,790,790,762,790,762,false,2026-07-18,KvK #16 (Latest),KvK #16 (Latest),2026-07-18T17:03:22.834Z,2026-07-18T17:03:22.834Z,348,343
7721,16,766,793,766,766,766,793,true,2026-07-18,KvK #16 (Latest),KvK #16 (Latest),2026-07-18T17:03:22.996Z,2026-07-18T17:03:22.996Z,347,343
7722,16,767,836,767,767,767,836,true,2026-07-18,KvK #16 (Latest),KvK #16 (Latest),2026-07-18T17:03:23.159Z,2026-07-18T17:03:23.159Z,347,336
7723,16,768,845,845,768,845,768,false,2026-07-18,KvK #16 (Latest),KvK #16 (Latest),2026-07-18T17:03:23.323Z,2026-07-18T17:03:23.323Z,347,335
7724,16,773,780,780,780,780,773,true,2026-07-18,KvK #16 (Latest),KvK #16 (Latest),2026-07-18T17:03:23.488Z,2026-07-18T17:03:23.488Z,346,345
7725,16,774,781,774,774,774,781,true,2026-07-18,KvK #16 (Latest),KvK #16 (Latest),2026-07-18T17:03:23.653Z,2026-07-18T17:03:23.653Z,346,345
7726,16,775,844,844,775,844,775,false,2026-07-18,KvK #16 (Latest),KvK #16 (Latest),2026-07-18T17:03:23.814Z,2026-07-18T17:03:23.814Z,346,335
7727,16,778,822,822,822,822,778,true,2026-07-18,KvK #16 (Latest),KvK #16 (Latest),2026-07-18T17:03:23.974Z,2026-07-18T17:03:23.974Z,344,338
7728,16,785,839,839,785,839,785,false,2026-07-18,KvK #16 (Latest),KvK #16 (Latest),2026-07-18T17:03:24.136Z,2026-07-18T17:03:24.136Z,344,336
7729,16,794,814,794,794,794,814,true,2026-07-18,KvK #16 (Latest),KvK #16 (Latest),2026-07-18T17:03:24.298Z,2026-07-18T17:03:24.298Z,343,340
7730,16,803,815,815,803,815,803,false,2026-07-18,KvK #16 (Latest),KvK #16 (Latest),2026-07-18T17:03:24.466Z,2026-07-18T17:03:24.466Z,341,339
7731,16,808,834,808,834,808,834,false,2026-07-18,KvK #16 (Latest),KvK #16 (Latest),2026-07-18T17:03:24.627Z,2026-07-18T17:03:24.627Z,341,336
7732,16,809,829,809,809,809,829,true,2026-07-18,KvK #16 (Latest),KvK #16 (Latest),2026-07-18T17:03:24.822Z,2026-07-18T17:03:24.822Z,341,337
7733,16,820,841,820,841,820,841,false,2026-07-18,KvK #16 (Latest),KvK #16 (Latest),2026-07-18T17:03:24.986Z,2026-07-18T17:03:24.986Z,339,335
7734,16,824,843,843,824,843,824,false,2026-07-18,KvK #16 (Latest),KvK #16 (Latest),2026-07-18T17:03:25.149Z,2026-07-18T17:03:25.149Z,338,335
7735,16,827,833,833,827,833,827,false,2026-07-18,KvK #16 (Latest),KvK #16 (Latest),2026-07-18T17:03:25.312Z,2026-07-18T17:03:25.312Z,338,337
7736,16,847,866,847,847,847,866,true,2026-07-18,KvK #16 (Latest),KvK #16 (Latest),2026-07-18T17:03:25.476Z,2026-07-18T17:03:25.476Z,334,331
7737,16,848,893,893,893,893,848,true,2026-07-18,KvK #16 (Latest),KvK #16 (Latest),2026-07-18T17:03:25.636Z,2026-07-18T17:03:25.636Z,334,327
7738,16,849,856,856,856,856,849,true,2026-07-18,KvK #16 (Latest),KvK #16 (Latest),2026-07-18T17:03:25.795Z,2026-07-18T17:03:25.795Z,334,333
7739,16,850,886,850,850,850,886,true,2026-07-18,KvK #16 (Latest),KvK #16 (Latest),2026-07-18T17:03:25.956Z,2026-07-18T17:03:25.956Z,334,328
7740,16,851,857,851,851,851,857,true,2026-07-18,KvK #16 (Latest),KvK #16 (Latest),2026-07-18T17:03:26.117Z,2026-07-18T17:03:26.117Z,334,333
7741,16,852,901,901,901,901,852,true,2026-07-18,KvK #16 (Latest),KvK #16 (Latest),2026-07-18T17:03:26.277Z,2026-07-18T17:03:26.277Z,333,325
7742,16,853,858,858,858,858,853,true,2026-07-18,KvK #16 (Latest),KvK #16 (Latest),2026-07-18T17:03:26.441Z,2026-07-18T17:03:26.441Z,333,332
7743,16,854,874,874,854,874,854,false,2026-07-18,KvK #16 (Latest),KvK #16 (Latest),2026-07-18T17:03:26.604Z,2026-07-18T17:03:26.604Z,333,330
7744,16,855,900,855,900,855,900,false,2026-07-18,KvK #16 (Latest),KvK #16 (Latest),2026-07-18T17:03:26.777Z,2026-07-18T17:03:26.777Z,333,326
7745,16,859,862,862,859,862,859,false,2026-07-18,KvK #16 (Latest),KvK #16 (Latest),2026-07-18T17:03:26.945Z,2026-07-18T17:03:26.945Z,332,332
7746,16,860,906,906,906,906,860,true,2026-07-18,KvK #16 (Latest),KvK #16 (Latest),2026-07-18T17:03:27.110Z,2026-07-18T17:03:27.110Z,332,324
7747,16,861,920,861,861,861,920,true,2026-07-18,KvK #16 (Latest),KvK #16 (Latest),2026-07-18T17:03:27.273Z,2026-07-18T17:03:27.273Z,332,322
7748,16,863,877,863,863,863,877,true,2026-07-18,KvK #16 (Latest),KvK #16 (Latest),2026-07-18T17:03:27.440Z,2026-07-18T17:03:27.440Z,332,329
7749,16,864,867,867,867,867,864,true,2026-07-18,KvK #16 (Latest),KvK #16 (Latest),2026-07-18T17:03:27.609Z,2026-07-18T17:03:27.609Z,331,331
7750,16,865,876,865,865,865,876,true,2026-07-18,KvK #16 (Latest),KvK #16 (Latest),2026-07-18T17:03:27.774Z,2026-07-18T17:03:27.774Z,331,328
7751,16,868,914,914,914,914,868,true,2026-07-18,KvK #16 (Latest),KvK #16 (Latest),2026-07-18T17:03:27.939Z,2026-07-18T17:03:27.939Z,331,323
7752,16,869,891,869,891,869,891,false,2026-07-18,KvK #16 (Latest),KvK #16 (Latest),2026-07-18T17:03:28.108Z,2026-07-18T17:03:28.108Z,330,327
7753,16,870,910,870,870,870,910,true,2026-07-18,KvK #16 (Latest),KvK #16 (Latest),2026-07-18T17:03:28.280Z,2026-07-18T17:03:28.280Z,330,322
7754,16,871,878,878,871,878,871,false,2026-07-18,KvK #16 (Latest),KvK #16 (Latest),2026-07-18T17:03:28.443Z,2026-07-18T17:03:28.443Z,329,329
7755,16,872,927,927,927,927,872,true,2026-07-18,KvK #16 (Latest),KvK #16 (Latest),2026-07-18T17:03:28.609Z,2026-07-18T17:03:28.609Z,330,321
7756,16,873,908,908,908,908,873,true,2026-07-18,KvK #16 (Latest),KvK #16 (Latest),2026-07-18T17:03:28.773Z,2026-07-18T17:03:28.773Z,330,324
7757,16,875,921,875,875,875,921,true,2026-07-18,KvK #16 (Latest),KvK #16 (Latest),2026-07-18T17:03:28.939Z,2026-07-18T17:03:28.939Z,329,322
7758,16,879,894,894,879,894,879,false,2026-07-18,KvK #16 (Latest),KvK #16 (Latest),2026-07-18T17:03:29.106Z,2026-07-18T17:03:29.106Z,329,327
7759,16,880,884,880,884,880,884,false,2026-07-18,KvK #16 (Latest),KvK #16 (Latest),2026-07-18T17:03:29.268Z,2026-07-18T17:03:29.268Z,329,328
7760,16,881,902,881,902,881,902,false,2026-07-18,KvK #16 (Latest),KvK #16 (Latest),2026-07-18T17:03:29.431Z,2026-07-18T17:03:29.431Z,329,325
7761,16,882,909,909,882,909,882,false,2026-07-18,KvK #16 (Latest),KvK #16 (Latest),2026-07-18T17:03:29.595Z,2026-07-18T17:03:29.595Z,328,324
7762,16,883,899,899,899,899,883,true,2026-07-18,KvK #16 (Latest),KvK #16 (Latest),2026-07-18T17:03:29.768Z,2026-07-18T17:03:29.768Z,328,326
7763,16,885,887,885,885,885,887,true,2026-07-18,KvK #16 (Latest),KvK #16 (Latest),2026-07-18T17:03:29.937Z,2026-07-18T17:03:29.937Z,328,328
7764,16,888,895,888,895,888,895,false,2026-07-18,KvK #16 (Latest),KvK #16 (Latest),2026-07-18T17:03:30.099Z,2026-07-18T17:03:30.099Z,327,326
7765,16,889,890,889,889,889,890,true,2026-07-18,KvK #16 (Latest),KvK #16 (Latest),2026-07-18T17:03:30.263Z,2026-07-18T17:03:30.263Z,327,327
7766,16,892,897,892,897,892,897,false,2026-07-18,KvK #16 (Latest),KvK #16 (Latest),2026-07-18T17:03:30.426Z,2026-07-18T17:03:30.426Z,327,326
7767,16,896,925,925,925,925,896,true,2026-07-18,KvK #16 (Latest),KvK #16 (Latest),2026-07-18T17:03:30.588Z,2026-07-18T17:03:30.588Z,326,321
7768,16,898,904,904,898,904,898,false,2026-07-18,KvK #16 (Latest),KvK #16 (Latest),2026-07-18T17:03:30.750Z,2026-07-18T17:03:30.750Z,326,325
7769,16,903,912,912,912,912,903,true,2026-07-18,KvK #16 (Latest),KvK #16 (Latest),2026-07-18T17:03:30.914Z,2026-07-18T17:03:30.914Z,325,323
7770,16,905,907,905,907,905,907,false,2026-07-18,KvK #16 (Latest),KvK #16 (Latest),2026-07-18T17:03:31.097Z,2026-07-18T17:03:31.097Z,325,324
7771,16,911,922,922,922,922,911,true,2026-07-18,KvK #16 (Latest),KvK #16 (Latest),2026-07-18T17:03:31.283Z,2026-07-18T17:03:31.283Z,323,321
7772,16,913,916,916,913,916,913,false,2026-07-18,KvK #16 (Latest),KvK #16 (Latest),2026-07-18T17:03:31.448Z,2026-07-18T17:03:31.448Z,322,321
7773,16,915,918,915,918,915,918,false,2026-07-18,KvK #16 (Latest),KvK #16 (Latest),2026-07-18T17:03:31.613Z,2026-07-18T17:03:31.613Z,322,322
7774,16,917,924,924,924,924,917,true,2026-07-18,KvK #16 (Latest),KvK #16 (Latest),2026-07-18T17:03:31.775Z,2026-07-18T17:03:31.775Z,322,321
7775,16,919,923,923,923,923,919,true,2026-07-18,KvK #16 (Latest),KvK #16 (Latest),2026-07-18T17:03:31.934Z,2026-07-18T17:03:31.934Z,322,321
7776,16,928,1084,1084,928,1084,928,false,2026-07-18,KvK #16 (Latest),KvK #16 (Latest),2026-07-18T17:03:32.097Z,2026-07-18T17:03:32.097Z,320,293
7777,16,929,1061,929,929,929,1061,true,2026-07-18,KvK #16 (Latest),KvK #16 (Latest),2026-07-18T17:03:32.258Z,2026-07-18T17:03:32.258Z,319,297
7778,16,930,1036,930,1036,930,1036,false,2026-07-18,KvK #16 (Latest),KvK #16 (Latest),2026-07-18T17:03:32.419Z,2026-07-18T17:03:32.419Z,320,301
7779,16,931,1059,931,1059,931,1059,false,2026-07-18,KvK #16 (Latest),KvK #16 (Latest),2026-07-18T17:03:32.580Z,2026-07-18T17:03:32.580Z,320,298
7780,16,932,957,932,932,932,957,true,2026-07-18,KvK #16 (Latest),KvK #16 (Latest),2026-07-18T17:03:32.743Z,2026-07-18T17:03:32.743Z,320,315
7781,16,933,1071,1071,1071,1071,933,true,2026-07-18,KvK #16 (Latest),KvK #16 (Latest),2026-07-18T17:03:32.906Z,2026-07-18T17:03:32.906Z,320,295
7782,16,934,1021,934,1021,934,1021,false,2026-07-18,KvK #16 (Latest),KvK #16 (Latest),2026-07-18T17:03:33.065Z,2026-07-18T17:03:33.065Z,319,304
7783,16,935,981,935,981,935,981,false,2026-07-18,KvK #16 (Latest),KvK #16 (Latest),2026-07-18T17:03:33.243Z,2026-07-18T17:03:33.243Z,319,311
7784,16,936,978,978,978,978,936,true,2026-07-18,KvK #16 (Latest),KvK #16 (Latest),2026-07-18T17:03:33.409Z,2026-07-18T17:03:33.409Z,319,311
7785,16,937,1070,937,937,937,1070,true,2026-07-18,KvK #16 (Latest),KvK #16 (Latest),2026-07-18T17:03:33.572Z,2026-07-18T17:03:33.572Z,319,295
7786,16,938,983,983,983,983,938,true,2026-07-18,KvK #16 (Latest),KvK #16 (Latest),2026-07-18T17:03:33.734Z,2026-07-18T17:03:33.734Z,319,309
7787,16,939,992,939,992,939,992,false,2026-07-18,KvK #16 (Latest),KvK #16 (Latest),2026-07-18T17:03:33.904Z,2026-07-18T17:03:33.904Z,318,309
7788,16,940,942,942,942,942,940,true,2026-07-18,KvK #16 (Latest),KvK #16 (Latest),2026-07-18T17:03:34.063Z,2026-07-18T17:03:34.063Z,318,318
7789,16,941,1023,941,941,941,1023,true,2026-07-18,KvK #16 (Latest),KvK #16 (Latest),2026-07-18T17:03:34.224Z,2026-07-18T17:03:34.224Z,318,304
7790,16,943,1079,1079,1079,1079,943,true,2026-07-18,KvK #16 (Latest),KvK #16 (Latest),2026-07-18T17:03:34.398Z,2026-07-18T17:03:34.398Z,317,294
7791,16,944,1042,944,944,944,1042,true,2026-07-18,KvK #16 (Latest),KvK #16 (Latest),2026-07-18T17:03:34.579Z,2026-07-18T17:03:34.579Z,316,300
7792,16,945,1051,945,1051,945,1051,false,2026-07-18,KvK #16 (Latest),KvK #16 (Latest),2026-07-18T17:03:34.747Z,2026-07-18T17:03:34.747Z,317,299
7793,16,946,984,984,946,984,946,false,2026-07-18,KvK #16 (Latest),KvK #16 (Latest),2026-07-18T17:03:34.908Z,2026-07-18T17:03:34.908Z,317,310
7794,16,947,1043,1043,1043,1043,947,true,2026-07-18,KvK #16 (Latest),KvK #16 (Latest),2026-07-18T17:03:35.068Z,2026-07-18T17:03:35.068Z,317,299
7795,16,948,982,948,948,948,982,true,2026-07-18,KvK #16 (Latest),KvK #16 (Latest),2026-07-18T17:03:35.235Z,2026-07-18T17:03:35.235Z,315,310
7796,16,949,1002,949,1002,949,1002,false,2026-07-18,KvK #16 (Latest),KvK #16 (Latest),2026-07-18T17:03:35.406Z,2026-07-18T17:03:35.406Z,316,307
7797,16,950,1027,1027,1027,1027,950,true,2026-07-18,KvK #16 (Latest),KvK #16 (Latest),2026-07-18T17:03:35.574Z,2026-07-18T17:03:35.574Z,316,303
7798,16,951,1032,951,951,951,1032,true,2026-07-18,KvK #16 (Latest),KvK #16 (Latest),2026-07-18T17:03:35.740Z,2026-07-18T17:03:35.740Z,316,302
7799,16,952,976,976,976,976,952,true,2026-07-18,KvK #16 (Latest),KvK #16 (Latest),2026-07-18T17:03:35.905Z,2026-07-18T17:03:35.905Z,316,312
7800,16,953,1080,953,953,953,1080,true,2026-07-18,KvK #16 (Latest),KvK #16 (Latest),2026-07-18T17:03:36.072Z,2026-07-18T17:03:36.072Z,314,294
7801,16,954,1046,1046,954,1046,954,false,2026-07-18,KvK #16 (Latest),KvK #16 (Latest),2026-07-18T17:03:36.233Z,2026-07-18T17:03:36.233Z,315,300
7802,16,955,1076,955,1076,955,1076,false,2026-07-18,KvK #16 (Latest),KvK #16 (Latest),2026-07-18T17:03:36.396Z,2026-07-18T17:03:36.396Z,315,294
7803,16,956,1057,1057,956,1057,956,false,2026-07-18,KvK #16 (Latest),KvK #16 (Latest),2026-07-18T17:03:36.566Z,2026-07-18T17:03:36.566Z,315,298
7804,16,958,1044,1044,1044,1044,958,true,2026-07-18,KvK #16 (Latest),KvK #16 (Latest),2026-07-18T17:03:36.743Z,2026-07-18T17:03:36.743Z,315,300
7805,16,959,995,995,959,995,959,false,2026-07-18,KvK #16 (Latest),KvK #16 (Latest),2026-07-18T17:03:36.908Z,2026-07-18T17:03:36.908Z,315,308
7806,16,960,1058,1058,1058,1058,960,true,2026-07-18,KvK #16 (Latest),KvK #16 (Latest),2026-07-18T17:03:37.075Z,2026-07-18T17:03:37.075Z,315,298
7807,16,961,994,994,961,994,961,false,2026-07-18,KvK #16 (Latest),KvK #16 (Latest),2026-07-18T17:03:37.240Z,2026-07-18T17:03:37.240Z,314,308
7808,16,962,1039,962,1039,962,1039,false,2026-07-18,KvK #16 (Latest),KvK #16 (Latest),2026-07-18T17:03:37.400Z,2026-07-18T17:03:37.400Z,314,301
7809,16,963,970,963,963,963,970,true,2026-07-18,KvK #16 (Latest),KvK #16 (Latest),2026-07-18T17:03:37.563Z,2026-07-18T17:03:37.563Z,314,313
7810,16,964,1008,1008,1008,1008,964,true,2026-07-18,KvK #16 (Latest),KvK #16 (Latest),2026-07-18T17:03:37.724Z,2026-07-18T17:03:37.724Z,314,306
7811,16,965,979,965,965,965,979,true,2026-07-18,KvK #16 (Latest),KvK #16 (Latest),2026-07-18T17:03:37.887Z,2026-07-18T17:03:37.887Z,314,311
7812,16,966,980,980,980,980,966,true,2026-07-18,KvK #16 (Latest),KvK #16 (Latest),2026-07-18T17:03:38.050Z,2026-07-18T17:03:38.050Z,314,311
7813,16,967,1073,1073,967,1073,967,false,2026-07-18,KvK #16 (Latest),KvK #16 (Latest),2026-07-18T17:03:38.217Z,2026-07-18T17:03:38.217Z,314,295
7814,16,968,1081,1081,968,1081,968,false,2026-07-18,KvK #16 (Latest),KvK #16 (Latest),2026-07-18T17:03:38.392Z,2026-07-18T17:03:38.392Z,313,294
7815,16,969,1037,969,1037,969,1037,false,2026-07-18,KvK #16 (Latest),KvK #16 (Latest),2026-07-18T17:03:38.556Z,2026-07-18T17:03:38.556Z,313,301
7816,16,971,1083,971,971,971,1083,true,2026-07-18,KvK #16 (Latest),KvK #16 (Latest),2026-07-18T17:03:38.720Z,2026-07-18T17:03:38.720Z,312,293
7817,16,972,1069,972,972,972,1069,true,2026-07-18,KvK #16 (Latest),KvK #16 (Latest),2026-07-18T17:03:38.882Z,2026-07-18T17:03:38.882Z,313,295
7818,16,973,986,973,986,973,986,false,2026-07-18,KvK #16 (Latest),KvK #16 (Latest),2026-07-18T17:03:39.049Z,2026-07-18T17:03:39.049Z,312,310
7819,16,974,1029,974,974,974,1029,true,2026-07-18,KvK #16 (Latest),KvK #16 (Latest),2026-07-18T17:03:39.210Z,2026-07-18T17:03:39.210Z,312,302
7820,16,975,1012,975,1012,975,1012,false,2026-07-18,KvK #16 (Latest),KvK #16 (Latest),2026-07-18T17:03:39.372Z,2026-07-18T17:03:39.372Z,311,306
7821,16,977,1016,1016,977,1016,977,false,2026-07-18,KvK #16 (Latest),KvK #16 (Latest),2026-07-18T17:03:39.535Z,2026-07-18T17:03:39.535Z,312,305
7822,16,985,1028,985,985,985,1028,true,2026-07-18,KvK #16 (Latest),KvK #16 (Latest),2026-07-18T17:03:39.696Z,2026-07-18T17:03:39.696Z,310,303
7823,16,987,1009,1009,1009,1009,987,true,2026-07-18,KvK #16 (Latest),KvK #16 (Latest),2026-07-18T17:03:39.857Z,2026-07-18T17:03:39.857Z,309,306
7824,16,988,1035,988,988,988,1035,true,2026-07-18,KvK #16 (Latest),KvK #16 (Latest),2026-07-18T17:03:40.024Z,2026-07-18T17:03:40.024Z,310,302
7825,16,989,1066,1066,1066,1066,989,true,2026-07-18,KvK #16 (Latest),KvK #16 (Latest),2026-07-18T17:03:40.191Z,2026-07-18T17:03:40.191Z,309,296
7826,16,990,1019,990,1019,990,1019,false,2026-07-18,KvK #16 (Latest),KvK #16 (Latest),2026-07-18T17:03:40.355Z,2026-07-18T17:03:40.355Z,309,305
7827,16,991,1078,991,991,991,1078,true,2026-07-18,KvK #16 (Latest),KvK #16 (Latest),2026-07-18T17:03:40.517Z,2026-07-18T17:03:40.517Z,309,294
7828,16,993,1001,1001,1001,1001,993,true,2026-07-18,KvK #16 (Latest),KvK #16 (Latest),2026-07-18T17:03:40.677Z,2026-07-18T17:03:40.677Z,308,307
7829,16,996,1005,1005,996,1005,996,false,2026-07-18,KvK #16 (Latest),KvK #16 (Latest),2026-07-18T17:03:40.839Z,2026-07-18T17:03:40.839Z,308,307
7830,16,997,1075,997,997,997,1075,true,2026-07-18,KvK #16 (Latest),KvK #16 (Latest),2026-07-18T17:03:41.000Z,2026-07-18T17:03:41.000Z,308,293
7831,16,998,1018,998,998,998,1018,true,2026-07-18,KvK #16 (Latest),KvK #16 (Latest),2026-07-18T17:03:41.164Z,2026-07-18T17:03:41.164Z,308,305
7832,16,999,1013,999,999,999,1013,true,2026-07-18,KvK #16 (Latest),KvK #16 (Latest),2026-07-18T17:03:41.328Z,2026-07-18T17:03:41.328Z,308,306
7833,16,1000,1074,1074,1074,1074,1000,true,2026-07-18,KvK #16 (Latest),KvK #16 (Latest),2026-07-18T17:03:41.489Z,2026-07-18T17:03:41.489Z,308,295
7834,16,1003,1063,1063,1063,1063,1003,true,2026-07-18,KvK #16 (Latest),KvK #16 (Latest),2026-07-18T17:03:41.651Z,2026-07-18T17:03:41.651Z,307,297
7835,16,1004,1053,1053,1004,1053,1004,false,2026-07-18,KvK #16 (Latest),KvK #16 (Latest),2026-07-18T17:03:41.817Z,2026-07-18T17:03:41.817Z,307,299
7836,16,1006,1065,1065,1006,1065,1006,false,2026-07-18,KvK #16 (Latest),KvK #16 (Latest),2026-07-18T17:03:41.981Z,2026-07-18T17:03:41.981Z,307,297
7837,16,1007,1025,1007,1007,1007,1025,true,2026-07-18,KvK #16 (Latest),KvK #16 (Latest),2026-07-18T17:03:43.321Z,2026-07-18T17:03:43.321Z,307,303
7838,16,1010,1052,1052,1010,1052,1010,false,2026-07-18,KvK #16 (Latest),KvK #16 (Latest),2026-07-18T17:03:43.484Z,2026-07-18T17:03:43.484Z,306,299
7839,16,1011,1077,1077,1077,1077,1011,true,2026-07-18,KvK #16 (Latest),KvK #16 (Latest),2026-07-18T17:03:43.647Z,2026-07-18T17:03:43.647Z,306,294
7840,16,1014,1082,1082,1014,1082,1014,false,2026-07-18,KvK #16 (Latest),KvK #16 (Latest),2026-07-18T17:03:43.812Z,2026-07-18T17:03:43.812Z,306,293
7841,16,1015,1033,1015,1033,1015,1033,false,2026-07-18,KvK #16 (Latest),KvK #16 (Latest),2026-07-18T17:03:43.976Z,2026-07-18T17:03:43.976Z,305,302
7842,16,1017,1022,1022,1017,1022,1017,false,2026-07-18,KvK #16 (Latest),KvK #16 (Latest),2026-07-18T17:03:44.138Z,2026-07-18T17:03:44.138Z,305,304
7843,16,1020,1050,1020,1020,1020,1050,true,2026-07-18,KvK #16 (Latest),KvK #16 (Latest),2026-07-18T17:03:44.300Z,2026-07-18T17:03:44.300Z,304,299
7844,16,1024,1055,1024,1024,1024,1055,true,2026-07-18,KvK #16 (Latest),KvK #16 (Latest),2026-07-18T17:03:44.464Z,2026-07-18T17:03:44.464Z,303,298
7845,16,1026,1054,1026,1054,1026,1054,false,2026-07-18,KvK #16 (Latest),KvK #16 (Latest),2026-07-18T17:03:44.632Z,2026-07-18T17:03:44.632Z,303,298
7846,16,1030,1049,1049,1049,1049,1030,true,2026-07-18,KvK #16 (Latest),KvK #16 (Latest),2026-07-18T17:03:44.800Z,2026-07-18T17:03:44.800Z,302,299
7847,16,1031,1086,1086,1086,1086,1031,true,2026-07-18,KvK #16 (Latest),KvK #16 (Latest),2026-07-18T17:03:44.963Z,2026-07-18T17:03:44.963Z,302,293
7848,16,1034,1062,1034,1034,1034,1062,true,2026-07-18,KvK #16 (Latest),KvK #16 (Latest),2026-07-18T17:03:45.125Z,2026-07-18T17:03:45.125Z,302,297
7849,16,1038,1041,1038,1038,1038,1041,true,2026-07-18,KvK #16 (Latest),KvK #16 (Latest),2026-07-18T17:03:45.284Z,2026-07-18T17:03:45.284Z,301,301
7850,16,1040,1068,1068,1068,1068,1040,true,2026-07-18,KvK #16 (Latest),KvK #16 (Latest),2026-07-18T17:03:45.449Z,2026-07-18T17:03:45.449Z,301,296
7851,16,1045,1056,1045,1045,1045,1056,true,2026-07-18,KvK #16 (Latest),KvK #16 (Latest),2026-07-18T17:03:45.617Z,2026-07-18T17:03:45.617Z,300,298
7852,16,1047,1048,1047,1048,1047,1048,false,2026-07-18,KvK #16 (Latest),KvK #16 (Latest),2026-07-18T17:03:45.786Z,2026-07-18T17:03:45.786Z,300,300
7853,16,1064,1072,1072,1072,1072,1064,true,2026-07-18,KvK #16 (Latest),KvK #16 (Latest),2026-07-18T17:03:45.953Z,2026-07-18T17:03:45.953Z,297,295
7854,16,1067,1085,1085,1085,1085,1067,true,2026-07-18,KvK #16 (Latest),KvK #16 (Latest),2026-07-18T17:03:46.121Z,2026-07-18T17:03:46.121Z,296,293
7855,16,1087,1138,1087,1138,1087,1138,false,2026-07-18,KvK #16 (Latest),KvK #16 (Latest),2026-07-18T17:03:46.284Z,2026-07-18T17:03:46.284Z,292,283
7856,16,1088,1175,1088,1088,1088,1175,true,2026-07-18,KvK #16 (Latest),KvK #16 (Latest),2026-07-18T17:03:46.452Z,2026-07-18T17:03:46.452Z,292,275
7857,16,1089,1181,1181,1089,1181,1089,false,2026-07-18,KvK #16 (Latest),KvK #16 (Latest),2026-07-18T17:03:46.624Z,2026-07-18T17:03:46.624Z,292,273
7858,16,1090,1103,1090,1090,1090,1103,true,2026-07-18,KvK #16 (Latest),KvK #16 (Latest),2026-07-18T17:03:46.787Z,2026-07-18T17:03:46.787Z,292,289
7859,16,1091,1264,1264,1264,1264,1091,true,2026-07-18,KvK #16 (Latest),KvK #16 (Latest),2026-07-18T17:03:46.951Z,2026-07-18T17:03:46.951Z,292,252
7860,16,1092,1208,1092,1092,1092,1208,true,2026-07-18,KvK #16 (Latest),KvK #16 (Latest),2026-07-18T17:03:47.118Z,2026-07-18T17:03:47.118Z,292,267
7861,16,1093,1127,1093,1093,1093,1127,true,2026-07-18,KvK #16 (Latest),KvK #16 (Latest),2026-07-18T17:03:47.281Z,2026-07-18T17:03:47.281Z,291,284
7862,16,1094,1199,1199,1199,1199,1094,true,2026-07-18,KvK #16 (Latest),KvK #16 (Latest),2026-07-18T17:03:47.443Z,2026-07-18T17:03:47.443Z,291,270
7863,16,1095,1167,1167,1095,1167,1095,false,2026-07-18,KvK #16 (Latest),KvK #16 (Latest),2026-07-18T17:03:47.609Z,2026-07-18T17:03:47.609Z,291,277
7864,16,1096,1252,1096,1252,1096,1252,false,2026-07-18,KvK #16 (Latest),KvK #16 (Latest),2026-07-18T17:03:47.772Z,2026-07-18T17:03:47.772Z,291,256
7865,16,1097,1218,1097,1097,1097,1218,true,2026-07-18,KvK #16 (Latest),KvK #16 (Latest),2026-07-18T17:03:47.935Z,2026-07-18T17:03:47.935Z,290,265
7866,16,1098,1232,1098,1098,1098,1232,true,2026-07-18,KvK #16 (Latest),KvK #16 (Latest),2026-07-18T17:03:48.099Z,2026-07-18T17:03:48.099Z,290,260
7867,16,1099,1225,1099,1225,1099,1225,false,2026-07-18,KvK #16 (Latest),KvK #16 (Latest),2026-07-18T17:03:48.265Z,2026-07-18T17:03:48.265Z,290,263
7868,16,1100,1159,1159,1100,1159,1100,false,2026-07-18,KvK #16 (Latest),KvK #16 (Latest),2026-07-18T17:03:48.426Z,2026-07-18T17:03:48.426Z,290,279
7869,16,1101,1155,1101,1155,1101,1155,false,2026-07-18,KvK #16 (Latest),KvK #16 (Latest),2026-07-18T17:03:48.587Z,2026-07-18T17:03:48.587Z,289,280
7870,16,1102,1268,1268,1102,1268,1102,false,2026-07-18,KvK #16 (Latest),KvK #16 (Latest),2026-07-18T17:03:48.750Z,2026-07-18T17:03:48.750Z,289,251
7871,16,1104,1148,1104,1148,1104,1148,false,2026-07-18,KvK #16 (Latest),KvK #16 (Latest),2026-07-18T17:03:48.913Z,2026-07-18T17:03:48.913Z,289,281
7872,16,1105,1250,1250,1105,1250,1105,false,2026-07-18,KvK #16 (Latest),KvK #16 (Latest),2026-07-18T17:03:49.075Z,2026-07-18T17:03:49.075Z,289,256
7873,16,1106,1128,1128,1128,1128,1106,true,2026-07-18,KvK #16 (Latest),KvK #16 (Latest),2026-07-18T17:03:49.236Z,2026-07-18T17:03:49.236Z,288,285
7874,16,1107,1170,1107,1107,1107,1170,true,2026-07-18,KvK #16 (Latest),KvK #16 (Latest),2026-07-18T17:03:49.396Z,2026-07-18T17:03:49.396Z,287,276
7875,16,1108,1274,1274,1108,1274,1108,false,2026-07-18,KvK #16 (Latest),KvK #16 (Latest),2026-07-18T17:03:49.557Z,2026-07-18T17:03:49.557Z,288,250
7876,16,1109,1255,1255,1109,1255,1109,false,2026-07-18,KvK #16 (Latest),KvK #16 (Latest),2026-07-18T17:03:49.718Z,2026-07-18T17:03:49.718Z,287,255
7877,16,1110,1269,1269,1269,1269,1110,true,2026-07-18,KvK #16 (Latest),KvK #16 (Latest),2026-07-18T17:03:49.878Z,2026-07-18T17:03:49.878Z,288,251
7878,16,1111,1242,1242,1242,1242,1111,true,2026-07-18,KvK #16 (Latest),KvK #16 (Latest),2026-07-18T17:03:50.042Z,2026-07-18T17:03:50.042Z,288,261
7879,16,1112,1142,1112,1112,1112,1142,true,2026-07-18,KvK #16 (Latest),KvK #16 (Latest),2026-07-18T17:03:50.215Z,2026-07-18T17:03:50.215Z,287,282
7880,16,1113,1161,1113,1113,1113,1161,true,2026-07-18,KvK #16 (Latest),KvK #16 (Latest),2026-07-18T17:03:50.377Z,2026-07-18T17:03:50.377Z,287,278
7881,16,1114,1256,1256,1114,1256,1114,false,2026-07-18,KvK #16 (Latest),KvK #16 (Latest),2026-07-18T17:03:50.541Z,2026-07-18T17:03:50.541Z,287,254
7882,16,1115,1169,1115,1115,1115,1169,true,2026-07-18,KvK #16 (Latest),KvK #16 (Latest),2026-07-18T17:03:50.727Z,2026-07-18T17:03:50.727Z,287,276
7883,16,1116,1271,1116,1116,1116,1271,true,2026-07-18,KvK #16 (Latest),KvK #16 (Latest),2026-07-18T17:03:50.887Z,2026-07-18T17:03:50.887Z,287,251
7884,16,1117,1121,1117,1117,1117,1121,true,2026-07-18,KvK #16 (Latest),KvK #16 (Latest),2026-07-18T17:03:51.048Z,2026-07-18T17:03:51.048Z,286,286
7885,16,1118,1194,1194,1194,1194,1118,true,2026-07-18,KvK #16 (Latest),KvK #16 (Latest),2026-07-18T17:03:51.212Z,2026-07-18T17:03:51.212Z,286,271
7886,16,1119,1163,1119,1163,1119,1163,false,2026-07-18,KvK #16 (Latest),KvK #16 (Latest),2026-07-18T17:03:51.381Z,2026-07-18T17:03:51.381Z,286,278
7887,16,1120,1131,1131,1131,1131,1120,true,2026-07-18,KvK #16 (Latest),KvK #16 (Latest),2026-07-18T17:03:51.549Z,2026-07-18T17:03:51.549Z,286,284
7888,16,1122,1236,1236,1236,1236,1122,true,2026-07-18,KvK #16 (Latest),KvK #16 (Latest),2026-07-18T17:03:51.716Z,2026-07-18T17:03:51.716Z,286,259
7889,16,1123,1220,1220,1220,1220,1123,true,2026-07-18,KvK #16 (Latest),KvK #16 (Latest),2026-07-18T17:03:51.886Z,2026-07-18T17:03:51.886Z,286,265
7890,16,1124,1265,1265,1124,1265,1124,false,2026-07-18,KvK #16 (Latest),KvK #16 (Latest),2026-07-18T17:03:52.054Z,2026-07-18T17:03:52.054Z,286,252
7891,16,1125,1214,1214,1125,1214,1125,false,2026-07-18,KvK #16 (Latest),KvK #16 (Latest),2026-07-18T17:03:52.217Z,2026-07-18T17:03:52.217Z,285,266
7892,16,1126,1190,1190,1126,1190,1126,false,2026-07-18,KvK #16 (Latest),KvK #16 (Latest),2026-07-18T17:03:52.382Z,2026-07-18T17:03:52.382Z,285,272
7893,16,1129,1192,1129,1192,1129,1192,false,2026-07-18,KvK #16 (Latest),KvK #16 (Latest),2026-07-18T17:03:52.548Z,2026-07-18T17:03:52.548Z,285,271
7894,16,1130,1228,1228,1228,1228,1130,true,2026-07-18,KvK #16 (Latest),KvK #16 (Latest),2026-07-18T17:03:52.715Z,2026-07-18T17:03:52.715Z,285,261
7895,16,1132,1272,1272,1132,1272,1132,false,2026-07-18,KvK #16 (Latest),KvK #16 (Latest),2026-07-18T17:03:52.886Z,2026-07-18T17:03:52.886Z,284,251
7896,16,1133,1224,1224,1224,1224,1133,true,2026-07-18,KvK #16 (Latest),KvK #16 (Latest),2026-07-18T17:03:53.053Z,2026-07-18T17:03:53.053Z,284,263
7897,16,1134,1249,1249,1249,1249,1134,true,2026-07-18,KvK #16 (Latest),KvK #16 (Latest),2026-07-18T17:03:53.219Z,2026-07-18T17:03:53.219Z,284,256
7898,16,1135,1168,1168,1168,1168,1135,true,2026-07-18,KvK #16 (Latest),KvK #16 (Latest),2026-07-18T17:03:53.389Z,2026-07-18T17:03:53.389Z,284,277
7899,16,1137,1216,1137,1216,1137,1216,false,2026-07-18,KvK #16 (Latest),KvK #16 (Latest),2026-07-18T17:03:53.564Z,2026-07-18T17:03:53.564Z,283,265
7900,16,1139,1223,1223,1139,1223,1139,false,2026-07-18,KvK #16 (Latest),KvK #16 (Latest),2026-07-18T17:03:53.737Z,2026-07-18T17:03:53.737Z,283,263
7901,16,1140,1234,1234,1140,1234,1140,false,2026-07-18,KvK #16 (Latest),KvK #16 (Latest),2026-07-18T17:03:53.906Z,2026-07-18T17:03:53.906Z,282,260
7902,16,1141,1202,1202,1202,1202,1141,true,2026-07-18,KvK #16 (Latest),KvK #16 (Latest),2026-07-18T17:03:54.076Z,2026-07-18T17:03:54.076Z,282,269
7903,16,1143,1235,1143,1143,1143,1235,true,2026-07-18,KvK #16 (Latest),KvK #16 (Latest),2026-07-18T17:03:54.258Z,2026-07-18T17:03:54.258Z,282,259
7904,16,1144,1233,1233,1233,1233,1144,true,2026-07-18,KvK #16 (Latest),KvK #16 (Latest),2026-07-18T17:03:54.430Z,2026-07-18T17:03:54.430Z,281,260
7905,16,1145,1273,1145,1145,1145,1273,true,2026-07-18,KvK #16 (Latest),KvK #16 (Latest),2026-07-18T17:03:54.594Z,2026-07-18T17:03:54.594Z,281,250
7906,16,1146,1266,1266,1266,1266,1146,true,2026-07-18,KvK #16 (Latest),KvK #16 (Latest),2026-07-18T17:03:54.755Z,2026-07-18T17:03:54.755Z,281,252
7907,16,1147,1184,1147,1184,1147,1184,false,2026-07-18,KvK #16 (Latest),KvK #16 (Latest),2026-07-18T17:03:54.924Z,2026-07-18T17:03:54.924Z,281,273
7908,16,1149,1177,1149,1149,1149,1177,true,2026-07-18,KvK #16 (Latest),KvK #16 (Latest),2026-07-18T17:03:55.085Z,2026-07-18T17:03:55.085Z,280,274
7909,16,1150,1275,1275,1150,1275,1150,false,2026-07-18,KvK #16 (Latest),KvK #16 (Latest),2026-07-18T17:03:55.248Z,2026-07-18T17:03:55.248Z,280,250
7910,16,1151,1222,1222,1222,1222,1151,true,2026-07-18,KvK #16 (Latest),KvK #16 (Latest),2026-07-18T17:03:55.410Z,2026-07-18T17:03:55.410Z,280,264
7911,16,1152,1244,1244,1152,1244,1152,false,2026-07-18,KvK #16 (Latest),KvK #16 (Latest),2026-07-18T17:03:55.582Z,2026-07-18T17:03:55.582Z,280,257
7912,16,1153,1248,1153,1248,1153,1248,false,2026-07-18,KvK #16 (Latest),KvK #16 (Latest),2026-07-18T17:03:55.749Z,2026-07-18T17:03:55.749Z,280,256
7913,16,1154,1203,1203,1154,1203,1154,false,2026-07-18,KvK #16 (Latest),KvK #16 (Latest),2026-07-18T17:03:55.915Z,2026-07-18T17:03:55.915Z,280,268
7914,16,1156,1207,1156,1207,1156,1207,false,2026-07-18,KvK #16 (Latest),KvK #16 (Latest),2026-07-18T17:03:56.085Z,2026-07-18T17:03:56.085Z,279,267
7915,16,1157,1215,1157,1215,1157,1215,false,2026-07-18,KvK #16 (Latest),KvK #16 (Latest),2026-07-18T17:03:56.247Z,2026-07-18T17:03:56.247Z,279,266
7916,16,1158,1276,1158,1158,1158,1276,true,2026-07-18,KvK #16 (Latest),KvK #16 (Latest),2026-07-18T17:03:56.411Z,2026-07-18T17:03:56.411Z,279,250
7917,16,1160,1226,1160,1160,1160,1226,true,2026-07-18,KvK #16 (Latest),KvK #16 (Latest),2026-07-18T17:03:56.578Z,2026-07-18T17:03:56.578Z,278,263
7918,16,1162,1173,1162,1173,1162,1173,false,2026-07-18,KvK #16 (Latest),KvK #16 (Latest),2026-07-18T17:03:56.743Z,2026-07-18T17:03:56.743Z,278,275
7919,16,1164,1243,1164,1243,1164,1243,false,2026-07-18,KvK #16 (Latest),KvK #16 (Latest),2026-07-18T17:03:56.904Z,2026-07-18T17:03:56.904Z,278,257
7920,16,1165,1211,1211,1211,1211,1165,true,2026-07-18,KvK #16 (Latest),KvK #16 (Latest),2026-07-18T17:03:57.067Z,2026-07-18T17:03:57.067Z,276,267
7921,16,1166,1182,1182,1182,1182,1166,true,2026-07-18,KvK #16 (Latest),KvK #16 (Latest),2026-07-18T17:03:57.231Z,2026-07-18T17:03:57.231Z,277,273
7922,16,1171,1187,1171,1171,1171,1187,true,2026-07-18,KvK #16 (Latest),KvK #16 (Latest),2026-07-18T17:03:57.408Z,2026-07-18T17:03:57.408Z,276,272
7923,16,1172,1183,1172,1183,1172,1183,false,2026-07-18,KvK #16 (Latest),KvK #16 (Latest),2026-07-18T17:03:57.576Z,2026-07-18T17:03:57.576Z,276,273
7924,16,1174,1270,1270,1270,1270,1174,true,2026-07-18,KvK #16 (Latest),KvK #16 (Latest),2026-07-18T17:03:57.737Z,2026-07-18T17:03:57.737Z,275,251
7925,16,1176,1267,1176,1267,1176,1267,false,2026-07-18,KvK #16 (Latest),KvK #16 (Latest),2026-07-18T17:03:57.899Z,2026-07-18T17:03:57.899Z,274,252
7926,16,1178,1237,1237,1178,1237,1178,false,2026-07-18,KvK #16 (Latest),KvK #16 (Latest),2026-07-18T17:03:58.061Z,2026-07-18T17:03:58.061Z,274,259
7927,16,1179,1253,1253,1253,1253,1179,true,2026-07-18,KvK #16 (Latest),KvK #16 (Latest),2026-07-18T17:03:58.226Z,2026-07-18T17:03:58.226Z,274,255
7928,16,1180,1195,1195,1180,1195,1180,false,2026-07-18,KvK #16 (Latest),KvK #16 (Latest),2026-07-18T17:03:58.391Z,2026-07-18T17:03:58.391Z,274,271
7929,16,1185,1247,1185,1247,1185,1247,false,2026-07-18,KvK #16 (Latest),KvK #16 (Latest),2026-07-18T17:03:58.555Z,2026-07-18T17:03:58.555Z,272,257
7930,16,1186,1245,1245,1186,1245,1186,false,2026-07-18,KvK #16 (Latest),KvK #16 (Latest),2026-07-18T17:03:58.718Z,2026-07-18T17:03:58.718Z,272,257
7931,16,1188,1213,1213,1213,1213,1188,true,2026-07-18,KvK #16 (Latest),KvK #16 (Latest),2026-07-18T17:03:58.891Z,2026-07-18T17:03:58.891Z,272,266
7932,16,1189,1221,1189,1221,1189,1221,false,2026-07-18,KvK #16 (Latest),KvK #16 (Latest),2026-07-18T17:03:59.051Z,2026-07-18T17:03:59.051Z,272,265
7933,16,1191,1212,1191,1191,1191,1212,true,2026-07-18,KvK #16 (Latest),KvK #16 (Latest),2026-07-18T17:03:59.214Z,2026-07-18T17:03:59.214Z,270,266
7934,16,1193,1258,1193,1193,1193,1258,true,2026-07-18,KvK #16 (Latest),KvK #16 (Latest),2026-07-18T17:03:59.379Z,2026-07-18T17:03:59.379Z,271,254
7935,16,1196,1230,1230,1230,1230,1196,true,2026-07-18,KvK #16 (Latest),KvK #16 (Latest),2026-07-18T17:03:59.542Z,2026-07-18T17:03:59.542Z,270,261
7936,16,1197,1261,1197,1197,1197,1261,true,2026-07-18,KvK #16 (Latest),KvK #16 (Latest),2026-07-18T17:03:59.703Z,2026-07-18T17:03:59.703Z,270,253
7937,16,1198,1227,1227,1227,1227,1198,true,2026-07-18,KvK #16 (Latest),KvK #16 (Latest),2026-07-18T17:03:59.866Z,2026-07-18T17:03:59.866Z,270,263
7938,16,1200,1229,1200,1229,1200,1229,false,2026-07-18,KvK #16 (Latest),KvK #16 (Latest),2026-07-18T17:04:00.033Z,2026-07-18T17:04:00.033Z,268,262
7939,16,1201,1209,1201,1201,1201,1209,true,2026-07-18,KvK #16 (Latest),KvK #16 (Latest),2026-07-18T17:04:00.196Z,2026-07-18T17:04:00.196Z,269,267
7940,16,1204,1241,1241,1241,1241,1204,true,2026-07-18,KvK #16 (Latest),KvK #16 (Latest),2026-07-18T17:04:00.360Z,2026-07-18T17:04:00.360Z,268,258
7941,16,1205,1238,1238,1205,1238,1205,false,2026-07-18,KvK #16 (Latest),KvK #16 (Latest),2026-07-18T17:04:00.525Z,2026-07-18T17:04:00.525Z,268,258
7942,16,1206,1254,1254,1254,1254,1206,true,2026-07-18,KvK #16 (Latest),KvK #16 (Latest),2026-07-18T17:04:00.691Z,2026-07-18T17:04:00.691Z,268,255
7943,16,1210,1260,1210,1210,1210,1260,true,2026-07-18,KvK #16 (Latest),KvK #16 (Latest),2026-07-18T17:04:00.862Z,2026-07-18T17:04:00.862Z,267,254
7944,16,1217,1246,1217,1217,1217,1246,true,2026-07-18,KvK #16 (Latest),KvK #16 (Latest),2026-07-18T17:04:01.044Z,2026-07-18T17:04:01.044Z,265,257
7945,16,1219,1240,1240,1219,1240,1219,false,2026-07-18,KvK #16 (Latest),KvK #16 (Latest),2026-07-18T17:04:01.217Z,2026-07-18T17:04:01.217Z,265,258
7946,16,1231,1239,1231,1231,1231,1239,true,2026-07-18,KvK #16 (Latest),KvK #16 (Latest),2026-07-18T17:04:01.396Z,2026-07-18T17:04:01.396Z,261,258
7947,16,1251,1277,1251,1277,1251,1277,false,2026-07-18,KvK #16 (Latest),KvK #16 (Latest),2026-07-18T17:04:01.574Z,2026-07-18T17:04:01.574Z,256,250
7948,16,1257,1263,1263,1263,1263,1257,true,2026-07-18,KvK #16 (Latest),KvK #16 (Latest),2026-07-18T17:04:01.745Z,2026-07-18T17:04:01.745Z,254,253
7949,16,1259,1262,1262,1262,1262,1259,true,2026-07-18,KvK #16 (Latest),KvK #16 (Latest),2026-07-18T17:04:01.914Z,2026-07-18T17:04:01.914Z,254,253
7950,16,1278,1312,1312,1312,1312,1278,true,2026-07-18,KvK #16 (Latest),KvK #16 (Latest),2026-07-18T17:04:02.081Z,2026-07-18T17:04:02.081Z,249,241
7951,16,1279,1303,1303,1279,1303,1279,false,2026-07-18,KvK #16 (Latest),KvK #16 (Latest),2026-07-18T17:04:02.247Z,2026-07-18T17:04:02.247Z,249,243
7952,16,1280,1318,1280,1318,1280,1318,false,2026-07-18,KvK #16 (Latest),KvK #16 (Latest),2026-07-18T17:04:02.415Z,2026-07-18T17:04:02.415Z,249,239
7953,16,1281,1325,1281,1325,1281,1325,false,2026-07-18,KvK #16 (Latest),KvK #16 (Latest),2026-07-18T17:04:02.578Z,2026-07-18T17:04:02.578Z,249,237
7954,16,1282,1287,1287,1282,1287,1282,false,2026-07-18,KvK #16 (Latest),KvK #16 (Latest),2026-07-18T17:04:02.746Z,2026-07-18T17:04:02.746Z,249,247
7955,16,1283,1323,1283,1283,1283,1323,true,2026-07-18,KvK #16 (Latest),KvK #16 (Latest),2026-07-18T17:04:02.920Z,2026-07-18T17:04:02.920Z,248,237
7956,16,1284,1294,1294,1284,1294,1284,false,2026-07-18,KvK #16 (Latest),KvK #16 (Latest),2026-07-18T17:04:03.083Z,2026-07-18T17:04:03.083Z,248,245
7957,16,1285,1308,1285,1308,1285,1308,false,2026-07-18,KvK #16 (Latest),KvK #16 (Latest),2026-07-18T17:04:03.257Z,2026-07-18T17:04:03.257Z,248,242
7958,16,1286,1306,1286,1286,1286,1306,true,2026-07-18,KvK #16 (Latest),KvK #16 (Latest),2026-07-18T17:04:03.443Z,2026-07-18T17:04:03.443Z,247,242
7959,16,1288,1291,1291,1291,1291,1288,true,2026-07-18,KvK #16 (Latest),KvK #16 (Latest),2026-07-18T17:04:03.619Z,2026-07-18T17:04:03.619Z,247,246
7960,16,1289,1301,1301,1301,1301,1289,true,2026-07-18,KvK #16 (Latest),KvK #16 (Latest),2026-07-18T17:04:03.811Z,2026-07-18T17:04:03.811Z,247,243
7961,16,1290,1296,1296,1296,1296,1290,true,2026-07-18,KvK #16 (Latest),KvK #16 (Latest),2026-07-18T17:04:03.984Z,2026-07-18T17:04:03.984Z,246,244
7962,16,1292,1327,1292,1292,1292,1327,true,2026-07-18,KvK #16 (Latest),KvK #16 (Latest),2026-07-18T17:04:04.161Z,2026-07-18T17:04:04.161Z,246,237
7963,16,1293,1307,1293,1293,1293,1307,true,2026-07-18,KvK #16 (Latest),KvK #16 (Latest),2026-07-18T17:04:04.338Z,2026-07-18T17:04:04.338Z,245,242
7964,16,1295,1322,1295,1295,1295,1322,true,2026-07-18,KvK #16 (Latest),KvK #16 (Latest),2026-07-18T17:04:04.510Z,2026-07-18T17:04:04.510Z,245,238
7965,16,1297,1330,1330,1297,1330,1297,false,2026-07-18,KvK #16 (Latest),KvK #16 (Latest),2026-07-18T17:04:04.684Z,2026-07-18T17:04:04.684Z,244,236
7966,16,1298,1302,1302,1298,1302,1298,false,2026-07-18,KvK #16 (Latest),KvK #16 (Latest),2026-07-18T17:04:04.850Z,2026-07-18T17:04:04.850Z,244,243
7967,16,1299,1324,1299,1299,1299,1324,true,2026-07-18,KvK #16 (Latest),KvK #16 (Latest),2026-07-18T17:04:05.017Z,2026-07-18T17:04:05.017Z,244,237
7968,16,1300,1315,1315,1315,1315,1300,true,2026-07-18,KvK #16 (Latest),KvK #16 (Latest),2026-07-18T17:04:05.182Z,2026-07-18T17:04:05.182Z,244,240
7969,16,1304,1316,1304,1304,1304,1316,true,2026-07-18,KvK #16 (Latest),KvK #16 (Latest),2026-07-18T17:04:05.350Z,2026-07-18T17:04:05.350Z,243,240
7970,16,1305,1319,1319,1305,1319,1305,false,2026-07-18,KvK #16 (Latest),KvK #16 (Latest),2026-07-18T17:04:05.517Z,2026-07-18T17:04:05.517Z,242,239
7971,16,1309,1311,1311,1311,1311,1309,true,2026-07-18,KvK #16 (Latest),KvK #16 (Latest),2026-07-18T17:04:05.682Z,2026-07-18T17:04:05.682Z,241,241
7972,16,1310,1320,1310,1310,1310,1320,true,2026-07-18,KvK #16 (Latest),KvK #16 (Latest),2026-07-18T17:04:05.844Z,2026-07-18T17:04:05.844Z,241,238
7973,16,1313,1326,1326,1313,1326,1313,false,2026-07-18,KvK #16 (Latest),KvK #16 (Latest),2026-07-18T17:04:06.011Z,2026-07-18T17:04:06.011Z,241,237
7974,16,1314,1331,1331,1331,1331,1314,true,2026-07-18,KvK #16 (Latest),KvK #16 (Latest),2026-07-18T17:04:06.180Z,2026-07-18T17:04:06.180Z,240,236
7975,16,1317,1328,1317,1328,1317,1328,false,2026-07-18,KvK #16 (Latest),KvK #16 (Latest),2026-07-18T17:04:06.348Z,2026-07-18T17:04:06.348Z,239,236
7976,16,1321,1329,1329,1321,1329,1321,false,2026-07-18,KvK #16 (Latest),KvK #16 (Latest),2026-07-18T17:04:06.513Z,2026-07-18T17:04:06.513Z,238,236
7977,16,1332,1345,1345,1345,1345,1332,true,2026-07-18,KvK #16 (Latest),KvK #16 (Latest),2026-07-18T17:04:06.683Z,2026-07-18T17:04:06.683Z,235,232
7978,16,1333,1352,1352,1333,1352,1333,false,2026-07-18,KvK #16 (Latest),KvK #16 (Latest),2026-07-18T17:04:06.856Z,2026-07-18T17:04:06.856Z,235,230
7979,16,1334,1356,1356,1356,1356,1334,true,2026-07-18,KvK #16 (Latest),KvK #16 (Latest),2026-07-18T17:04:07.019Z,2026-07-18T17:04:07.019Z,235,229
7980,16,1335,1380,1380,1335,1380,1335,false,2026-07-18,KvK #16 (Latest),KvK #16 (Latest),2026-07-18T17:04:07.183Z,2026-07-18T17:04:07.183Z,235,222
7981,16,1336,1372,1372,1336,1372,1336,false,2026-07-18,KvK #16 (Latest),KvK #16 (Latest),2026-07-18T17:04:07.347Z,2026-07-18T17:04:07.347Z,235,224
7982,16,1337,1371,1337,1337,1337,1371,true,2026-07-18,KvK #16 (Latest),KvK #16 (Latest),2026-07-18T17:04:07.517Z,2026-07-18T17:04:07.517Z,234,224
7983,16,1338,1370,1370,1370,1370,1338,true,2026-07-18,KvK #16 (Latest),KvK #16 (Latest),2026-07-18T17:04:07.681Z,2026-07-18T17:04:07.681Z,234,225
7984,16,1339,1379,1339,1339,1339,1379,true,2026-07-18,KvK #16 (Latest),KvK #16 (Latest),2026-07-18T17:04:07.845Z,2026-07-18T17:04:07.845Z,234,222
7985,16,1340,1351,1351,1340,1351,1340,false,2026-07-18,KvK #16 (Latest),KvK #16 (Latest),2026-07-18T17:04:08.009Z,2026-07-18T17:04:08.009Z,233,230
7986,16,1341,1360,1360,1360,1360,1341,true,2026-07-18,KvK #16 (Latest),KvK #16 (Latest),2026-07-18T17:04:08.170Z,2026-07-18T17:04:08.170Z,233,228
7987,16,1342,1344,1342,1344,1342,1344,false,2026-07-18,KvK #16 (Latest),KvK #16 (Latest),2026-07-18T17:04:08.333Z,2026-07-18T17:04:08.333Z,233,232
7988,16,1343,1368,1343,1343,1343,1368,true,2026-07-18,KvK #16 (Latest),KvK #16 (Latest),2026-07-18T17:04:08.493Z,2026-07-18T17:04:08.493Z,233,225
7989,16,1346,1378,1378,1378,1378,1346,true,2026-07-18,KvK #16 (Latest),KvK #16 (Latest),2026-07-18T17:04:08.657Z,2026-07-18T17:04:08.657Z,232,222
7990,16,1347,1364,1347,1347,1347,1364,true,2026-07-18,KvK #16 (Latest),KvK #16 (Latest),2026-07-18T17:04:08.820Z,2026-07-18T17:04:08.820Z,231,226
7991,16,1348,1354,1348,1348,1348,1354,true,2026-07-18,KvK #16 (Latest),KvK #16 (Latest),2026-07-18T17:04:08.986Z,2026-07-18T17:04:08.986Z,231,229
7992,16,1349,1367,1367,1367,1367,1349,true,2026-07-18,KvK #16 (Latest),KvK #16 (Latest),2026-07-18T17:04:09.146Z,2026-07-18T17:04:09.146Z,231,226
7993,16,1350,1377,1377,1350,1377,1350,false,2026-07-18,KvK #16 (Latest),KvK #16 (Latest),2026-07-18T17:04:09.309Z,2026-07-18T17:04:09.309Z,230,223
7994,16,1353,1376,1353,1376,1353,1376,false,2026-07-18,KvK #16 (Latest),KvK #16 (Latest),2026-07-18T17:04:09.473Z,2026-07-18T17:04:09.473Z,229,223
7995,16,1355,1381,1381,1381,1381,1355,true,2026-07-18,KvK #16 (Latest),KvK #16 (Latest),2026-07-18T17:04:09.636Z,2026-07-18T17:04:09.636Z,229,222
7996,16,1357,1375,1357,1357,1357,1375,true,2026-07-18,KvK #16 (Latest),KvK #16 (Latest),2026-07-18T17:04:09.802Z,2026-07-18T17:04:09.802Z,229,223
7997,16,1358,1374,1358,1358,1358,1374,true,2026-07-18,KvK #16 (Latest),KvK #16 (Latest),2026-07-18T17:04:09.962Z,2026-07-18T17:04:09.962Z,228,223
7998,16,1359,1365,1359,1365,1359,1365,false,2026-07-18,KvK #16 (Latest),KvK #16 (Latest),2026-07-18T17:04:10.128Z,2026-07-18T17:04:10.128Z,228,226
7999,16,1361,1363,1363,1361,1363,1361,false,2026-07-18,KvK #16 (Latest),KvK #16 (Latest),2026-07-18T17:04:10.293Z,2026-07-18T17:04:10.293Z,227,227
8000,16,1362,1373,1373,1373,1373,1362,true,2026-07-18,KvK #16 (Latest),KvK #16 (Latest),2026-07-18T17:04:10.453Z,2026-07-18T17:04:10.453Z,227,224
8001,16,1366,1369,1369,1366,1369,1366,false,2026-07-18,KvK #16 (Latest),KvK #16 (Latest),2026-07-18T17:04:10.615Z,2026-07-18T17:04:10.615Z,226,225
8002,16,1382,1388,1382,1382,1382,1388,true,2026-07-18,KvK #16 (Latest),KvK #16 (Latest),2026-07-18T17:04:10.775Z,2026-07-18T17:04:10.775Z,221,219
8003,16,1383,1474,1383,1383,1383,1474,true,2026-07-18,KvK #16 (Latest),KvK #16 (Latest),2026-07-18T17:04:10.947Z,2026-07-18T17:04:10.947Z,221,198
8004,16,1384,1451,1384,1451,1384,1451,false,2026-07-18,KvK #16 (Latest),KvK #16 (Latest),2026-07-18T17:04:11.110Z,2026-07-18T17:04:11.110Z,221,202
8005,16,1385,1496,1496,1385,1496,1385,false,2026-07-18,KvK #16 (Latest),KvK #16 (Latest),2026-07-18T17:04:11.272Z,2026-07-18T17:04:11.272Z,221,195
8006,16,1386,1391,1391,1391,1391,1386,true,2026-07-18,KvK #16 (Latest),KvK #16 (Latest),2026-07-18T17:04:11.438Z,2026-07-18T17:04:11.438Z,220,219
8007,16,1387,1502,1502,1387,1502,1387,false,2026-07-18,KvK #16 (Latest),KvK #16 (Latest),2026-07-18T17:04:11.602Z,2026-07-18T17:04:11.602Z,220,194
8008,16,1389,1396,1396,1396,1396,1389,true,2026-07-18,KvK #16 (Latest),KvK #16 (Latest),2026-07-18T17:04:11.767Z,2026-07-18T17:04:11.767Z,219,217
8009,16,1390,1501,1390,1390,1390,1501,true,2026-07-18,KvK #16 (Latest),KvK #16 (Latest),2026-07-18T17:04:11.950Z,2026-07-18T17:04:11.950Z,219,194
8010,16,1392,1403,1392,1392,1392,1403,true,2026-07-18,KvK #16 (Latest),KvK #16 (Latest),2026-07-18T17:04:12.122Z,2026-07-18T17:04:12.122Z,218,215
8011,16,1393,1423,1423,1393,1423,1393,false,2026-07-18,KvK #16 (Latest),KvK #16 (Latest),2026-07-18T17:04:12.293Z,2026-07-18T17:04:12.293Z,218,208
8012,16,1394,1457,1457,1457,1457,1394,true,2026-07-18,KvK #16 (Latest),KvK #16 (Latest),2026-07-18T17:04:12.463Z,2026-07-18T17:04:12.463Z,217,201
8013,16,1395,1483,1483,1395,1483,1395,false,2026-07-18,KvK #16 (Latest),KvK #16 (Latest),2026-07-18T17:04:12.641Z,2026-07-18T17:04:12.641Z,217,197
8014,16,1397,1447,1447,1447,1447,1397,true,2026-07-18,KvK #16 (Latest),KvK #16 (Latest),2026-07-18T17:04:12.804Z,2026-07-18T17:04:12.804Z,216,202
8015,16,1398,1469,1469,1398,1469,1398,false,2026-07-18,KvK #16 (Latest),KvK #16 (Latest),2026-07-18T17:04:12.964Z,2026-07-18T17:04:12.964Z,216,199
8016,16,1399,1435,1399,1399,1399,1435,true,2026-07-18,KvK #16 (Latest),KvK #16 (Latest),2026-07-18T17:04:13.133Z,2026-07-18T17:04:13.133Z,216,205
8017,16,1400,1428,1428,1428,1428,1400,true,2026-07-18,KvK #16 (Latest),KvK #16 (Latest),2026-07-18T17:04:13.298Z,2026-07-18T17:04:13.298Z,216,207
8018,16,1401,1453,1453,1401,1453,1401,false,2026-07-18,KvK #16 (Latest),KvK #16 (Latest),2026-07-18T17:04:13.461Z,2026-07-18T17:04:13.461Z,215,201
8019,16,1402,1470,1470,1402,1470,1402,false,2026-07-18,KvK #16 (Latest),KvK #16 (Latest),2026-07-18T17:04:13.625Z,2026-07-18T17:04:13.625Z,215,199
8020,16,1404,1419,1404,1419,1404,1419,false,2026-07-18,KvK #16 (Latest),KvK #16 (Latest),2026-07-18T17:04:13.791Z,2026-07-18T17:04:13.791Z,214,209
8021,16,1405,1411,1411,1411,1411,1405,true,2026-07-18,KvK #16 (Latest),KvK #16 (Latest),2026-07-18T17:04:13.953Z,2026-07-18T17:04:13.953Z,214,212
8022,16,1406,1418,1406,1418,1406,1418,false,2026-07-18,KvK #16 (Latest),KvK #16 (Latest),2026-07-18T17:04:14.114Z,2026-07-18T17:04:14.114Z,214,209
8023,16,1407,1442,1442,1442,1442,1407,true,2026-07-18,KvK #16 (Latest),KvK #16 (Latest),2026-07-18T17:04:14.280Z,2026-07-18T17:04:14.280Z,213,204
8024,16,1408,1448,1448,1448,1448,1408,true,2026-07-18,KvK #16 (Latest),KvK #16 (Latest),2026-07-18T17:04:14.444Z,2026-07-18T17:04:14.444Z,213,202
8025,16,1409,1497,1497,1409,1497,1409,false,2026-07-18,KvK #16 (Latest),KvK #16 (Latest),2026-07-18T17:04:14.606Z,2026-07-18T17:04:14.606Z,213,194
8026,16,1410,1493,1493,1493,1493,1410,true,2026-07-18,KvK #16 (Latest),KvK #16 (Latest),2026-07-18T17:04:14.768Z,2026-07-18T17:04:14.768Z,213,195
8027,16,1412,1485,1485,1485,1485,1412,true,2026-07-18,KvK #16 (Latest),KvK #16 (Latest),2026-07-18T17:04:14.932Z,2026-07-18T17:04:14.932Z,212,196
8028,16,1413,1479,1479,1413,1479,1413,false,2026-07-18,KvK #16 (Latest),KvK #16 (Latest),2026-07-18T17:04:15.097Z,2026-07-18T17:04:15.097Z,212,197
8029,16,1414,1424,1424,1424,1424,1414,true,2026-07-18,KvK #16 (Latest),KvK #16 (Latest),2026-07-18T17:04:15.264Z,2026-07-18T17:04:15.264Z,211,208
8030,16,1415,1488,1488,1488,1488,1415,true,2026-07-18,KvK #16 (Latest),KvK #16 (Latest),2026-07-18T17:04:15.437Z,2026-07-18T17:04:15.437Z,211,196
8031,16,1416,1444,1444,1444,1444,1416,true,2026-07-18,KvK #16 (Latest),KvK #16 (Latest),2026-07-18T17:04:15.601Z,2026-07-18T17:04:15.601Z,210,203
8032,16,1417,1468,1468,1468,1468,1417,true,2026-07-18,KvK #16 (Latest),KvK #16 (Latest),2026-07-18T17:04:15.766Z,2026-07-18T17:04:15.766Z,210,199
8033,16,1420,1452,1452,1420,1452,1420,false,2026-07-18,KvK #16 (Latest),KvK #16 (Latest),2026-07-18T17:04:15.928Z,2026-07-18T17:04:15.928Z,209,202
8034,16,1421,1495,1495,1421,1495,1421,false,2026-07-18,KvK #16 (Latest),KvK #16 (Latest),2026-07-18T17:04:16.104Z,2026-07-18T17:04:16.104Z,209,195
8035,16,1422,1446,1422,1422,1422,1446,true,2026-07-18,KvK #16 (Latest),KvK #16 (Latest),2026-07-18T17:04:16.286Z,2026-07-18T17:04:16.286Z,209,203
8036,16,1425,1471,1425,1425,1425,1471,true,2026-07-18,KvK #16 (Latest),KvK #16 (Latest),2026-07-18T17:04:16.450Z,2026-07-18T17:04:16.450Z,208,199
8037,16,1426,1459,1426,1426,1426,1459,true,2026-07-18,KvK #16 (Latest),KvK #16 (Latest),2026-07-18T17:04:16.613Z,2026-07-18T17:04:16.613Z,208,200
8038,16,1427,1487,1487,1487,1487,1427,true,2026-07-18,KvK #16 (Latest),KvK #16 (Latest),2026-07-18T17:04:16.778Z,2026-07-18T17:04:16.778Z,207,196
8039,16,1429,1436,1429,1429,1429,1436,true,2026-07-18,KvK #16 (Latest),KvK #16 (Latest),2026-07-18T17:04:16.945Z,2026-07-18T17:04:16.945Z,207,205
8040,16,1430,1492,1492,1430,1492,1430,false,2026-07-18,KvK #16 (Latest),KvK #16 (Latest),2026-07-18T17:04:17.117Z,2026-07-18T17:04:17.117Z,207,195
8041,16,1431,1460,1460,1460,1460,1431,true,2026-07-18,KvK #16 (Latest),KvK #16 (Latest),2026-07-18T17:04:17.280Z,2026-07-18T17:04:17.280Z,206,200
8042,16,1432,1458,1432,1432,1432,1458,true,2026-07-18,KvK #16 (Latest),KvK #16 (Latest),2026-07-18T17:04:17.449Z,2026-07-18T17:04:17.449Z,206,201
8043,16,1433,1455,1455,1455,1455,1433,true,2026-07-18,KvK #16 (Latest),KvK #16 (Latest),2026-07-18T17:04:17.614Z,2026-07-18T17:04:17.614Z,206,201
8044,16,1434,1454,1454,1434,1454,1434,false,2026-07-18,KvK #16 (Latest),KvK #16 (Latest),2026-07-18T17:04:17.778Z,2026-07-18T17:04:17.778Z,205,201
8045,16,1437,1438,1437,1438,1437,1438,false,2026-07-18,KvK #16 (Latest),KvK #16 (Latest),2026-07-18T17:04:17.942Z,2026-07-18T17:04:17.942Z,205,205
8046,16,1439,1486,1439,1439,1439,1486,true,2026-07-18,KvK #16 (Latest),KvK #16 (Latest),2026-07-18T17:04:18.104Z,2026-07-18T17:04:18.104Z,204,196
8047,16,1440,1450,1450,1450,1450,1440,true,2026-07-18,KvK #16 (Latest),KvK #16 (Latest),2026-07-18T17:04:18.272Z,2026-07-18T17:04:18.272Z,204,202
8048,16,1441,1477,1441,1441,1441,1477,true,2026-07-18,KvK #16 (Latest),KvK #16 (Latest),2026-07-18T17:04:18.436Z,2026-07-18T17:04:18.436Z,204,198
8049,16,1443,1466,1466,1466,1466,1443,true,2026-07-18,KvK #16 (Latest),KvK #16 (Latest),2026-07-18T17:04:18.598Z,2026-07-18T17:04:18.598Z,203,199
8050,16,1445,1478,1478,1445,1478,1445,false,2026-07-18,KvK #16 (Latest),KvK #16 (Latest),2026-07-18T17:04:18.760Z,2026-07-18T17:04:18.760Z,203,197
8051,16,1449,1462,1449,1449,1449,1462,true,2026-07-18,KvK #16 (Latest),KvK #16 (Latest),2026-07-18T17:04:18.923Z,2026-07-18T17:04:18.923Z,202,200
8052,16,1456,1476,1456,1456,1456,1476,true,2026-07-18,KvK #16 (Latest),KvK #16 (Latest),2026-07-18T17:04:19.085Z,2026-07-18T17:04:19.085Z,201,198
8053,16,1461,1494,1494,1494,1494,1461,true,2026-07-18,KvK #16 (Latest),KvK #16 (Latest),2026-07-18T17:04:19.249Z,2026-07-18T17:04:19.249Z,200,195
8054,16,1463,1490,1463,1463,1463,1490,true,2026-07-18,KvK #16 (Latest),KvK #16 (Latest),2026-07-18T17:04:19.414Z,2026-07-18T17:04:19.414Z,200,195
8055,16,1464,1499,1464,1464,1464,1499,true,2026-07-18,KvK #16 (Latest),KvK #16 (Latest),2026-07-18T17:04:19.578Z,2026-07-18T17:04:19.578Z,200,194
8056,16,1465,1480,1465,1465,1465,1480,true,2026-07-18,KvK #16 (Latest),KvK #16 (Latest),2026-07-18T17:04:19.744Z,2026-07-18T17:04:19.744Z,200,197
8057,16,1467,1484,1484,1484,1484,1467,true,2026-07-18,KvK #16 (Latest),KvK #16 (Latest),2026-07-18T17:04:19.906Z,2026-07-18T17:04:19.906Z,199,196
8058,16,1472,1475,1475,1472,1475,1472,false,2026-07-18,KvK #16 (Latest),KvK #16 (Latest),2026-07-18T17:04:20.070Z,2026-07-18T17:04:20.070Z,198,198
8059,16,1481,1498,1481,1481,1481,1498,true,2026-07-18,KvK #16 (Latest),KvK #16 (Latest),2026-07-18T17:04:20.240Z,2026-07-18T17:04:20.240Z,197,194
8060,16,1482,1491,1491,1491,1491,1482,true,2026-07-18,KvK #16 (Latest),KvK #16 (Latest),2026-07-18T17:04:20.409Z,2026-07-18T17:04:20.409Z,197,195
8061,16,1489,1500,1489,1500,1489,1500,false,2026-07-18,KvK #16 (Latest),KvK #16 (Latest),2026-07-18T17:04:20.577Z,2026-07-18T17:04:20.577Z,196,194
8062,16,1503,1533,1533,1503,1533,1503,false,2026-07-18,KvK #16 (Latest),KvK #16 (Latest),2026-07-18T17:04:20.745Z,2026-07-18T17:04:20.745Z,193,186
8063,16,1504,1546,1504,1546,1504,1546,false,2026-07-18,KvK #16 (Latest),KvK #16 (Latest),2026-07-18T17:04:20.907Z,2026-07-18T17:04:20.907Z,193,183
8064,16,1505,1523,1523,1523,1523,1505,true,2026-07-18,KvK #16 (Latest),KvK #16 (Latest),2026-07-18T17:04:21.074Z,2026-07-18T17:04:21.074Z,193,188
8065,16,1506,1519,1506,1506,1506,1519,true,2026-07-18,KvK #16 (Latest),KvK #16 (Latest),2026-07-18T17:04:21.240Z,2026-07-18T17:04:21.240Z,193,189
8066,16,1507,1514,1514,1507,1514,1507,false,2026-07-18,KvK #16 (Latest),KvK #16 (Latest),2026-07-18T17:04:21.406Z,2026-07-18T17:04:21.406Z,193,191
8067,16,1508,1512,1508,1508,1508,1512,true,2026-07-18,KvK #16 (Latest),KvK #16 (Latest),2026-07-18T17:04:21.574Z,2026-07-18T17:04:21.574Z,192,191
8068,16,1509,1532,1509,1532,1509,1532,false,2026-07-18,KvK #16 (Latest),KvK #16 (Latest),2026-07-18T17:04:21.741Z,2026-07-18T17:04:21.741Z,192,186
8069,16,1510,1556,1510,1510,1510,1556,true,2026-07-18,KvK #16 (Latest),KvK #16 (Latest),2026-07-18T17:04:21.908Z,2026-07-18T17:04:21.908Z,192,180
8070,16,1511,1540,1540,1511,1540,1511,false,2026-07-18,KvK #16 (Latest),KvK #16 (Latest),2026-07-18T17:04:22.076Z,2026-07-18T17:04:22.076Z,192,184
8071,16,1513,1554,1554,1513,1554,1513,false,2026-07-18,KvK #16 (Latest),KvK #16 (Latest),2026-07-18T17:04:22.245Z,2026-07-18T17:04:22.245Z,191,181
8072,16,1515,1555,1515,1515,1515,1555,true,2026-07-18,KvK #16 (Latest),KvK #16 (Latest),2026-07-18T17:04:22.411Z,2026-07-18T17:04:22.411Z,191,180
8073,16,1516,1558,1558,1558,1558,1516,true,2026-07-18,KvK #16 (Latest),KvK #16 (Latest),2026-07-18T17:04:22.575Z,2026-07-18T17:04:22.575Z,191,180
8074,16,1517,1528,1528,1528,1528,1517,true,2026-07-18,KvK #16 (Latest),KvK #16 (Latest),2026-07-18T17:04:22.741Z,2026-07-18T17:04:22.741Z,190,187
8075,16,1518,1530,1530,1518,1530,1518,false,2026-07-18,KvK #16 (Latest),KvK #16 (Latest),2026-07-18T17:04:22.906Z,2026-07-18T17:04:22.906Z,190,187
8076,16,1520,1538,1538,1538,1538,1520,true,2026-07-18,KvK #16 (Latest),KvK #16 (Latest),2026-07-18T17:04:23.070Z,2026-07-18T17:04:23.070Z,189,185
8077,16,1521,1522,1521,1521,1521,1522,true,2026-07-18,KvK #16 (Latest),KvK #16 (Latest),2026-07-18T17:04:23.233Z,2026-07-18T17:04:23.233Z,189,188
8078,16,1524,1549,1549,1524,1549,1524,false,2026-07-18,KvK #16 (Latest),KvK #16 (Latest),2026-07-18T17:04:23.393Z,2026-07-18T17:04:23.393Z,188,182
8079,16,1525,1552,1525,1525,1525,1552,true,2026-07-18,KvK #16 (Latest),KvK #16 (Latest),2026-07-18T17:04:23.558Z,2026-07-18T17:04:23.558Z,188,181
8080,16,1526,1544,1544,1526,1544,1526,false,2026-07-18,KvK #16 (Latest),KvK #16 (Latest),2026-07-18T17:04:23.727Z,2026-07-18T17:04:23.727Z,188,183
8081,16,1527,1531,1527,1531,1527,1531,false,2026-07-18,KvK #16 (Latest),KvK #16 (Latest),2026-07-18T17:04:23.910Z,2026-07-18T17:04:23.910Z,187,187
8082,16,1529,1547,1529,1529,1529,1547,true,2026-07-18,KvK #16 (Latest),KvK #16 (Latest),2026-07-18T17:04:24.108Z,2026-07-18T17:04:24.108Z,187,182
8083,16,1534,1550,1550,1550,1550,1534,true,2026-07-18,KvK #16 (Latest),KvK #16 (Latest),2026-07-18T17:04:24.271Z,2026-07-18T17:04:24.271Z,186,181
8084,16,1535,1557,1557,1557,1557,1535,true,2026-07-18,KvK #16 (Latest),KvK #16 (Latest),2026-07-18T17:04:24.443Z,2026-07-18T17:04:24.443Z,186,180
8085,16,1536,1542,1536,1542,1536,1542,false,2026-07-18,KvK #16 (Latest),KvK #16 (Latest),2026-07-18T17:04:24.607Z,2026-07-18T17:04:24.607Z,185,183
8086,16,1537,1551,1537,1537,1537,1551,true,2026-07-18,KvK #16 (Latest),KvK #16 (Latest),2026-07-18T17:04:24.771Z,2026-07-18T17:04:24.771Z,185,181
8087,16,1539,1541,1539,1541,1539,1541,false,2026-07-18,KvK #16 (Latest),KvK #16 (Latest),2026-07-18T17:04:24.932Z,2026-07-18T17:04:24.932Z,184,184
8088,16,1543,1548,1543,1543,1543,1548,true,2026-07-18,KvK #16 (Latest),KvK #16 (Latest),2026-07-18T17:04:25.094Z,2026-07-18T17:04:25.094Z,183,182
8089,16,1545,1553,1553,1545,1553,1545,false,2026-07-18,KvK #16 (Latest),KvK #16 (Latest),2026-07-18T17:04:25.259Z,2026-07-18T17:04:25.259Z,183,181
8090,16,1559,1585,1585,1559,1585,1559,false,2026-07-18,KvK #16 (Latest),KvK #16 (Latest),2026-07-18T17:04:25.422Z,2026-07-18T17:04:25.422Z,179,174
8091,16,1560,1592,1592,1592,1592,1560,true,2026-07-18,KvK #16 (Latest),KvK #16 (Latest),2026-07-18T17:04:25.587Z,2026-07-18T17:04:25.587Z,179,173
8092,16,1561,1605,1561,1561,1561,1605,true,2026-07-18,KvK #16 (Latest),KvK #16 (Latest),2026-07-18T17:04:25.753Z,2026-07-18T17:04:25.753Z,179,170
8093,16,1562,1611,1562,1562,1562,1611,true,2026-07-18,KvK #16 (Latest),KvK #16 (Latest),2026-07-18T17:04:25.917Z,2026-07-18T17:04:25.917Z,179,169
8094,16,1563,1609,1563,1563,1563,1609,true,2026-07-18,KvK #16 (Latest),KvK #16 (Latest),2026-07-18T17:04:26.084Z,2026-07-18T17:04:26.084Z,178,169
8095,16,1564,1594,1564,1594,1564,1594,false,2026-07-18,KvK #16 (Latest),KvK #16 (Latest),2026-07-18T17:04:26.250Z,2026-07-18T17:04:26.250Z,178,173
8096,16,1565,1583,1565,1583,1565,1583,false,2026-07-18,KvK #16 (Latest),KvK #16 (Latest),2026-07-18T17:04:26.425Z,2026-07-18T17:04:26.425Z,178,174
8097,16,1566,1571,1571,1571,1571,1566,true,2026-07-18,KvK #16 (Latest),KvK #16 (Latest),2026-07-18T17:04:26.593Z,2026-07-18T17:04:26.593Z,178,177
8098,16,1567,1600,1567,1600,1567,1600,false,2026-07-18,KvK #16 (Latest),KvK #16 (Latest),2026-07-18T17:04:26.755Z,2026-07-18T17:04:26.755Z,177,171
8099,16,1568,1626,1626,1568,1626,1568,false,2026-07-18,KvK #16 (Latest),KvK #16 (Latest),2026-07-18T17:04:26.937Z,2026-07-18T17:04:26.937Z,177,166
8100,16,1569,1615,1615,1569,1615,1569,false,2026-07-18,KvK #16 (Latest),KvK #16 (Latest),2026-07-18T17:04:27.112Z,2026-07-18T17:04:27.112Z,177,168
8101,16,1570,1598,1598,1570,1598,1570,false,2026-07-18,KvK #16 (Latest),KvK #16 (Latest),2026-07-18T17:04:27.275Z,2026-07-18T17:04:27.275Z,177,172
8102,16,1572,1575,1572,1575,1572,1575,false,2026-07-18,KvK #16 (Latest),KvK #16 (Latest),2026-07-18T17:04:27.437Z,2026-07-18T17:04:27.437Z,176,176
8103,16,1573,1595,1573,1573,1573,1595,true,2026-07-18,KvK #16 (Latest),KvK #16 (Latest),2026-07-18T17:04:27.602Z,2026-07-18T17:04:27.602Z,176,172
8104,16,1574,1613,1574,1574,1574,1613,true,2026-07-18,KvK #16 (Latest),KvK #16 (Latest),2026-07-18T17:04:27.769Z,2026-07-18T17:04:27.769Z,176,169
8105,16,1576,1597,1597,1597,1597,1576,true,2026-07-18,KvK #16 (Latest),KvK #16 (Latest),2026-07-18T17:04:27.929Z,2026-07-18T17:04:27.929Z,175,172
8106,16,1577,1586,1586,1586,1586,1577,true,2026-07-18,KvK #16 (Latest),KvK #16 (Latest),2026-07-18T17:04:28.095Z,2026-07-18T17:04:28.095Z,175,174
8107,16,1579,1614,1579,1579,1579,1614,true,2026-07-18,KvK #16 (Latest),KvK #16 (Latest),2026-07-18T17:04:28.255Z,2026-07-18T17:04:28.255Z,175,168
8108,16,1580,1601,1601,1580,1601,1580,false,2026-07-18,KvK #16 (Latest),KvK #16 (Latest),2026-07-18T17:04:28.417Z,2026-07-18T17:04:28.417Z,175,171
8109,16,1581,1590,1581,1581,1581,1590,true,2026-07-18,KvK #16 (Latest),KvK #16 (Latest),2026-07-18T17:04:28.586Z,2026-07-18T17:04:28.586Z,174,173
8110,16,1582,1622,1622,1582,1622,1582,false,2026-07-18,KvK #16 (Latest),KvK #16 (Latest),2026-07-18T17:04:28.757Z,2026-07-18T17:04:28.757Z,174,167
8111,16,1584,1621,1621,1621,1621,1584,true,2026-07-18,KvK #16 (Latest),KvK #16 (Latest),2026-07-18T17:04:28.920Z,2026-07-18T17:04:28.920Z,174,167
8112,16,1587,1603,1587,1587,1587,1603,true,2026-07-18,KvK #16 (Latest),KvK #16 (Latest),2026-07-18T17:04:29.084Z,2026-07-18T17:04:29.084Z,174,171
8113,16,1588,1604,1588,1588,1588,1604,true,2026-07-18,KvK #16 (Latest),KvK #16 (Latest),2026-07-18T17:04:29.249Z,2026-07-18T17:04:29.249Z,173,171
8114,16,1589,1618,1589,1589,1589,1618,true,2026-07-18,KvK #16 (Latest),KvK #16 (Latest),2026-07-18T17:04:29.413Z,2026-07-18T17:04:29.413Z,173,167
8115,16,1591,1624,1624,1591,1624,1591,false,2026-07-18,KvK #16 (Latest),KvK #16 (Latest),2026-07-18T17:04:29.577Z,2026-07-18T17:04:29.577Z,173,166
8116,16,1593,1625,1625,1625,1625,1593,true,2026-07-18,KvK #16 (Latest),KvK #16 (Latest),2026-07-18T17:04:29.740Z,2026-07-18T17:04:29.740Z,173,166
8117,16,1596,1620,1596,1596,1596,1620,true,2026-07-18,KvK #16 (Latest),KvK #16 (Latest),2026-07-18T17:04:29.901Z,2026-07-18T17:04:29.901Z,172,167
8118,16,1599,1612,1612,1612,1612,1599,true,2026-07-18,KvK #16 (Latest),KvK #16 (Latest),2026-07-18T17:04:30.068Z,2026-07-18T17:04:30.068Z,172,169
8119,16,1602,1610,1610,1610,1610,1602,true,2026-07-18,KvK #16 (Latest),KvK #16 (Latest),2026-07-18T17:04:30.238Z,2026-07-18T17:04:30.238Z,171,169
8120,16,1606,1627,1627,1627,1627,1606,true,2026-07-18,KvK #16 (Latest),KvK #16 (Latest),2026-07-18T17:04:30.400Z,2026-07-18T17:04:30.400Z,170,166
8121,16,1607,1608,1608,1608,1608,1607,true,2026-07-18,KvK #16 (Latest),KvK #16 (Latest),2026-07-18T17:04:30.569Z,2026-07-18T17:04:30.569Z,170,170
8122,16,1616,1623,1616,1616,1616,1623,true,2026-07-18,KvK #16 (Latest),KvK #16 (Latest),2026-07-18T17:04:30.731Z,2026-07-18T17:04:30.731Z,168,166
8123,16,1617,1619,1619,1617,1619,1617,false,2026-07-18,KvK #16 (Latest),KvK #16 (Latest),2026-07-18T17:04:30.896Z,2026-07-18T17:04:30.896Z,168,167
8124,16,1628,1671,1671,1671,1671,1628,true,2026-07-18,KvK #16 (Latest),KvK #16 (Latest),2026-07-18T17:04:31.066Z,2026-07-18T17:04:31.066Z,165,156
8125,16,1629,1686,1686,1629,1686,1629,false,2026-07-18,KvK #16 (Latest),KvK #16 (Latest),2026-07-18T17:04:31.233Z,2026-07-18T17:04:31.233Z,165,152
8126,16,1630,1684,1684,1684,1684,1630,true,2026-07-18,KvK #16 (Latest),KvK #16 (Latest),2026-07-18T17:04:31.402Z,2026-07-18T17:04:31.402Z,165,153
8127,16,1631,1672,1631,1631,1631,1672,true,2026-07-18,KvK #16 (Latest),KvK #16 (Latest),2026-07-18T17:04:31.575Z,2026-07-18T17:04:31.575Z,165,155
8128,16,1632,1633,1633,1633,1633,1632,true,2026-07-18,KvK #16 (Latest),KvK #16 (Latest),2026-07-18T17:04:31.744Z,2026-07-18T17:04:31.744Z,165,164
8129,16,1634,1648,1634,1648,1634,1648,false,2026-07-18,KvK #16 (Latest),KvK #16 (Latest),2026-07-18T17:04:31.915Z,2026-07-18T17:04:31.915Z,164,161
8130,16,1635,1678,1678,1678,1678,1635,true,2026-07-18,KvK #16 (Latest),KvK #16 (Latest),2026-07-18T17:04:32.087Z,2026-07-18T17:04:32.087Z,164,154
8131,16,1636,1679,1636,1636,1636,1679,true,2026-07-18,KvK #16 (Latest),KvK #16 (Latest),2026-07-18T17:04:32.259Z,2026-07-18T17:04:32.259Z,164,153
8132,16,1637,1644,1637,1637,1637,1644,true,2026-07-18,KvK #16 (Latest),KvK #16 (Latest),2026-07-18T17:04:32.428Z,2026-07-18T17:04:32.428Z,163,162
8133,16,1638,1676,1638,1638,1638,1676,true,2026-07-18,KvK #16 (Latest),KvK #16 (Latest),2026-07-18T17:04:32.608Z,2026-07-18T17:04:32.608Z,163,154
8134,16,1639,1652,1652,1639,1652,1639,false,2026-07-18,KvK #16 (Latest),KvK #16 (Latest),2026-07-18T17:04:32.808Z,2026-07-18T17:04:32.808Z,163,160
8135,16,1640,1683,1683,1640,1683,1640,false,2026-07-18,KvK #16 (Latest),KvK #16 (Latest),2026-07-18T17:04:32.981Z,2026-07-18T17:04:32.981Z,163,153
8136,16,1641,1680,1641,1680,1641,1680,false,2026-07-18,KvK #16 (Latest),KvK #16 (Latest),2026-07-18T17:04:33.145Z,2026-07-18T17:04:33.145Z,163,153
8137,16,1642,1655,1642,1655,1642,1655,false,2026-07-18,KvK #16 (Latest),KvK #16 (Latest),2026-07-18T17:04:33.312Z,2026-07-18T17:04:33.312Z,162,159
8138,16,1643,1685,1685,1685,1685,1643,true,2026-07-18,KvK #16 (Latest),KvK #16 (Latest),2026-07-18T17:04:33.475Z,2026-07-18T17:04:33.475Z,162,152
8139,16,1645,1665,1645,1645,1645,1665,true,2026-07-18,KvK #16 (Latest),KvK #16 (Latest),2026-07-18T17:04:33.636Z,2026-07-18T17:04:33.636Z,162,157
8140,16,1646,1687,1646,1687,1646,1687,false,2026-07-18,KvK #16 (Latest),KvK #16 (Latest),2026-07-18T17:04:33.798Z,2026-07-18T17:04:33.798Z,162,152
8141,16,1647,1675,1675,1675,1675,1647,true,2026-07-18,KvK #16 (Latest),KvK #16 (Latest),2026-07-18T17:04:33.963Z,2026-07-18T17:04:33.963Z,161,154
8142,16,1649,1674,1674,1674,1674,1649,true,2026-07-18,KvK #16 (Latest),KvK #16 (Latest),2026-07-18T17:04:34.127Z,2026-07-18T17:04:34.127Z,161,155
8143,16,1650,1657,1657,1657,1657,1650,true,2026-07-18,KvK #16 (Latest),KvK #16 (Latest),2026-07-18T17:04:34.291Z,2026-07-18T17:04:34.291Z,160,159
8144,16,1651,1653,1651,1653,1651,1653,false,2026-07-18,KvK #16 (Latest),KvK #16 (Latest),2026-07-18T17:04:34.458Z,2026-07-18T17:04:34.458Z,160,160
8145,16,1654,1670,1670,1654,1670,1654,false,2026-07-18,KvK #16 (Latest),KvK #16 (Latest),2026-07-18T17:04:34.634Z,2026-07-18T17:04:34.634Z,160,156
8146,16,1656,1662,1662,1656,1662,1656,false,2026-07-18,KvK #16 (Latest),KvK #16 (Latest),2026-07-18T17:04:34.800Z,2026-07-18T17:04:34.800Z,159,158
8147,16,1658,1689,1658,1658,1658,1689,true,2026-07-18,KvK #16 (Latest),KvK #16 (Latest),2026-07-18T17:04:34.965Z,2026-07-18T17:04:34.965Z,159,152
8148,16,1659,1668,1659,1659,1659,1668,true,2026-07-18,KvK #16 (Latest),KvK #16 (Latest),2026-07-18T17:04:35.128Z,2026-07-18T17:04:35.128Z,159,156
8149,16,1660,1664,1660,1664,1660,1664,false,2026-07-18,KvK #16 (Latest),KvK #16 (Latest),2026-07-18T17:04:35.297Z,2026-07-18T17:04:35.297Z,158,157
8150,16,1661,1682,1661,1682,1661,1682,false,2026-07-18,KvK #16 (Latest),KvK #16 (Latest),2026-07-18T17:04:35.462Z,2026-07-18T17:04:35.462Z,158,153
8151,16,1663,1666,1666,1666,1666,1663,true,2026-07-18,KvK #16 (Latest),KvK #16 (Latest),2026-07-18T17:04:35.639Z,2026-07-18T17:04:35.639Z,158,157
8152,16,1667,1673,1673,1673,1673,1667,true,2026-07-18,KvK #16 (Latest),KvK #16 (Latest),2026-07-18T17:04:35.802Z,2026-07-18T17:04:35.802Z,156,155
8153,16,1669,1681,1669,1681,1669,1681,false,2026-07-18,KvK #16 (Latest),KvK #16 (Latest),2026-07-18T17:04:35.967Z,2026-07-18T17:04:35.967Z,156,153
8154,16,1677,1688,1677,1688,1677,1688,false,2026-07-18,KvK #16 (Latest),KvK #16 (Latest),2026-07-18T17:04:36.134Z,2026-07-18T17:04:36.134Z,154,152
8155,16,1690,1755,1690,1690,1690,1755,true,2026-07-18,KvK #16 (Latest),KvK #16 (Latest),2026-07-18T17:04:36.303Z,2026-07-18T17:04:36.303Z,151,140
8156,16,1691,1710,1710,1691,1710,1691,false,2026-07-18,KvK #16 (Latest),KvK #16 (Latest),2026-07-18T17:04:36.470Z,2026-07-18T17:04:36.470Z,151,148
8157,16,1692,1719,1719,1719,1719,1692,true,2026-07-18,KvK #16 (Latest),KvK #16 (Latest),2026-07-18T17:04:36.662Z,2026-07-18T17:04:36.662Z,151,146
8158,16,1693,1716,1716,1693,1716,1693,false,2026-07-18,KvK #16 (Latest),KvK #16 (Latest),2026-07-18T17:04:36.825Z,2026-07-18T17:04:36.825Z,151,147
8159,16,1694,1707,1694,1694,1694,1707,true,2026-07-18,KvK #16 (Latest),KvK #16 (Latest),2026-07-18T17:04:36.991Z,2026-07-18T17:04:36.991Z,151,148
8160,16,1695,1761,1761,1695,1761,1695,false,2026-07-18,KvK #16 (Latest),KvK #16 (Latest),2026-07-18T17:04:37.164Z,2026-07-18T17:04:37.164Z,150,139
8161,16,1696,1739,1739,1696,1739,1696,false,2026-07-18,KvK #16 (Latest),KvK #16 (Latest),2026-07-18T17:04:37.330Z,2026-07-18T17:04:37.330Z,150,143
8162,16,1697,1724,1724,1697,1724,1697,false,2026-07-18,KvK #16 (Latest),KvK #16 (Latest),2026-07-18T17:04:37.491Z,2026-07-18T17:04:37.491Z,150,145
8163,16,1698,1721,1721,1698,1721,1698,false,2026-07-18,KvK #16 (Latest),KvK #16 (Latest),2026-07-18T17:04:37.656Z,2026-07-18T17:04:37.656Z,150,146
8164,16,1699,1727,1699,1699,1699,1727,true,2026-07-18,KvK #16 (Latest),KvK #16 (Latest),2026-07-18T17:04:37.817Z,2026-07-18T17:04:37.817Z,150,145
8165,16,1700,1706,1700,1700,1700,1706,true,2026-07-18,KvK #16 (Latest),KvK #16 (Latest),2026-07-18T17:04:37.980Z,2026-07-18T17:04:37.980Z,149,148
8166,16,1701,1730,1701,1730,1701,1730,false,2026-07-18,KvK #16 (Latest),KvK #16 (Latest),2026-07-18T17:04:38.144Z,2026-07-18T17:04:38.144Z,149,145
8167,16,1702,1747,1747,1747,1747,1702,true,2026-07-18,KvK #16 (Latest),KvK #16 (Latest),2026-07-18T17:04:38.316Z,2026-07-18T17:04:38.316Z,149,141
8168,16,1703,1754,1754,1703,1754,1703,false,2026-07-18,KvK #16 (Latest),KvK #16 (Latest),2026-07-18T17:04:38.486Z,2026-07-18T17:04:38.486Z,149,140
8169,16,1705,1753,1753,1705,1753,1705,false,2026-07-18,KvK #16 (Latest),KvK #16 (Latest),2026-07-18T17:04:38.648Z,2026-07-18T17:04:38.648Z,149,140
8170,16,1708,1712,1708,1708,1708,1712,true,2026-07-18,KvK #16 (Latest),KvK #16 (Latest),2026-07-18T17:04:38.819Z,2026-07-18T17:04:38.819Z,148,147
8171,16,1709,1760,1709,1709,1709,1760,true,2026-07-18,KvK #16 (Latest),KvK #16 (Latest),2026-07-18T17:04:38.982Z,2026-07-18T17:04:38.982Z,148,139
8172,16,1711,1737,1711,1711,1711,1737,true,2026-07-18,KvK #16 (Latest),KvK #16 (Latest),2026-07-18T17:04:39.146Z,2026-07-18T17:04:39.146Z,148,143
8173,16,1713,1765,1765,1765,1765,1713,true,2026-07-18,KvK #16 (Latest),KvK #16 (Latest),2026-07-18T17:04:39.310Z,2026-07-18T17:04:39.310Z,147,138
8174,16,1714,1764,1764,1764,1764,1714,true,2026-07-18,KvK #16 (Latest),KvK #16 (Latest),2026-07-18T17:04:39.471Z,2026-07-18T17:04:39.471Z,147,138
8175,16,1715,1749,1715,1749,1715,1749,false,2026-07-18,KvK #16 (Latest),KvK #16 (Latest),2026-07-18T17:04:39.631Z,2026-07-18T17:04:39.631Z,147,141
8176,16,1717,1732,1717,1717,1717,1732,true,2026-07-18,KvK #16 (Latest),KvK #16 (Latest),2026-07-18T17:04:39.794Z,2026-07-18T17:04:39.794Z,146,144
8177,16,1718,1725,1718,1725,1718,1725,false,2026-07-18,KvK #16 (Latest),KvK #16 (Latest),2026-07-18T17:04:39.957Z,2026-07-18T17:04:39.957Z,146,145
8178,16,1720,1728,1728,1720,1728,1720,false,2026-07-18,KvK #16 (Latest),KvK #16 (Latest),2026-07-18T17:04:40.120Z,2026-07-18T17:04:40.120Z,146,145
8179,16,1722,1738,1722,1738,1722,1738,false,2026-07-18,KvK #16 (Latest),KvK #16 (Latest),2026-07-18T17:04:40.286Z,2026-07-18T17:04:40.286Z,146,143
8180,16,1723,1766,1723,1723,1723,1766,true,2026-07-18,KvK #16 (Latest),KvK #16 (Latest),2026-07-18T17:04:40.452Z,2026-07-18T17:04:40.452Z,146,138
8181,16,1726,1744,1744,1726,1744,1726,false,2026-07-18,KvK #16 (Latest),KvK #16 (Latest),2026-07-18T17:04:40.619Z,2026-07-18T17:04:40.619Z,145,142
8182,16,1729,1758,1758,1758,1758,1729,true,2026-07-18,KvK #16 (Latest),KvK #16 (Latest),2026-07-18T17:04:40.783Z,2026-07-18T17:04:40.783Z,145,139
8183,16,1731,1734,1731,1731,1731,1734,true,2026-07-18,KvK #16 (Latest),KvK #16 (Latest),2026-07-18T17:04:40.950Z,2026-07-18T17:04:40.950Z,144,144
8184,16,1733,1736,1736,1736,1736,1733,true,2026-07-18,KvK #16 (Latest),KvK #16 (Latest),2026-07-18T17:04:41.114Z,2026-07-18T17:04:41.114Z,144,143
8185,16,1735,1740,1735,1735,1735,1740,true,2026-07-18,KvK #16 (Latest),KvK #16 (Latest),2026-07-18T17:04:41.279Z,2026-07-18T17:04:41.279Z,144,143
8186,16,1741,1759,1741,1759,1741,1759,false,2026-07-18,KvK #16 (Latest),KvK #16 (Latest),2026-07-18T17:04:41.443Z,2026-07-18T17:04:41.443Z,143,139
8187,16,1742,1746,1742,1746,1742,1746,false,2026-07-18,KvK #16 (Latest),KvK #16 (Latest),2026-07-18T17:04:41.619Z,2026-07-18T17:04:41.619Z,142,142
8188,16,1743,1752,1752,1743,1752,1743,false,2026-07-18,KvK #16 (Latest),KvK #16 (Latest),2026-07-18T17:04:41.789Z,2026-07-18T17:04:41.789Z,142,140
8189,16,1745,1757,1757,1757,1757,1745,true,2026-07-18,KvK #16 (Latest),KvK #16 (Latest),2026-07-18T17:04:41.951Z,2026-07-18T17:04:41.951Z,142,139
8190,16,1748,1763,1763,1763,1763,1748,true,2026-07-18,KvK #16 (Latest),KvK #16 (Latest),2026-07-18T17:04:42.124Z,2026-07-18T17:04:42.124Z,141,138
8191,16,1750,1751,1750,1751,1750,1751,false,2026-07-18,KvK #16 (Latest),KvK #16 (Latest),2026-07-18T17:04:42.293Z,2026-07-18T17:04:42.293Z,141,141
8192,16,1756,1762,1756,1762,1756,1762,false,2026-07-18,KvK #16 (Latest),KvK #16 (Latest),2026-07-18T17:04:42.456Z,2026-07-18T17:04:42.456Z,139,138
8193,16,1767,1776,1776,1776,1776,1767,true,2026-07-18,KvK #16 (Latest),KvK #16 (Latest),2026-07-18T17:04:42.622Z,2026-07-18T17:04:42.622Z,137,135
8194,16,1768,1771,1768,1771,1768,1771,false,2026-07-18,KvK #16 (Latest),KvK #16 (Latest),2026-07-18T17:04:42.794Z,2026-07-18T17:04:42.794Z,137,136
8195,16,1769,1797,1797,1769,1797,1769,false,2026-07-18,KvK #16 (Latest),KvK #16 (Latest),2026-07-18T17:04:42.959Z,2026-07-18T17:04:42.959Z,137,131
8196,16,1770,1793,1770,1793,1770,1793,false,2026-07-18,KvK #16 (Latest),KvK #16 (Latest),2026-07-18T17:04:43.125Z,2026-07-18T17:04:43.125Z,137,131
8197,16,1772,1794,1794,1794,1794,1772,true,2026-07-18,KvK #16 (Latest),KvK #16 (Latest),2026-07-18T17:04:43.287Z,2026-07-18T17:04:43.287Z,136,131
8198,16,1773,1777,1773,1773,1773,1777,true,2026-07-18,KvK #16 (Latest),KvK #16 (Latest),2026-07-18T17:04:43.450Z,2026-07-18T17:04:43.450Z,136,135
8199,16,1774,1796,1796,1796,1796,1774,true,2026-07-18,KvK #16 (Latest),KvK #16 (Latest),2026-07-18T17:04:43.612Z,2026-07-18T17:04:43.612Z,136,131
8200,16,1775,1795,1795,1775,1795,1775,false,2026-07-18,KvK #16 (Latest),KvK #16 (Latest),2026-07-18T17:04:43.773Z,2026-07-18T17:04:43.773Z,136,131
8201,16,1778,1798,1798,1798,1798,1778,true,2026-07-18,KvK #16 (Latest),KvK #16 (Latest),2026-07-18T17:04:43.934Z,2026-07-18T17:04:43.934Z,135,130
8202,16,1779,1791,1791,1791,1791,1779,true,2026-07-18,KvK #16 (Latest),KvK #16 (Latest),2026-07-18T17:04:44.097Z,2026-07-18T17:04:44.097Z,135,132
8203,16,1780,1790,1780,1780,1780,1790,true,2026-07-18,KvK #16 (Latest),KvK #16 (Latest),2026-07-18T17:04:44.258Z,2026-07-18T17:04:44.258Z,134,132
8204,16,1781,1788,1788,1781,1788,1781,false,2026-07-18,KvK #16 (Latest),KvK #16 (Latest),2026-07-18T17:04:44.416Z,2026-07-18T17:04:44.416Z,134,132
8205,16,1782,1792,1792,1792,1792,1782,true,2026-07-18,KvK #16 (Latest),KvK #16 (Latest),2026-07-18T17:04:44.579Z,2026-07-18T17:04:44.579Z,134,132
8206,16,1783,1789,1789,1789,1789,1783,true,2026-07-18,KvK #16 (Latest),KvK #16 (Latest),2026-07-18T17:04:44.738Z,2026-07-18T17:04:44.738Z,133,132
8207,16,1784,1785,1785,1785,1785,1784,true,2026-07-18,KvK #16 (Latest),KvK #16 (Latest),2026-07-18T17:04:44.898Z,2026-07-18T17:04:44.898Z,133,133
8208,16,1786,1787,1787,1787,1787,1786,true,2026-07-18,KvK #16 (Latest),KvK #16 (Latest),2026-07-18T17:04:45.062Z,2026-07-18T17:04:45.062Z,133,132
8209,16,1799,1816,1799,1816,1799,1816,false,2026-07-18,KvK #16 (Latest),KvK #16 (Latest),2026-07-18T17:04:45.226Z,2026-07-18T17:04:45.226Z,130,126
8210,16,1800,1820,1820,1800,1820,1800,false,2026-07-18,KvK #16 (Latest),KvK #16 (Latest),2026-07-18T17:04:45.386Z,2026-07-18T17:04:45.386Z,130,125
8211,16,1801,1817,1817,1817,1817,1801,true,2026-07-18,KvK #16 (Latest),KvK #16 (Latest),2026-07-18T17:04:45.547Z,2026-07-18T17:04:45.547Z,130,126
8212,16,1802,1813,1813,1813,1813,1802,true,2026-07-18,KvK #16 (Latest),KvK #16 (Latest),2026-07-18T17:04:45.710Z,2026-07-18T17:04:45.710Z,129,127
8213,16,1803,1810,1803,1810,1803,1810,false,2026-07-18,KvK #16 (Latest),KvK #16 (Latest),2026-07-18T17:04:45.873Z,2026-07-18T17:04:45.873Z,129,128
8214,16,1804,1814,1814,1814,1814,1804,true,2026-07-18,KvK #16 (Latest),KvK #16 (Latest),2026-07-18T17:04:46.037Z,2026-07-18T17:04:46.037Z,129,127
8215,16,1805,1826,1805,1805,1805,1826,true,2026-07-18,KvK #16 (Latest),KvK #16 (Latest),2026-07-18T17:04:46.208Z,2026-07-18T17:04:46.208Z,129,124
8216,16,1806,1818,1818,1806,1818,1806,false,2026-07-18,KvK #16 (Latest),KvK #16 (Latest),2026-07-18T17:04:46.371Z,2026-07-18T17:04:46.371Z,129,125
8217,16,1807,1815,1815,1807,1815,1807,false,2026-07-18,KvK #16 (Latest),KvK #16 (Latest),2026-07-18T17:04:46.537Z,2026-07-18T17:04:46.537Z,128,126
8218,16,1808,1809,1808,1808,1808,1809,true,2026-07-18,KvK #16 (Latest),KvK #16 (Latest),2026-07-18T17:04:46.701Z,2026-07-18T17:04:46.701Z,128,128
8219,16,1811,1824,1811,1824,1811,1824,false,2026-07-18,KvK #16 (Latest),KvK #16 (Latest),2026-07-18T17:04:46.869Z,2026-07-18T17:04:46.869Z,127,124
8220,16,1812,1821,1821,1821,1821,1812,true,2026-07-18,KvK #16 (Latest),KvK #16 (Latest),2026-07-18T17:04:47.035Z,2026-07-18T17:04:47.035Z,127,125
8221,16,1819,1823,1823,1819,1823,1819,false,2026-07-18,KvK #16 (Latest),KvK #16 (Latest),2026-07-18T17:04:49.675Z,2026-07-18T17:04:49.675Z,125,124
8222,16,1822,1825,1822,1822,1822,1825,true,2026-07-18,KvK #16 (Latest),KvK #16 (Latest),2026-07-18T17:04:49.839Z,2026-07-18T17:04:49.839Z,124,124
8223,16,1827,1852,1852,1852,1852,1827,true,2026-07-18,KvK #16 (Latest),KvK #16 (Latest),2026-07-18T17:04:50.006Z,2026-07-18T17:04:50.006Z,123,117
8224,16,1828,1851,1851,1851,1851,1828,true,2026-07-18,KvK #16 (Latest),KvK #16 (Latest),2026-07-18T17:04:50.172Z,2026-07-18T17:04:50.172Z,123,117
8225,16,1829,1836,1829,1836,1829,1836,false,2026-07-18,KvK #16 (Latest),KvK #16 (Latest),2026-07-18T17:04:50.336Z,2026-07-18T17:04:50.336Z,123,121
8226,16,1830,1843,1843,1830,1843,1830,false,2026-07-18,KvK #16 (Latest),KvK #16 (Latest),2026-07-18T17:04:50.499Z,2026-07-18T17:04:50.499Z,122,119
8227,16,1831,1841,1841,1841,1841,1831,true,2026-07-18,KvK #16 (Latest),KvK #16 (Latest),2026-07-18T17:04:50.661Z,2026-07-18T17:04:50.661Z,122,119
8228,16,1833,1848,1833,1833,1833,1848,true,2026-07-18,KvK #16 (Latest),KvK #16 (Latest),2026-07-18T17:04:50.824Z,2026-07-18T17:04:50.824Z,122,118
8229,16,1834,1849,1849,1849,1849,1834,true,2026-07-18,KvK #16 (Latest),KvK #16 (Latest),2026-07-18T17:04:50.984Z,2026-07-18T17:04:50.984Z,121,117
8230,16,1835,1840,1840,1840,1840,1835,true,2026-07-18,KvK #16 (Latest),KvK #16 (Latest),2026-07-18T17:04:51.148Z,2026-07-18T17:04:51.148Z,121,120
8231,16,1837,1839,1837,1837,1837,1839,true,2026-07-18,KvK #16 (Latest),KvK #16 (Latest),2026-07-18T17:04:51.314Z,2026-07-18T17:04:51.314Z,121,120
8232,16,1838,1846,1846,1846,1846,1838,true,2026-07-18,KvK #16 (Latest),KvK #16 (Latest),2026-07-18T17:04:51.477Z,2026-07-18T17:04:51.477Z,120,118
8233,16,1842,1853,1842,1842,1842,1853,true,2026-07-18,KvK #16 (Latest),KvK #16 (Latest),2026-07-18T17:04:51.649Z,2026-07-18T17:04:51.649Z,119,117
8234,16,1844,1850,1844,1844,1844,1850,true,2026-07-18,KvK #16 (Latest),KvK #16 (Latest),2026-07-18T17:04:51.817Z,2026-07-18T17:04:51.817Z,119,117
8235,16,1845,1847,1847,1845,1847,1845,false,2026-07-18,KvK #16 (Latest),KvK #16 (Latest),2026-07-18T17:04:51.979Z,2026-07-18T17:04:51.979Z,118,118
8236,16,1854,1883,1883,1883,1883,1854,true,2026-07-18,KvK #16 (Latest),KvK #16 (Latest),2026-07-18T17:04:52.141Z,2026-07-18T17:04:52.141Z,116,110
8237,16,1855,1863,1855,1855,1855,1863,true,2026-07-18,KvK #16 (Latest),KvK #16 (Latest),2026-07-18T17:04:52.307Z,2026-07-18T17:04:52.307Z,116,114
8238,16,1856,1878,1856,1856,1856,1878,true,2026-07-18,KvK #16 (Latest),KvK #16 (Latest),2026-07-18T17:04:52.471Z,2026-07-18T17:04:52.471Z,116,111
8239,16,1857,1882,1882,1882,1882,1857,true,2026-07-18,KvK #16 (Latest),KvK #16 (Latest),2026-07-18T17:04:52.633Z,2026-07-18T17:04:52.633Z,116,110
8240,16,1858,1869,1858,1858,1858,1869,true,2026-07-18,KvK #16 (Latest),KvK #16 (Latest),2026-07-18T17:04:52.799Z,2026-07-18T17:04:52.799Z,115,113
8241,16,1859,1868,1859,1859,1859,1868,true,2026-07-18,KvK #16 (Latest),KvK #16 (Latest),2026-07-18T17:04:52.963Z,2026-07-18T17:04:52.963Z,115,113
8242,16,1860,1880,1860,1880,1860,1880,false,2026-07-18,KvK #16 (Latest),KvK #16 (Latest),2026-07-18T17:04:53.129Z,2026-07-18T17:04:53.129Z,115,110
8243,16,1861,1864,1861,1861,1861,1864,true,2026-07-18,KvK #16 (Latest),KvK #16 (Latest),2026-07-18T17:04:53.304Z,2026-07-18T17:04:53.304Z,115,114
8244,16,1862,1877,1877,1877,1877,1862,true,2026-07-18,KvK #16 (Latest),KvK #16 (Latest),2026-07-18T17:04:53.467Z,2026-07-18T17:04:53.467Z,114,111
8245,16,1865,1873,1865,1865,1865,1873,true,2026-07-18,KvK #16 (Latest),KvK #16 (Latest),2026-07-18T17:04:53.628Z,2026-07-18T17:04:53.628Z,114,112
8246,16,1866,1875,1866,1875,1866,1875,false,2026-07-18,KvK #16 (Latest),KvK #16 (Latest),2026-07-18T17:04:53.791Z,2026-07-18T17:04:53.791Z,114,111
8247,16,1867,1879,1867,1867,1867,1879,true,2026-07-18,KvK #16 (Latest),KvK #16 (Latest),2026-07-18T17:04:53.960Z,2026-07-18T17:04:53.960Z,113,111
8248,16,1870,1872,1870,1870,1870,1872,true,2026-07-18,KvK #16 (Latest),KvK #16 (Latest),2026-07-18T17:04:54.128Z,2026-07-18T17:04:54.128Z,113,112
8249,16,1871,1874,1871,1874,1871,1874,false,2026-07-18,KvK #16 (Latest),KvK #16 (Latest),2026-07-18T17:04:54.292Z,2026-07-18T17:04:54.292Z,112,112
8250,16,1876,1881,1881,1876,1881,1876,false,2026-07-18,KvK #16 (Latest),KvK #16 (Latest),2026-07-18T17:04:54.460Z,2026-07-18T17:04:54.460Z,111,110
8251,16,1884,1897,1897,1884,1897,1884,false,2026-07-18,KvK #16 (Latest),KvK #16 (Latest),2026-07-18T17:04:54.621Z,2026-07-18T17:04:54.621Z,109,105
8252,16,1885,1901,1885,1885,1885,1901,true,2026-07-18,KvK #16 (Latest),KvK #16 (Latest),2026-07-18T17:04:54.781Z,2026-07-18T17:04:54.781Z,109,105
8253,16,1886,1895,1895,1895,1895,1886,true,2026-07-18,KvK #16 (Latest),KvK #16 (Latest),2026-07-18T17:04:54.944Z,2026-07-18T17:04:54.944Z,109,106
8254,16,1887,1893,1887,1887,1887,1893,true,2026-07-18,KvK #16 (Latest),KvK #16 (Latest),2026-07-18T17:04:55.115Z,2026-07-18T17:04:55.115Z,108,107
8255,16,1888,1908,1908,1908,1908,1888,true,2026-07-18,KvK #16 (Latest),KvK #16 (Latest),2026-07-18T17:04:55.282Z,2026-07-18T17:04:55.282Z,108,103
8256,16,1889,1902,1902,1902,1902,1889,true,2026-07-18,KvK #16 (Latest),KvK #16 (Latest),2026-07-18T17:04:55.444Z,2026-07-18T17:04:55.444Z,108,104
8257,16,1890,1894,1894,1894,1894,1890,true,2026-07-18,KvK #16 (Latest),KvK #16 (Latest),2026-07-18T17:04:55.605Z,2026-07-18T17:04:55.605Z,108,106
8258,16,1891,1896,1896,1896,1896,1891,true,2026-07-18,KvK #16 (Latest),KvK #16 (Latest),2026-07-18T17:04:55.770Z,2026-07-18T17:04:55.770Z,107,106
8259,16,1892,1915,1915,1915,1915,1892,true,2026-07-18,KvK #16 (Latest),KvK #16 (Latest),2026-07-18T17:04:55.931Z,2026-07-18T17:04:55.931Z,107,101
8260,16,1898,1903,1903,1903,1903,1898,true,2026-07-18,KvK #16 (Latest),KvK #16 (Latest),2026-07-18T17:04:56.092Z,2026-07-18T17:04:56.092Z,105,104
8261,16,1899,1904,1904,1899,1904,1899,false,2026-07-18,KvK #16 (Latest),KvK #16 (Latest),2026-07-18T17:04:56.257Z,2026-07-18T17:04:56.257Z,105,104
8262,16,1900,1907,1907,1907,1907,1900,true,2026-07-18,KvK #16 (Latest),KvK #16 (Latest),2026-07-18T17:04:56.419Z,2026-07-18T17:04:56.419Z,105,103
8263,16,1905,1906,1906,1905,1906,1905,false,2026-07-18,KvK #16 (Latest),KvK #16 (Latest),2026-07-18T17:04:56.586Z,2026-07-18T17:04:56.586Z,104,103
8264,16,1909,1925,1909,1925,1909,1925,false,2026-07-18,KvK #16 (Latest),KvK #16 (Latest),2026-07-18T17:04:56.752Z,2026-07-18T17:04:56.752Z,102,98
8265,16,1910,1926,1926,1910,1926,1910,false,2026-07-18,KvK #16 (Latest),KvK #16 (Latest),2026-07-18T17:04:56.924Z,2026-07-18T17:04:56.924Z,102,97
8266,16,1911,1921,1911,1911,1911,1921,true,2026-07-18,KvK #16 (Latest),KvK #16 (Latest),2026-07-18T17:04:57.086Z,2026-07-18T17:04:57.086Z,102,
8267,16,1912,1929,1929,1929,1929,1912,true,2026-07-18,KvK #16 (Latest),KvK #16 (Latest),2026-07-18T17:04:57.251Z,2026-07-18T17:04:57.251Z,102,97
8268,16,1913,1934,1934,1913,1934,1913,false,2026-07-18,KvK #16 (Latest),KvK #16 (Latest),2026-07-18T17:04:57.423Z,2026-07-18T17:04:57.423Z,102,96
8269,16,1914,1922,1914,1914,1914,1922,true,2026-07-18,KvK #16 (Latest),KvK #16 (Latest),2026-07-18T17:04:57.586Z,2026-07-18T17:04:57.586Z,101,99
8270,16,1916,1928,1916,1916,1916,1928,true,2026-07-18,KvK #16 (Latest),KvK #16 (Latest),2026-07-18T17:04:57.749Z,2026-07-18T17:04:57.749Z,101,97
8271,16,1917,1932,1917,1932,1917,1932,false,2026-07-18,KvK #16 (Latest),KvK #16 (Latest),2026-07-18T17:04:57.914Z,2026-07-18T17:04:57.914Z,100,96
8272,16,1918,1931,1918,1918,1918,1931,true,2026-07-18,KvK #16 (Latest),KvK #16 (Latest),2026-07-18T17:04:58.082Z,2026-07-18T17:04:58.082Z,100,96
8273,16,1919,1927,1919,1927,1919,1927,false,2026-07-18,KvK #16 (Latest),KvK #16 (Latest),2026-07-18T17:04:58.255Z,2026-07-18T17:04:58.255Z,100,97
8274,16,1920,1923,1920,1920,1920,1923,true,2026-07-18,KvK #16 (Latest),KvK #16 (Latest),2026-07-18T17:04:58.418Z,2026-07-18T17:04:58.418Z,99,98
8275,16,1924,1933,1924,1924,1924,1933,true,2026-07-18,KvK #16 (Latest),KvK #16 (Latest),2026-07-18T17:04:58.578Z,2026-07-18T17:04:58.578Z,98,96
8276,16,1930,1935,1930,1930,1930,1935,true,2026-07-18,KvK #16 (Latest),KvK #16 (Latest),2026-07-18T17:04:58.741Z,2026-07-18T17:04:58.741Z,97,96
8277,16,1936,1942,1942,1936,1942,1936,false,2026-07-18,KvK #16 (Latest),KvK #16 (Latest),2026-07-18T17:04:58.905Z,2026-07-18T17:04:58.905Z,95,94
8278,16,1937,1962,1937,1962,1937,1962,false,2026-07-18,KvK #16 (Latest),KvK #16 (Latest),2026-07-18T17:04:59.067Z,2026-07-18T17:04:59.067Z,95,89
8279,16,1938,1955,1955,1955,1955,1938,true,2026-07-18,KvK #16 (Latest),KvK #16 (Latest),2026-07-18T17:04:59.232Z,2026-07-18T17:04:59.232Z,95,90
8280,16,1939,1957,1939,1939,1939,1957,true,2026-07-18,KvK #16 (Latest),KvK #16 (Latest),2026-07-18T17:04:59.399Z,2026-07-18T17:04:59.399Z,95,90
8281,16,1940,1953,1940,1940,1940,1953,true,2026-07-18,KvK #16 (Latest),KvK #16 (Latest),2026-07-18T17:04:59.566Z,2026-07-18T17:04:59.566Z,94,91
8282,16,1941,1949,1941,1949,1941,1949,false,2026-07-18,KvK #16 (Latest),KvK #16 (Latest),2026-07-18T17:04:59.729Z,2026-07-18T17:04:59.729Z,94,91
8283,16,1943,1960,1943,1943,1943,1960,true,2026-07-18,KvK #16 (Latest),KvK #16 (Latest),2026-07-18T17:04:59.890Z,2026-07-18T17:04:59.890Z,93,
8284,16,1944,1946,1944,1946,1944,1946,false,2026-07-18,KvK #16 (Latest),KvK #16 (Latest),2026-07-18T17:05:00.052Z,2026-07-18T17:05:00.052Z,93,92
8285,16,1945,1947,1945,1945,1945,1947,true,2026-07-18,KvK #16 (Latest),KvK #16 (Latest),2026-07-18T17:05:00.215Z,2026-07-18T17:05:00.215Z,93,92
8286,16,1948,1956,1956,1948,1956,1948,false,2026-07-18,KvK #16 (Latest),KvK #16 (Latest),2026-07-18T17:05:00.378Z,2026-07-18T17:05:00.378Z,92,90
8287,16,1950,1951,1950,1951,1950,1951,false,2026-07-18,KvK #16 (Latest),KvK #16 (Latest),2026-07-18T17:05:00.541Z,2026-07-18T17:05:00.541Z,91,91
8288,16,1952,1959,1959,1959,1959,1952,true,2026-07-18,KvK #16 (Latest),KvK #16 (Latest),2026-07-18T17:05:00.719Z,2026-07-18T17:05:00.719Z,91,89
8289,16,1954,1963,1954,1963,1954,1963,false,2026-07-18,KvK #16 (Latest),KvK #16 (Latest),2026-07-18T17:05:02.139Z,2026-07-18T17:05:02.139Z,90,89
8290,16,1958,1961,1958,1958,1958,1961,true,2026-07-18,KvK #16 (Latest),KvK #16 (Latest),2026-07-18T17:05:02.303Z,2026-07-18T17:05:02.303Z,89,89
8291,16,1964,1969,1969,1969,1969,1964,true,2026-07-18,KvK #16 (Latest),KvK #16 (Latest),2026-07-18T17:05:02.472Z,2026-07-18T17:05:02.472Z,88,87
8292,16,1965,1971,1971,1971,1971,1965,true,2026-07-18,KvK #16 (Latest),KvK #16 (Latest),2026-07-18T17:05:02.639Z,2026-07-18T17:05:02.639Z,88,86
8293,16,1966,1975,1966,1966,1966,1975,true,2026-07-18,KvK #16 (Latest),KvK #16 (Latest),2026-07-18T17:05:02.805Z,2026-07-18T17:05:02.805Z,88,85
8294,16,1967,1988,1967,1967,1967,1988,true,2026-07-18,KvK #16 (Latest),KvK #16 (Latest),2026-07-18T17:05:02.970Z,2026-07-18T17:05:02.970Z,87,83
8295,16,1968,1972,1968,1968,1968,1972,true,2026-07-18,KvK #16 (Latest),KvK #16 (Latest),2026-07-18T17:05:03.136Z,2026-07-18T17:05:03.136Z,87,86
8296,16,1970,1991,1970,1970,1970,1991,true,2026-07-18,KvK #16 (Latest),KvK #16 (Latest),2026-07-18T17:05:03.311Z,2026-07-18T17:05:03.311Z,87,82
8297,16,1973,1987,1973,1973,1973,1987,true,2026-07-18,KvK #16 (Latest),KvK #16 (Latest),2026-07-18T17:05:03.484Z,2026-07-18T17:05:03.484Z,86,83
8298,16,1974,1985,1974,1974,1974,1985,true,2026-07-18,KvK #16 (Latest),KvK #16 (Latest),2026-07-18T17:05:03.663Z,2026-07-18T17:05:03.663Z,86,83
8299,16,1976,1977,1977,1976,1977,1976,false,2026-07-18,KvK #16 (Latest),KvK #16 (Latest),2026-07-18T17:05:03.832Z,2026-07-18T17:05:03.832Z,85,85
8300,16,1978,1992,1992,1978,1992,1978,false,2026-07-18,KvK #16 (Latest),KvK #16 (Latest),2026-07-18T17:05:03.998Z,2026-07-18T17:05:03.998Z,84,82
8301,16,1979,1980,1979,1979,1979,1980,true,2026-07-18,KvK #16 (Latest),KvK #16 (Latest),2026-07-18T17:05:04.168Z,2026-07-18T17:05:04.168Z,84,84
8302,16,1981,1990,1981,1981,1981,1990,true,2026-07-18,KvK #16 (Latest),KvK #16 (Latest),2026-07-18T17:05:04.337Z,2026-07-18T17:05:04.337Z,84,82
8303,16,1982,1983,1983,1983,1983,1982,true,2026-07-18,KvK #16 (Latest),KvK #16 (Latest),2026-07-18T17:05:04.500Z,2026-07-18T17:05:04.500Z,84,83
8304,16,1984,1993,1984,1993,1984,1993,false,2026-07-18,KvK #16 (Latest),KvK #16 (Latest),2026-07-18T17:05:04.667Z,2026-07-18T17:05:04.667Z,83,
8305,16,1986,1989,1989,1986,1989,1986,false,2026-07-18,KvK #16 (Latest),KvK #16 (Latest),2026-07-18T17:05:04.837Z,2026-07-18T17:05:04.837Z,83,82
8306,16,1994,2023,1994,2023,1994,2023,false,2026-07-18,KvK #16 (Latest),KvK #16 (Latest),2026-07-18T17:05:05.013Z,2026-07-18T17:05:05.013Z,81,75
8307,16,1995,2019,2019,2019,2019,1995,true,2026-07-18,KvK #16 (Latest),KvK #16 (Latest),2026-07-18T17:05:05.180Z,2026-07-18T17:05:05.180Z,81,
8308,16,1996,2004,1996,1996,1996,2004,true,2026-07-18,KvK #16 (Latest),KvK #16 (Latest),2026-07-18T17:05:05.350Z,2026-07-18T17:05:05.350Z,81,79
8309,16,1997,2014,1997,2014,1997,2014,false,2026-07-18,KvK #16 (Latest),KvK #16 (Latest),2026-07-18T17:05:05.516Z,2026-07-18T17:05:05.516Z,81,76
8310,16,1998,2010,1998,1998,1998,2010,true,2026-07-18,KvK #16 (Latest),KvK #16 (Latest),2026-07-18T17:05:05.680Z,2026-07-18T17:05:05.680Z,80,77
8311,16,1999,2001,1999,1999,1999,2001,true,2026-07-18,KvK #16 (Latest),KvK #16 (Latest),2026-07-18T17:05:05.847Z,2026-07-18T17:05:05.847Z,80,80
8312,16,2000,2002,2000,2000,2000,2002,true,2026-07-18,KvK #16 (Latest),KvK #16 (Latest),2026-07-18T17:05:06.022Z,2026-07-18T17:05:06.022Z,80,79
8313,16,2003,2018,2003,2018,2003,2018,false,2026-07-18,KvK #16 (Latest),KvK #16 (Latest),2026-07-18T17:05:06.211Z,2026-07-18T17:05:06.211Z,79,75
8314,16,2005,2008,2005,2005,2005,2008,true,2026-07-18,KvK #16 (Latest),KvK #16 (Latest),2026-07-18T17:05:06.502Z,2026-07-18T17:05:06.502Z,79,78
8315,16,2006,2009,2009,2009,2009,2006,true,2026-07-18,KvK #16 (Latest),KvK #16 (Latest),2026-07-18T17:05:06.669Z,2026-07-18T17:05:06.669Z,78,77
8316,16,2007,2011,2007,2007,2007,2011,true,2026-07-18,KvK #16 (Latest),KvK #16 (Latest),2026-07-18T17:05:06.840Z,2026-07-18T17:05:06.840Z,78,77
8317,16,2012,2021,2012,2021,2012,2021,false,2026-07-18,KvK #16 (Latest),KvK #16 (Latest),2026-07-18T17:05:07.002Z,2026-07-18T17:05:07.002Z,77,75
8318,16,2013,2020,2013,2013,2013,2020,true,2026-07-18,KvK #16 (Latest),KvK #16 (Latest),2026-07-18T17:05:07.166Z,2026-07-18T17:05:07.166Z,,75
8319,16,2015,2016,2015,2015,2015,2016,true,2026-07-18,KvK #16 (Latest),KvK #16 (Latest),2026-07-18T17:05:07.332Z,2026-07-18T17:05:07.332Z,76,76
8320,16,2017,2022,2022,2017,2022,2017,false,2026-07-18,KvK #16 (Latest),KvK #16 (Latest),2026-07-18T17:05:07.502Z,2026-07-18T17:05:07.502Z,76,75