kvk_id,season_id,kingdom_a,kingdom_b,prep_winner,castle_winner,attacker,defender,castle_captured,season_date,kvk_title,description,created_at,updated_at,kingdom_a_age_days,kingdom_b_age_days
4637,13,3,119,3,119,3,119,false,2026-04-25,KvK #13,KvK #13,2026-04-26T23:03:03.811Z,2026-04-26T23:03:03.811Z,422,376
4638,13,4,29,4,29,4,29,false,2026-04-25,KvK #13,KvK #13,2026-04-26T23:03:03.983Z,2026-04-26T23:03:03.983Z,421,403
4639,13,17,127,17,17,17,127,true,2026-04-25,KvK #13,KvK #13,2026-04-26T23:03:16.469Z,2026-04-26T23:03:16.469Z,408,373
4640,13,21,164,21,21,21,164,true,2026-04-25,KvK #13,KvK #13,2026-04-26T23:03:16.625Z,2026-04-26T23:03:16.625Z,406,365
4641,13,24,15,24,15,24,15,false,2026-04-25,KvK #13,KvK #13,2026-04-26T23:03:16.781Z,2026-04-26T23:03:16.781Z,405,410
4642,13,25,46,25,46,25,46,false,2026-04-25,KvK #13,KvK #13,2026-04-26T23:03:16.949Z,2026-04-26T23:03:16.949Z,405,397
4643,13,26,126,26,26,26,126,true,2026-04-25,KvK #13,KvK #13,2026-04-26T23:03:17.111Z,2026-04-26T23:03:17.111Z,404,374
4644,13,27,83,27,27,27,83,true,2026-04-25,KvK #13,KvK #13,2026-04-26T23:03:17.268Z,2026-04-26T23:03:17.268Z,404,385
4645,13,30,12,30,30,30,12,true,2026-04-25,KvK #13,KvK #13,2026-04-26T23:03:17.425Z,2026-04-26T23:03:17.425Z,403,413
4646,13,31,157,31,31,31,157,true,2026-04-25,KvK #13,KvK #13,2026-04-26T23:03:17.581Z,2026-04-26T23:03:17.581Z,401,367
4647,13,32,18,32,18,32,18,false,2026-04-25,KvK #13,KvK #13,2026-04-26T23:03:17.737Z,2026-04-26T23:03:17.737Z,402,407
4648,13,34,51,34,34,34,51,true,2026-04-25,KvK #13,KvK #13,2026-04-26T23:03:17.892Z,2026-04-26T23:03:17.892Z,401,396
4649,13,35,28,35,35,35,28,true,2026-04-25,KvK #13,KvK #13,2026-04-26T23:03:18.046Z,2026-04-26T23:03:18.046Z,400,403
4650,13,39,109,39,109,39,109,false,2026-04-25,KvK #13,KvK #13,2026-04-26T23:03:18.199Z,2026-04-26T23:03:18.199Z,399,378
4651,13,40,75,40,40,40,75,true,2026-04-25,KvK #13,KvK #13,2026-04-26T23:03:18.357Z,2026-04-26T23:03:18.357Z,399,388
4652,13,42,103,42,42,42,103,true,2026-04-25,KvK #13,KvK #13,2026-04-26T23:03:18.512Z,2026-04-26T23:03:18.512Z,398,379
4653,13,48,36,48,48,48,36,true,2026-04-25,KvK #13,KvK #13,2026-04-26T23:03:18.671Z,2026-04-26T23:03:18.671Z,397,400
4654,13,50,49,50,50,50,49,true,2026-04-25,KvK #13,KvK #13,2026-04-26T23:03:18.826Z,2026-04-26T23:03:18.826Z,396,396
4655,13,52,58,52,58,52,58,false,2026-04-25,KvK #13,KvK #13,2026-04-26T23:03:18.981Z,2026-04-26T23:03:18.981Z,395,393
4656,13,54,88,54,54,54,88,true,2026-04-25,KvK #13,KvK #13,2026-04-26T23:03:19.149Z,2026-04-26T23:03:19.149Z,395,384
4657,13,55,47,55,55,55,47,true,2026-04-25,KvK #13,KvK #13,2026-04-26T23:03:19.311Z,2026-04-26T23:03:19.311Z,393,397
4658,13,56,33,56,33,56,33,false,2026-04-25,KvK #13,KvK #13,2026-04-26T23:03:19.474Z,2026-04-26T23:03:19.474Z,394,401
4659,13,61,163,61,163,61,163,false,2026-04-25,KvK #13,KvK #13,2026-04-26T23:03:19.627Z,2026-04-26T23:03:19.627Z,392,365
4660,13,62,138,62,62,62,138,true,2026-04-25,KvK #13,KvK #13,2026-04-26T23:03:37.539Z,2026-04-26T23:03:37.539Z,392,371
4661,13,64,168,64,64,64,168,true,2026-04-25,KvK #13,KvK #13,2026-04-26T23:03:37.693Z,2026-04-26T23:03:37.693Z,391,364
4662,13,67,92,67,67,67,92,true,2026-04-25,KvK #13,KvK #13,2026-04-26T23:03:37.848Z,2026-04-26T23:03:37.848Z,391,383
4663,13,69,10,69,10,69,10,false,2026-04-25,KvK #13,KvK #13,2026-04-26T23:03:38.003Z,2026-04-26T23:03:38.003Z,390,415
4664,13,70,133,70,133,70,133,false,2026-04-25,KvK #13,KvK #13,2026-04-26T23:03:38.159Z,2026-04-26T23:03:38.159Z,390,372
4665,13,72,99,72,99,72,99,false,2026-04-25,KvK #13,KvK #13,2026-04-26T23:03:38.331Z,2026-04-26T23:03:38.331Z,389,381
4666,13,73,16,73,16,73,16,false,2026-04-25,KvK #13,KvK #13,2026-04-26T23:03:38.485Z,2026-04-26T23:03:38.485Z,389,409
4667,13,74,110,74,74,74,110,true,2026-04-25,KvK #13,KvK #13,2026-04-26T23:03:38.641Z,2026-04-26T23:03:38.641Z,388,377
4668,13,77,160,77,77,77,160,true,2026-04-25,KvK #13,KvK #13,2026-04-26T23:03:38.796Z,2026-04-26T23:03:38.796Z,387,366
4669,13,79,136,79,136,79,136,false,2026-04-25,KvK #13,KvK #13,2026-04-26T23:03:38.956Z,2026-04-26T23:03:38.956Z,386,371
4670,13,81,41,81,41,81,41,false,2026-04-25,KvK #13,KvK #13,2026-04-26T23:03:39.112Z,2026-04-26T23:03:39.112Z,386,399
4671,13,82,38,82,38,82,38,false,2026-04-25,KvK #13,KvK #13,2026-04-26T23:03:39.269Z,2026-04-26T23:03:39.269Z,385,398
4672,13,86,162,86,162,86,162,false,2026-04-25,KvK #13,KvK #13,2026-04-26T23:03:39.424Z,2026-04-26T23:03:39.424Z,384,366
4673,13,87,106,87,87,87,106,true,2026-04-25,KvK #13,KvK #13,2026-04-26T23:03:39.578Z,2026-04-26T23:03:39.578Z,384,379
4674,13,89,117,89,89,89,117,true,2026-04-25,KvK #13,KvK #13,2026-04-26T23:03:39.740Z,2026-04-26T23:03:39.740Z,384,376
4675,13,90,57,90,57,90,57,false,2026-04-25,KvK #13,KvK #13,2026-04-26T23:03:39.929Z,2026-04-26T23:03:39.929Z,383,393
4676,13,91,11,91,91,91,11,true,2026-04-25,KvK #13,KvK #13,2026-04-26T23:03:40.091Z,2026-04-26T23:03:40.091Z,383,414
4677,13,93,65,93,93,93,65,true,2026-04-25,KvK #13,KvK #13,2026-04-26T23:03:40.246Z,2026-04-26T23:03:40.246Z,383,391
4678,13,96,129,96,96,96,129,true,2026-04-25,KvK #13,KvK #13,2026-04-26T23:03:41.575Z,2026-04-26T23:03:41.575Z,382,373
4679,13,97,135,97,135,97,135,false,2026-04-25,KvK #13,KvK #13,2026-04-26T23:03:42.902Z,2026-04-26T23:03:42.902Z,382,371
4680,13,98,8,98,8,98,8,false,2026-04-25,KvK #13,KvK #13,2026-04-26T23:03:43.065Z,2026-04-26T23:03:43.065Z,381,417
4681,13,104,37,104,37,104,37,false,2026-04-25,KvK #13,KvK #13,2026-04-26T23:03:43.219Z,2026-04-26T23:03:43.219Z,379,399
4682,13,108,19,108,19,108,19,false,2026-04-25,KvK #13,KvK #13,2026-04-26T23:03:43.396Z,2026-04-26T23:03:43.396Z,378,406
4683,13,111,100,111,100,111,100,false,2026-04-25,KvK #13,KvK #13,2026-04-26T23:03:44.852Z,2026-04-26T23:03:44.852Z,377,381
4684,13,112,142,112,112,112,142,true,2026-04-25,KvK #13,KvK #13,2026-04-26T23:03:46.163Z,2026-04-26T23:03:46.163Z,377,370
4685,13,114,60,114,114,114,60,true,2026-04-25,KvK #13,KvK #13,2026-04-26T23:03:46.332Z,2026-04-26T23:03:46.332Z,377,392
4686,13,115,116,115,115,115,116,true,2026-04-25,KvK #13,KvK #13,2026-04-26T23:03:46.494Z,2026-04-26T23:03:46.494Z,377,376
4687,13,118,68,118,118,118,68,true,2026-04-25,KvK #13,KvK #13,2026-04-26T23:03:46.664Z,2026-04-26T23:03:46.664Z,376,390
4688,13,120,59,120,120,120,59,true,2026-04-25,KvK #13,KvK #13,2026-04-26T23:03:46.831Z,2026-04-26T23:03:46.831Z,375,393
4689,13,123,20,123,20,123,20,false,2026-04-25,KvK #13,KvK #13,2026-04-26T23:03:46.985Z,2026-04-26T23:03:46.985Z,374,406
4690,13,124,121,124,121,124,121,false,2026-04-25,KvK #13,KvK #13,2026-04-26T23:03:47.156Z,2026-04-26T23:03:47.156Z,374,375
4691,13,125,80,125,125,125,80,true,2026-04-25,KvK #13,KvK #13,2026-04-26T23:03:47.313Z,2026-04-26T23:03:47.313Z,374,385
4692,13,128,78,128,128,128,78,true,2026-04-25,KvK #13,KvK #13,2026-04-26T23:03:47.480Z,2026-04-26T23:03:47.480Z,373,387
4693,13,131,102,131,131,131,102,true,2026-04-25,KvK #13,KvK #13,2026-04-26T23:03:47.664Z,2026-04-26T23:03:47.664Z,372,380
4694,13,134,85,134,85,134,85,false,2026-04-25,KvK #13,KvK #13,2026-04-26T23:03:47.821Z,2026-04-26T23:03:47.821Z,371,385
4695,13,137,7,137,7,137,7,false,2026-04-25,KvK #13,KvK #13,2026-04-26T23:03:47.996Z,2026-04-26T23:03:47.996Z,371,418
4696,13,139,105,139,105,139,105,false,2026-04-25,KvK #13,KvK #13,2026-04-26T23:03:48.164Z,2026-04-26T23:03:48.164Z,370,379
4697,13,140,66,140,140,140,66,true,2026-04-25,KvK #13,KvK #13,2026-04-26T23:03:48.327Z,2026-04-26T23:03:48.327Z,370,391
4698,13,141,63,141,141,141,63,true,2026-04-25,KvK #13,KvK #13,2026-04-26T23:03:48.488Z,2026-04-26T23:03:48.488Z,370,392
4699,13,143,53,143,53,143,53,false,2026-04-25,KvK #13,KvK #13,2026-04-26T23:03:48.646Z,2026-04-26T23:03:48.646Z,370,395
4700,13,145,84,145,145,145,84,true,2026-04-25,KvK #13,KvK #13,2026-04-26T23:03:48.801Z,2026-04-26T23:03:48.801Z,369,385
4701,13,146,159,146,146,146,159,true,2026-04-25,KvK #13,KvK #13,2026-04-26T23:03:48.958Z,2026-04-26T23:03:48.958Z,369,366
4702,13,147,71,147,147,147,71,true,2026-04-25,KvK #13,KvK #13,2026-04-26T23:03:49.112Z,2026-04-26T23:03:49.112Z,369,389
4703,13,148,130,148,148,148,130,true,2026-04-25,KvK #13,KvK #13,2026-04-26T23:03:49.274Z,2026-04-26T23:03:49.274Z,369,372
4704,13,149,113,149,149,149,113,true,2026-04-25,KvK #13,KvK #13,2026-04-26T23:03:49.443Z,2026-04-26T23:03:49.443Z,369,377
4705,13,150,76,150,150,150,76,true,2026-04-25,KvK #13,KvK #13,2026-04-26T23:03:49.597Z,2026-04-26T23:03:49.597Z,368,387
4706,13,151,152,151,151,151,152,true,2026-04-25,KvK #13,KvK #13,2026-04-26T23:03:49.771Z,2026-04-26T23:03:49.771Z,368,368
4707,13,153,101,153,153,153,101,true,2026-04-25,KvK #13,KvK #13,2026-04-26T23:03:49.937Z,2026-04-26T23:03:49.937Z,368,380
4708,13,154,9,154,9,154,9,false,2026-04-25,KvK #13,KvK #13,2026-04-26T23:03:50.093Z,2026-04-26T23:03:50.093Z,368,416
4709,13,155,45,155,155,155,45,true,2026-04-25,KvK #13,KvK #13,2026-04-26T23:03:50.247Z,2026-04-26T23:03:50.247Z,367,398
4710,13,156,132,156,132,156,132,false,2026-04-25,KvK #13,KvK #13,2026-04-26T23:03:50.403Z,2026-04-26T23:03:50.403Z,367,372
4711,13,158,95,158,158,158,95,true,2026-04-25,KvK #13,KvK #13,2026-04-26T23:03:50.556Z,2026-04-26T23:03:50.556Z,367,382
4712,13,161,23,161,161,161,23,true,2026-04-25,KvK #13,KvK #13,2026-04-26T23:03:50.714Z,2026-04-26T23:03:50.714Z,366,405
4713,13,165,44,165,165,165,44,true,2026-04-25,KvK #13,KvK #13,2026-04-26T23:03:50.898Z,2026-04-26T23:03:50.898Z,365,398
4714,13,166,43,166,166,166,43,true,2026-04-25,KvK #13,KvK #13,2026-04-26T23:03:51.058Z,2026-04-26T23:03:51.058Z,364,398
4715,13,167,5,167,167,167,5,true,2026-04-25,KvK #13,KvK #13,2026-04-26T23:03:52.453Z,2026-04-26T23:03:52.453Z,364,420
4716,13,169,6,169,169,169,6,true,2026-04-25,KvK #13,KvK #13,2026-04-26T23:03:52.619Z,2026-04-26T23:03:52.619Z,364,419
4717,13,170,94,170,170,170,94,true,2026-04-25,KvK #13,KvK #13,2026-04-26T23:03:52.786Z,2026-04-26T23:03:52.786Z,363,382
4718,13,171,144,171,171,171,144,true,2026-04-25,KvK #13,KvK #13,2026-04-26T23:03:52.943Z,2026-04-26T23:03:52.943Z,363,370
4719,13,172,14,172,14,172,14,false,2026-04-25,KvK #13,KvK #13,2026-04-26T23:03:53.100Z,2026-04-26T23:03:53.100Z,363,411
4720,13,173,122,173,173,173,122,true,2026-04-25,KvK #13,KvK #13,2026-04-26T23:03:53.266Z,2026-04-26T23:03:53.266Z,363,375
4721,13,174,13,174,13,174,13,false,2026-04-25,KvK #13,KvK #13,2026-04-26T23:03:53.421Z,2026-04-26T23:03:53.421Z,363,412
4722,13,175,22,175,175,175,22,true,2026-04-25,KvK #13,KvK #13,2026-04-26T23:03:53.590Z,2026-04-26T23:03:53.590Z,363,405
4723,13,176,275,176,176,176,275,true,2026-04-25,KvK #13,KvK #13,2026-04-26T23:03:53.756Z,2026-04-26T23:03:53.756Z,362,340
4724,13,179,195,179,179,179,195,true,2026-04-25,KvK #13,KvK #13,2026-04-26T23:03:53.912Z,2026-04-26T23:03:53.912Z,362,358
4725,13,180,198,180,198,180,198,false,2026-04-25,KvK #13,KvK #13,2026-04-26T23:03:54.071Z,2026-04-26T23:03:54.071Z,361,356
4726,13,181,224,181,224,181,224,false,2026-04-25,KvK #13,KvK #13,2026-04-26T23:03:54.237Z,2026-04-26T23:03:54.237Z,361,351
4727,13,183,292,183,183,183,292,true,2026-04-25,KvK #13,KvK #13,2026-04-26T23:03:54.390Z,2026-04-26T23:03:54.390Z,361,337
4728,13,184,256,184,184,184,256,true,2026-04-25,KvK #13,KvK #13,2026-04-26T23:03:54.546Z,2026-04-26T23:03:54.546Z,359,344
4729,13,187,193,187,187,187,193,true,2026-04-25,KvK #13,KvK #13,2026-04-26T23:03:54.718Z,2026-04-26T23:03:54.718Z,360,358
4730,13,188,299,188,188,188,299,true,2026-04-25,KvK #13,KvK #13,2026-04-26T23:03:54.872Z,2026-04-26T23:03:54.872Z,359,336
4731,13,189,286,189,189,189,286,true,2026-04-25,KvK #13,KvK #13,2026-04-26T23:03:55.027Z,2026-04-26T23:03:55.027Z,359,338
4732,13,190,245,190,190,190,245,true,2026-04-25,KvK #13,KvK #13,2026-04-26T23:03:55.180Z,2026-04-26T23:03:55.180Z,359,346
4733,13,191,233,191,233,191,233,false,2026-04-25,KvK #13,KvK #13,2026-04-26T23:03:55.335Z,2026-04-26T23:03:55.335Z,359,349
4734,13,196,201,196,201,196,201,false,2026-04-25,KvK #13,KvK #13,2026-04-26T23:03:55.488Z,2026-04-26T23:03:55.488Z,358,356
4735,13,197,226,197,197,197,226,true,2026-04-25,KvK #13,KvK #13,2026-04-26T23:03:55.645Z,2026-04-26T23:03:55.645Z,357,349
4736,13,199,267,199,199,199,267,true,2026-04-25,KvK #13,KvK #13,2026-04-26T23:03:55.800Z,2026-04-26T23:03:55.800Z,357,342
4737,13,200,235,200,200,200,235,true,2026-04-25,KvK #13,KvK #13,2026-04-26T23:03:55.957Z,2026-04-26T23:03:55.957Z,356,349
4738,13,202,194,202,202,202,194,true,2026-04-25,KvK #13,KvK #13,2026-04-26T23:03:56.114Z,2026-04-26T23:03:56.114Z,356,358
4739,13,203,222,203,222,203,222,false,2026-04-25,KvK #13,KvK #13,2026-04-26T23:03:56.272Z,2026-04-26T23:03:56.272Z,356,351
4740,13,204,280,204,204,204,280,true,2026-04-25,KvK #13,KvK #13,2026-04-26T23:03:56.427Z,2026-04-26T23:03:56.427Z,356,339
4741,13,210,279,210,210,210,279,true,2026-04-25,KvK #13,KvK #13,2026-04-26T23:03:56.582Z,2026-04-26T23:03:56.582Z,355,339
4742,13,213,266,213,213,213,266,true,2026-04-25,KvK #13,KvK #13,2026-04-26T23:03:56.739Z,2026-04-26T23:03:56.739Z,354,342
4743,13,214,207,214,207,214,207,false,2026-04-25,KvK #13,KvK #13,2026-04-26T23:03:56.893Z,2026-04-26T23:03:56.893Z,354,355
4744,13,216,220,216,216,216,220,true,2026-04-25,KvK #13,KvK #13,2026-04-26T23:03:57.048Z,2026-04-26T23:03:57.048Z,353,352
4745,13,217,221,217,217,217,221,true,2026-04-25,KvK #13,KvK #13,2026-04-26T23:03:57.206Z,2026-04-26T23:03:57.206Z,353,352
4746,13,225,261,225,225,225,261,true,2026-04-25,KvK #13,KvK #13,2026-04-26T23:03:57.362Z,2026-04-26T23:03:57.362Z,351,343
4747,13,227,229,227,229,227,229,false,2026-04-25,KvK #13,KvK #13,2026-04-26T23:03:57.520Z,2026-04-26T23:03:57.520Z,350,350
4748,13,228,288,228,228,228,288,true,2026-04-25,KvK #13,KvK #13,2026-04-26T23:03:57.677Z,2026-04-26T23:03:57.677Z,350,338
4749,13,237,205,237,237,237,205,true,2026-04-25,KvK #13,KvK #13,2026-04-26T23:03:57.845Z,2026-04-26T23:03:57.845Z,347,356
4750,13,238,264,238,264,238,264,false,2026-04-25,KvK #13,KvK #13,2026-04-26T23:03:58.001Z,2026-04-26T23:03:58.001Z,348,342
4751,13,239,223,239,223,239,223,false,2026-04-25,KvK #13,KvK #13,2026-04-26T23:03:58.156Z,2026-04-26T23:03:58.156Z,348,351
4752,13,240,231,240,240,240,231,true,2026-04-25,KvK #13,KvK #13,2026-04-26T23:03:58.311Z,2026-04-26T23:03:58.311Z,347,350
4753,13,241,258,241,241,241,258,true,2026-04-25,KvK #13,KvK #13,2026-04-26T23:03:58.465Z,2026-04-26T23:03:58.465Z,347,343
4754,13,242,281,242,242,242,281,true,2026-04-25,KvK #13,KvK #13,2026-04-26T23:03:58.621Z,2026-04-26T23:03:58.621Z,347,339
4755,13,243,206,243,243,243,206,true,2026-04-25,KvK #13,KvK #13,2026-04-26T23:03:58.777Z,2026-04-26T23:03:58.777Z,346,355
4756,13,244,257,244,257,244,257,false,2026-04-25,KvK #13,KvK #13,2026-04-26T23:03:58.932Z,2026-04-26T23:03:58.932Z,346,344
4757,13,246,270,246,270,246,270,false,2026-04-25,KvK #13,KvK #13,2026-04-26T23:03:59.088Z,2026-04-26T23:03:59.088Z,346,341
4758,13,248,211,248,248,248,211,true,2026-04-25,KvK #13,KvK #13,2026-04-26T23:03:59.243Z,2026-04-26T23:03:59.243Z,346,353
4759,13,249,306,249,306,249,306,false,2026-04-25,KvK #13,KvK #13,2026-04-26T23:03:59.401Z,2026-04-26T23:03:59.401Z,345,335
4760,13,250,274,250,274,250,274,false,2026-04-25,KvK #13,KvK #13,2026-04-26T23:03:59.560Z,2026-04-26T23:03:59.560Z,345,340
4761,13,251,215,251,251,251,215,true,2026-04-25,KvK #13,KvK #13,2026-04-26T23:04:00.870Z,2026-04-26T23:04:00.870Z,345,354
4762,13,254,177,254,254,254,177,true,2026-04-25,KvK #13,KvK #13,2026-04-26T23:04:01.037Z,2026-04-26T23:04:01.037Z,344,362
4763,13,259,234,259,234,259,234,false,2026-04-25,KvK #13,KvK #13,2026-04-26T23:04:01.203Z,2026-04-26T23:04:01.203Z,343,349
4764,13,260,186,260,260,260,186,true,2026-04-25,KvK #13,KvK #13,2026-04-26T23:04:01.367Z,2026-04-26T23:04:01.367Z,343,360
4765,13,262,209,262,262,262,209,true,2026-04-25,KvK #13,KvK #13,2026-04-26T23:04:01.530Z,2026-04-26T23:04:01.530Z,342,355
4766,13,263,253,263,253,263,253,false,2026-04-25,KvK #13,KvK #13,2026-04-26T23:04:01.704Z,2026-04-26T23:04:01.704Z,342,345
4767,13,268,185,268,185,268,185,false,2026-04-25,KvK #13,KvK #13,2026-04-26T23:04:01.875Z,2026-04-26T23:04:01.875Z,342,359
4768,13,269,265,269,269,269,265,true,2026-04-25,KvK #13,KvK #13,2026-04-26T23:04:02.040Z,2026-04-26T23:04:02.040Z,341,342
4769,13,271,276,271,271,271,276,true,2026-04-25,KvK #13,KvK #13,2026-04-26T23:04:02.205Z,2026-04-26T23:04:02.205Z,341,340
4770,13,273,278,273,278,273,278,false,2026-04-25,KvK #13,KvK #13,2026-04-26T23:04:02.361Z,2026-04-26T23:04:02.361Z,341,340
4771,13,277,219,277,219,277,219,false,2026-04-25,KvK #13,KvK #13,2026-04-26T23:04:02.517Z,2026-04-26T23:04:02.517Z,340,351
4772,13,282,300,282,300,282,300,false,2026-04-25,KvK #13,KvK #13,2026-04-26T23:04:02.672Z,2026-04-26T23:04:02.672Z,339,336
4773,13,283,236,283,283,283,236,true,2026-04-25,KvK #13,KvK #13,2026-04-26T23:04:02.828Z,2026-04-26T23:04:02.828Z,339,348
4774,13,284,192,284,192,284,192,false,2026-04-25,KvK #13,KvK #13,2026-04-26T23:04:02.981Z,2026-04-26T23:04:02.981Z,338,358
4775,13,285,252,285,252,285,252,false,2026-04-25,KvK #13,KvK #13,2026-04-26T23:04:03.135Z,2026-04-26T23:04:03.135Z,338,345
4776,13,289,178,289,178,289,178,false,2026-04-25,KvK #13,KvK #13,2026-04-26T23:04:03.306Z,2026-04-26T23:04:03.306Z,337,362
4777,13,290,182,290,182,290,182,false,2026-04-25,KvK #13,KvK #13,2026-04-26T23:04:03.462Z,2026-04-26T23:04:03.462Z,337,361
4778,13,291,272,291,291,291,272,true,2026-04-25,KvK #13,KvK #13,2026-04-26T23:04:03.619Z,2026-04-26T23:04:03.619Z,337,341
4779,13,293,208,293,293,293,208,true,2026-04-25,KvK #13,KvK #13,2026-04-26T23:04:03.772Z,2026-04-26T23:04:03.772Z,337,355
4780,13,294,302,294,302,294,302,false,2026-04-25,KvK #13,KvK #13,2026-04-26T23:04:03.925Z,2026-04-26T23:04:03.925Z,337,335
4781,13,295,212,295,212,295,212,false,2026-04-25,KvK #13,KvK #13,2026-04-26T23:04:04.079Z,2026-04-26T23:04:04.079Z,336,354
4782,13,296,287,296,287,296,287,false,2026-04-25,KvK #13,KvK #13,2026-04-26T23:04:04.246Z,2026-04-26T23:04:04.246Z,336,338
4783,13,298,218,298,298,298,218,true,2026-04-25,KvK #13,KvK #13,2026-04-26T23:04:04.405Z,2026-04-26T23:04:04.405Z,336,353
4784,13,301,230,301,301,301,230,true,2026-04-25,KvK #13,KvK #13,2026-04-26T23:04:04.565Z,2026-04-26T23:04:04.565Z,336,350
4785,13,303,232,303,303,303,232,true,2026-04-25,KvK #13,KvK #13,2026-04-26T23:04:04.718Z,2026-04-26T23:04:04.718Z,335,349
4786,13,304,297,304,304,304,297,true,2026-04-25,KvK #13,KvK #13,2026-04-26T23:04:04.875Z,2026-04-26T23:04:04.875Z,335,335
4787,13,305,307,305,305,305,307,true,2026-04-25,KvK #13,KvK #13,2026-04-26T23:04:05.034Z,2026-04-26T23:04:05.034Z,335,334
4788,13,308,255,308,255,308,255,false,2026-04-25,KvK #13,KvK #13,2026-04-26T23:04:05.202Z,2026-04-26T23:04:05.202Z,335,344
4789,13,309,247,309,309,309,247,true,2026-04-25,KvK #13,KvK #13,2026-04-26T23:04:05.356Z,2026-04-26T23:04:05.356Z,335,346
4790,13,312,356,312,312,312,356,true,2026-04-25,KvK #13,KvK #13,2026-04-26T23:04:05.513Z,2026-04-26T23:04:05.513Z,334,328
4791,13,313,350,313,313,313,350,true,2026-04-25,KvK #13,KvK #13,2026-04-26T23:04:05.693Z,2026-04-26T23:04:05.693Z,334,329
4792,13,315,375,315,375,315,375,false,2026-04-25,KvK #13,KvK #13,2026-04-26T23:04:05.852Z,2026-04-26T23:04:05.852Z,334,326
4793,13,318,346,318,318,318,346,true,2026-04-25,KvK #13,KvK #13,2026-04-26T23:04:06.019Z,2026-04-26T23:04:06.019Z,333,330
4794,13,319,390,319,319,319,390,true,2026-04-25,KvK #13,KvK #13,2026-04-26T23:04:06.174Z,2026-04-26T23:04:06.174Z,333,324
4795,13,322,388,322,322,322,388,true,2026-04-25,KvK #13,KvK #13,2026-04-26T23:04:06.328Z,2026-04-26T23:04:06.328Z,333,324
4796,13,324,397,324,324,324,397,true,2026-04-25,KvK #13,KvK #13,2026-04-26T23:04:06.482Z,2026-04-26T23:04:06.482Z,333,323
4797,13,326,347,326,326,326,347,true,2026-04-25,KvK #13,KvK #13,2026-04-26T23:04:06.637Z,2026-04-26T23:04:06.637Z,332,330
4798,13,327,411,327,327,327,411,true,2026-04-25,KvK #13,KvK #13,2026-04-26T23:04:06.794Z,2026-04-26T23:04:06.794Z,332,321
4799,13,328,380,328,328,328,380,true,2026-04-25,KvK #13,KvK #13,2026-04-26T23:05:19.351Z,2026-04-26T23:05:19.351Z,332,325
4800,13,331,339,331,331,331,339,true,2026-04-25,KvK #13,KvK #13,2026-04-26T23:05:19.509Z,2026-04-26T23:05:19.509Z,332,331
4801,13,332,387,332,387,332,387,false,2026-04-25,KvK #13,KvK #13,2026-04-26T23:05:19.663Z,2026-04-26T23:05:19.663Z,332,324
4802,13,335,403,335,403,335,403,false,2026-04-25,KvK #13,KvK #13,2026-04-26T23:05:19.820Z,2026-04-26T23:05:19.820Z,331,322
4803,13,336,317,336,317,336,317,false,2026-04-25,KvK #13,KvK #13,2026-04-26T23:05:19.973Z,2026-04-26T23:05:19.973Z,331,334
4804,13,338,349,338,349,338,349,false,2026-04-25,KvK #13,KvK #13,2026-04-26T23:05:20.127Z,2026-04-26T23:05:20.127Z,331,329
4805,13,340,386,340,340,340,386,true,2026-04-25,KvK #13,KvK #13,2026-04-26T23:05:20.286Z,2026-04-26T23:05:20.286Z,330,325
4806,13,343,368,343,343,343,368,true,2026-04-25,KvK #13,KvK #13,2026-04-26T23:05:20.441Z,2026-04-26T23:05:20.441Z,330,327
4807,13,345,314,345,345,345,314,true,2026-04-25,KvK #13,KvK #13,2026-04-26T23:05:20.597Z,2026-04-26T23:05:20.597Z,330,334
4808,13,351,398,351,398,351,398,false,2026-04-25,KvK #13,KvK #13,2026-04-26T23:05:20.749Z,2026-04-26T23:05:20.749Z,329,323
4809,13,354,321,354,321,354,321,false,2026-04-25,KvK #13,KvK #13,2026-04-26T23:05:20.906Z,2026-04-26T23:05:20.906Z,329,333
4810,13,358,400,358,400,358,400,false,2026-04-25,KvK #13,KvK #13,2026-04-26T23:05:21.063Z,2026-04-26T23:05:21.063Z,328,323
4811,13,359,342,359,359,359,342,true,2026-04-25,KvK #13,KvK #13,2026-04-26T23:05:21.232Z,2026-04-26T23:05:21.232Z,328,330
4812,13,360,369,360,369,360,369,false,2026-04-25,KvK #13,KvK #13,2026-04-26T23:05:21.390Z,2026-04-26T23:05:21.390Z,328,327
4813,13,362,320,362,320,362,320,false,2026-04-25,KvK #13,KvK #13,2026-04-26T23:05:21.544Z,2026-04-26T23:05:21.544Z,328,333
4814,13,365,384,365,365,365,384,true,2026-04-25,KvK #13,KvK #13,2026-04-26T23:05:21.701Z,2026-04-26T23:05:21.701Z,328,325
4815,13,366,310,366,366,366,310,true,2026-04-25,KvK #13,KvK #13,2026-04-26T23:05:21.873Z,2026-04-26T23:05:21.873Z,327,334
4816,13,367,325,367,325,367,325,false,2026-04-25,KvK #13,KvK #13,2026-04-26T23:05:22.035Z,2026-04-26T23:05:22.035Z,327,332
4817,13,370,337,370,370,370,337,true,2026-04-25,KvK #13,KvK #13,2026-04-26T23:05:22.192Z,2026-04-26T23:05:22.192Z,327,331
4818,13,371,357,371,357,371,357,false,2026-04-25,KvK #13,KvK #13,2026-04-26T23:05:22.357Z,2026-04-26T23:05:22.357Z,326,328
4819,13,372,333,372,333,372,333,false,2026-04-25,KvK #13,KvK #13,2026-04-26T23:05:22.520Z,2026-04-26T23:05:22.520Z,326,331
4820,13,374,329,374,374,374,329,true,2026-04-25,KvK #13,KvK #13,2026-04-26T23:05:22.680Z,2026-04-26T23:05:22.680Z,326,332
4821,13,376,406,376,406,376,406,false,2026-04-25,KvK #13,KvK #13,2026-04-26T23:05:22.832Z,2026-04-26T23:05:22.832Z,326,322
4822,13,378,382,378,382,378,382,false,2026-04-25,KvK #13,KvK #13,2026-04-26T23:05:22.988Z,2026-04-26T23:05:22.988Z,326,325
4823,13,379,353,379,353,379,353,false,2026-04-25,KvK #13,KvK #13,2026-04-26T23:05:23.144Z,2026-04-26T23:05:23.144Z,326,329
4824,13,381,355,381,381,381,355,true,2026-04-25,KvK #13,KvK #13,2026-04-26T23:05:23.299Z,2026-04-26T23:05:23.299Z,324,329
4825,13,383,364,383,383,383,364,true,2026-04-25,KvK #13,KvK #13,2026-04-26T23:05:23.455Z,2026-04-26T23:05:23.455Z,325,328
4826,13,385,392,385,385,385,392,true,2026-04-25,KvK #13,KvK #13,2026-04-26T23:05:23.612Z,2026-04-26T23:05:23.612Z,325,324
4827,13,389,363,389,389,389,363,true,2026-04-25,KvK #13,KvK #13,2026-04-26T23:05:23.767Z,2026-04-26T23:05:23.767Z,324,328
4828,13,391,410,391,391,391,410,true,2026-04-25,KvK #13,KvK #13,2026-04-26T23:05:23.921Z,2026-04-26T23:05:23.921Z,324,321
4829,13,393,330,393,393,393,330,true,2026-04-25,KvK #13,KvK #13,2026-04-26T23:05:24.076Z,2026-04-26T23:05:24.076Z,324,332
4830,13,394,352,394,394,394,352,true,2026-04-25,KvK #13,KvK #13,2026-04-26T23:05:24.232Z,2026-04-26T23:05:24.232Z,323,329
4831,13,395,377,395,395,395,377,true,2026-04-25,KvK #13,KvK #13,2026-04-26T23:05:24.390Z,2026-04-26T23:05:24.390Z,323,326
4832,13,396,323,396,396,396,323,true,2026-04-25,KvK #13,KvK #13,2026-04-26T23:05:24.549Z,2026-04-26T23:05:24.549Z,323,333
4833,13,399,341,399,341,399,341,false,2026-04-25,KvK #13,KvK #13,2026-04-26T23:05:24.704Z,2026-04-26T23:05:24.704Z,323,330
4834,13,401,407,401,401,401,407,true,2026-04-25,KvK #13,KvK #13,2026-04-26T23:05:24.858Z,2026-04-26T23:05:24.858Z,323,322
4835,13,402,348,402,348,402,348,false,2026-04-25,KvK #13,KvK #13,2026-04-26T23:05:25.014Z,2026-04-26T23:05:25.014Z,322,329
4836,13,404,361,404,361,404,361,false,2026-04-25,KvK #13,KvK #13,2026-04-26T23:05:25.170Z,2026-04-26T23:05:25.170Z,322,328
4837,13,405,334,405,405,405,334,true,2026-04-25,KvK #13,KvK #13,2026-04-26T23:05:25.327Z,2026-04-26T23:05:25.327Z,321,331
4838,13,408,311,408,408,408,311,true,2026-04-25,KvK #13,KvK #13,2026-04-26T23:05:25.484Z,2026-04-26T23:05:25.484Z,322,334
4839,13,413,316,413,413,413,316,true,2026-04-25,KvK #13,KvK #13,2026-04-26T23:05:25.637Z,2026-04-26T23:05:25.637Z,321,334
4840,13,414,373,414,373,414,373,false,2026-04-25,KvK #13,KvK #13,2026-04-26T23:05:25.790Z,2026-04-26T23:05:25.790Z,321,326
4841,13,415,344,415,415,415,344,true,2026-04-25,KvK #13,KvK #13,2026-04-26T23:05:25.946Z,2026-04-26T23:05:25.946Z,320,330
4842,13,416,409,416,416,416,409,true,2026-04-25,KvK #13,KvK #13,2026-04-26T23:05:26.107Z,2026-04-26T23:05:26.107Z,321,321
4843,13,417,412,417,417,417,412,true,2026-04-25,KvK #13,KvK #13,2026-04-26T23:05:26.277Z,2026-04-26T23:05:26.277Z,321,321
4844,13,418,521,418,521,418,521,false,2026-04-25,KvK #13,KvK #13,2026-04-26T23:05:26.432Z,2026-04-26T23:05:26.432Z,320,304
4845,13,421,441,421,421,421,441,true,2026-04-25,KvK #13,KvK #13,2026-04-26T23:05:26.586Z,2026-04-26T23:05:26.586Z,320,317
4846,13,425,478,425,425,425,478,true,2026-04-25,KvK #13,KvK #13,2026-04-26T23:05:26.745Z,2026-04-26T23:05:26.745Z,319,311
4847,13,429,495,429,495,429,495,false,2026-04-25,KvK #13,KvK #13,2026-04-26T23:05:26.911Z,2026-04-26T23:05:26.911Z,319,307
4848,13,434,594,434,434,434,594,true,2026-04-25,KvK #13,KvK #13,2026-04-26T23:05:27.064Z,2026-04-26T23:05:27.064Z,318,291
4849,13,438,455,438,438,438,455,true,2026-04-25,KvK #13,KvK #13,2026-04-26T23:05:27.217Z,2026-04-26T23:05:27.217Z,317,315
4850,13,442,566,442,442,442,566,true,2026-04-25,KvK #13,KvK #13,2026-04-26T23:05:27.379Z,2026-04-26T23:05:27.379Z,316,296
4851,13,447,542,447,542,447,542,false,2026-04-25,KvK #13,KvK #13,2026-04-26T23:05:27.545Z,2026-04-26T23:05:27.545Z,316,300
4852,13,449,424,449,424,449,424,false,2026-04-25,KvK #13,KvK #13,2026-04-26T23:05:27.701Z,2026-04-26T23:05:27.701Z,315,320
4853,13,453,439,453,453,453,439,true,2026-04-25,KvK #13,KvK #13,2026-04-26T23:05:27.859Z,2026-04-26T23:05:27.859Z,315,317
4854,13,454,522,454,522,454,522,false,2026-04-25,KvK #13,KvK #13,2026-04-26T23:05:28.012Z,2026-04-26T23:05:28.012Z,315,304
4855,13,460,613,460,460,460,613,true,2026-04-25,KvK #13,KvK #13,2026-04-26T23:05:28.167Z,2026-04-26T23:05:28.167Z,314,288
4856,13,462,428,462,428,462,428,false,2026-04-25,KvK #13,KvK #13,2026-04-26T23:05:28.322Z,2026-04-26T23:05:28.322Z,314,319
4857,13,464,554,464,464,464,554,true,2026-04-25,KvK #13,KvK #13,2026-04-26T23:05:28.496Z,2026-04-26T23:05:28.496Z,312,298
4858,13,465,518,465,465,465,518,true,2026-04-25,KvK #13,KvK #13,2026-04-26T23:05:28.667Z,2026-04-26T23:05:28.667Z,313,304
4859,13,466,457,466,466,466,457,true,2026-04-25,KvK #13,KvK #13,2026-04-26T23:05:28.836Z,2026-04-26T23:05:28.836Z,313,314
4860,13,468,498,468,498,468,498,false,2026-04-25,KvK #13,KvK #13,2026-04-26T23:05:29.001Z,2026-04-26T23:05:29.001Z,312,308
4861,13,470,546,470,546,470,546,false,2026-04-25,KvK #13,KvK #13,2026-04-26T23:05:29.160Z,2026-04-26T23:05:29.160Z,312,299
4862,13,472,516,472,516,472,516,false,2026-04-25,KvK #13,KvK #13,2026-04-26T23:05:29.312Z,2026-04-26T23:05:29.312Z,312,305
4863,13,473,513,473,513,473,513,false,2026-04-25,KvK #13,KvK #13,2026-04-26T23:05:29.468Z,2026-04-26T23:05:29.468Z,312,305
4864,13,474,650,474,650,474,650,false,2026-04-25,KvK #13,KvK #13,2026-04-26T23:05:29.622Z,2026-04-26T23:05:29.622Z,312,282
4865,13,479,436,479,479,479,436,true,2026-04-25,KvK #13,KvK #13,2026-04-26T23:05:29.781Z,2026-04-26T23:05:29.781Z,311,318
4866,13,481,555,481,481,481,555,true,2026-04-25,KvK #13,KvK #13,2026-04-26T23:05:29.950Z,2026-04-26T23:05:29.950Z,310,298
4867,13,482,550,482,550,482,550,false,2026-04-25,KvK #13,KvK #13,2026-04-26T23:05:30.122Z,2026-04-26T23:05:30.122Z,310,299
4868,13,483,587,483,587,483,587,false,2026-04-25,KvK #13,KvK #13,2026-04-26T23:05:30.283Z,2026-04-26T23:05:30.283Z,310,293
4869,13,486,514,486,486,486,514,true,2026-04-25,KvK #13,KvK #13,2026-04-26T23:05:30.439Z,2026-04-26T23:05:30.439Z,310,305
4870,13,488,602,488,602,488,602,false,2026-04-25,KvK #13,KvK #13,2026-04-26T23:05:30.593Z,2026-04-26T23:05:30.593Z,309,290
4871,13,489,633,489,489,489,633,true,2026-04-25,KvK #13,KvK #13,2026-04-26T23:05:30.749Z,2026-04-26T23:05:30.749Z,309,284
4872,13,490,631,490,490,490,631,true,2026-04-25,KvK #13,KvK #13,2026-04-26T23:05:30.903Z,2026-04-26T23:05:30.903Z,309,284
4873,13,493,471,493,471,493,471,false,2026-04-25,KvK #13,KvK #13,2026-04-26T23:05:31.057Z,2026-04-26T23:05:31.057Z,308,311
4874,13,503,515,503,503,503,515,true,2026-04-25,KvK #13,KvK #13,2026-04-26T23:05:31.214Z,2026-04-26T23:05:31.214Z,307,305
4875,13,511,444,511,511,511,444,true,2026-04-25,KvK #13,KvK #13,2026-04-26T23:05:31.369Z,2026-04-26T23:05:31.369Z,306,316
4876,13,512,500,512,512,512,500,true,2026-04-25,KvK #13,KvK #13,2026-04-26T23:05:31.525Z,2026-04-26T23:05:31.525Z,305,306
4877,13,525,632,525,632,525,632,false,2026-04-25,KvK #13,KvK #13,2026-04-26T23:05:31.684Z,2026-04-26T23:05:31.684Z,303,285
4878,13,526,636,526,636,526,636,false,2026-04-25,KvK #13,KvK #13,2026-04-26T23:05:31.850Z,2026-04-26T23:05:31.850Z,303,285
4879,13,529,469,529,469,529,469,false,2026-04-25,KvK #13,KvK #13,2026-04-26T23:05:32.007Z,2026-04-26T23:05:32.007Z,302,311
4880,13,530,435,530,435,530,435,false,2026-04-25,KvK #13,KvK #13,2026-04-26T23:05:32.164Z,2026-04-26T23:05:32.164Z,302,318
4881,13,532,467,532,532,532,467,true,2026-04-25,KvK #13,KvK #13,2026-04-26T23:05:32.316Z,2026-04-26T23:05:32.316Z,302,313
4882,13,534,582,534,582,534,582,false,2026-04-25,KvK #13,KvK #13,2026-04-26T23:05:32.473Z,2026-04-26T23:05:32.473Z,301,293
4883,13,535,553,535,553,535,553,false,2026-04-25,KvK #13,KvK #13,2026-04-26T23:05:32.630Z,2026-04-26T23:05:32.630Z,301,298
4884,13,536,537,536,536,536,537,true,2026-04-25,KvK #13,KvK #13,2026-04-26T23:05:32.783Z,2026-04-26T23:05:32.783Z,301,301
4885,13,538,551,538,538,538,551,true,2026-04-25,KvK #13,KvK #13,2026-04-26T23:05:32.943Z,2026-04-26T23:05:32.943Z,301,299
4886,13,541,610,541,541,541,610,true,2026-04-25,KvK #13,KvK #13,2026-04-26T23:05:33.112Z,2026-04-26T23:05:33.112Z,300,289
4887,13,543,504,543,504,543,504,false,2026-04-25,KvK #13,KvK #13,2026-04-26T23:05:33.271Z,2026-04-26T23:05:33.271Z,300,307
4888,13,544,583,544,544,544,583,true,2026-04-25,KvK #13,KvK #13,2026-04-26T23:05:33.423Z,2026-04-26T23:05:33.423Z,299,293
4889,13,545,616,545,545,545,616,true,2026-04-25,KvK #13,KvK #13,2026-04-26T23:05:33.579Z,2026-04-26T23:05:33.579Z,300,286
4890,13,548,420,548,420,548,420,false,2026-04-25,KvK #13,KvK #13,2026-04-26T23:05:33.734Z,2026-04-26T23:05:33.734Z,299,319
4891,13,556,448,556,556,556,448,true,2026-04-25,KvK #13,KvK #13,2026-04-26T23:05:33.892Z,2026-04-26T23:05:33.892Z,298,316
4892,13,557,456,557,557,557,456,true,2026-04-25,KvK #13,KvK #13,2026-04-26T23:05:34.049Z,2026-04-26T23:05:34.049Z,298,315
4893,13,559,502,559,559,559,502,true,2026-04-25,KvK #13,KvK #13,2026-04-26T23:05:34.207Z,2026-04-26T23:05:34.207Z,296,307
4894,13,560,570,560,570,560,570,false,2026-04-25,KvK #13,KvK #13,2026-04-26T23:05:34.364Z,2026-04-26T23:05:34.364Z,296,295
4895,13,561,609,561,561,561,609,true,2026-04-25,KvK #13,KvK #13,2026-04-26T23:05:34.521Z,2026-04-26T23:05:34.521Z,297,289
4896,13,564,508,564,508,564,508,false,2026-04-25,KvK #13,KvK #13,2026-04-26T23:05:34.675Z,2026-04-26T23:05:34.675Z,295,306
4897,13,568,625,568,625,568,625,false,2026-04-25,KvK #13,KvK #13,2026-04-26T23:05:34.831Z,2026-04-26T23:05:34.831Z,295,286
4898,13,569,634,569,569,569,634,true,2026-04-25,KvK #13,KvK #13,2026-04-26T23:05:34.988Z,2026-04-26T23:05:34.988Z,295,285
4899,13,572,531,572,572,572,531,true,2026-04-25,KvK #13,KvK #13,2026-04-26T23:05:35.142Z,2026-04-26T23:05:35.142Z,295,302
4900,13,573,452,573,452,573,452,false,2026-04-25,KvK #13,KvK #13,2026-04-26T23:05:35.298Z,2026-04-26T23:05:35.298Z,295,314
4901,13,574,485,574,574,574,485,true,2026-04-25,KvK #13,KvK #13,2026-04-26T23:05:35.452Z,2026-04-26T23:05:35.452Z,294,310
4902,13,575,458,575,575,575,458,true,2026-04-25,KvK #13,KvK #13,2026-04-26T23:05:35.606Z,2026-04-26T23:05:35.606Z,294,314
4903,13,576,430,576,576,576,430,true,2026-04-25,KvK #13,KvK #13,2026-04-26T23:05:35.762Z,2026-04-26T23:05:35.762Z,294,319
4904,13,580,547,580,547,580,547,false,2026-04-25,KvK #13,KvK #13,2026-04-26T23:05:35.917Z,2026-04-26T23:05:35.917Z,294,299
4905,13,585,517,585,585,585,517,true,2026-04-25,KvK #13,KvK #13,2026-04-26T23:05:36.073Z,2026-04-26T23:05:36.073Z,293,304
4906,13,586,427,586,427,586,427,false,2026-04-25,KvK #13,KvK #13,2026-04-26T23:05:36.229Z,2026-04-26T23:05:36.229Z,293,319
4907,13,589,432,589,589,589,432,true,2026-04-25,KvK #13,KvK #13,2026-04-26T23:05:36.383Z,2026-04-26T23:05:36.383Z,292,318
4908,13,590,539,590,539,590,539,false,2026-04-25,KvK #13,KvK #13,2026-04-26T23:05:36.541Z,2026-04-26T23:05:36.541Z,291,301
4909,13,591,431,591,591,591,431,true,2026-04-25,KvK #13,KvK #13,2026-04-26T23:05:36.696Z,2026-04-26T23:05:36.696Z,292,318
4910,13,592,501,592,501,592,501,false,2026-04-25,KvK #13,KvK #13,2026-04-26T23:05:36.854Z,2026-04-26T23:05:36.854Z,292,307
4911,13,593,519,593,593,593,519,true,2026-04-25,KvK #13,KvK #13,2026-04-26T23:05:37.026Z,2026-04-26T23:05:37.026Z,292,303
4912,13,595,607,595,607,595,607,false,2026-04-25,KvK #13,KvK #13,2026-04-26T23:05:37.183Z,2026-04-26T23:05:37.183Z,291,289
4913,13,596,475,596,475,596,475,false,2026-04-25,KvK #13,KvK #13,2026-04-26T23:05:37.355Z,2026-04-26T23:05:37.355Z,291,310
4914,13,597,657,597,597,597,657,true,2026-04-25,KvK #13,KvK #13,2026-04-26T23:05:37.506Z,2026-04-26T23:05:37.506Z,291,280
4915,13,598,509,598,598,598,509,true,2026-04-25,KvK #13,KvK #13,2026-04-26T23:05:37.663Z,2026-04-26T23:05:37.663Z,291,306
4916,13,600,505,600,505,600,505,false,2026-04-25,KvK #13,KvK #13,2026-04-26T23:05:37.818Z,2026-04-26T23:05:37.818Z,290,307
4917,13,601,492,601,601,601,492,true,2026-04-25,KvK #13,KvK #13,2026-04-26T23:05:37.972Z,2026-04-26T23:05:37.972Z,290,308
4918,13,603,520,603,603,603,520,true,2026-04-25,KvK #13,KvK #13,2026-04-26T23:05:38.127Z,2026-04-26T23:05:38.127Z,290,304
4919,13,604,487,604,487,604,487,false,2026-04-25,KvK #13,KvK #13,2026-04-26T23:05:38.286Z,2026-04-26T23:05:38.286Z,290,308
4920,13,605,491,605,491,605,491,false,2026-04-25,KvK #13,KvK #13,2026-04-26T23:05:38.440Z,2026-04-26T23:05:38.440Z,290,309
4921,13,606,423,606,606,606,423,true,2026-04-25,KvK #13,KvK #13,2026-04-26T23:05:38.593Z,2026-04-26T23:05:38.593Z,288,320
4922,13,608,533,608,608,608,533,true,2026-04-25,KvK #13,KvK #13,2026-04-26T23:05:38.749Z,2026-04-26T23:05:38.749Z,289,301
4923,13,611,523,611,611,611,523,true,2026-04-25,KvK #13,KvK #13,2026-04-26T23:05:38.905Z,2026-04-26T23:05:38.905Z,287,303
4924,13,612,581,612,612,612,581,true,2026-04-25,KvK #13,KvK #13,2026-04-26T23:05:39.063Z,2026-04-26T23:05:39.063Z,288,293
4925,13,614,565,614,614,614,565,true,2026-04-25,KvK #13,KvK #13,2026-04-26T23:05:39.216Z,2026-04-26T23:05:39.216Z,288,296
4926,13,615,666,615,615,615,666,true,2026-04-25,KvK #13,KvK #13,2026-04-26T23:05:39.373Z,2026-04-26T23:05:39.373Z,288,280
4927,13,617,599,617,617,617,599,true,2026-04-25,KvK #13,KvK #13,2026-04-26T23:05:39.527Z,2026-04-26T23:05:39.527Z,287,291
4928,13,618,622,618,618,618,622,true,2026-04-25,KvK #13,KvK #13,2026-04-26T23:05:39.682Z,2026-04-26T23:05:39.682Z,287,287
4929,13,619,477,619,619,619,477,true,2026-04-25,KvK #13,KvK #13,2026-04-26T23:05:39.839Z,2026-04-26T23:05:39.839Z,286,310
4930,13,620,661,620,620,620,661,true,2026-04-25,KvK #13,KvK #13,2026-04-26T23:05:39.995Z,2026-04-26T23:05:39.995Z,287,280
4931,13,621,578,621,578,621,578,false,2026-04-25,KvK #13,KvK #13,2026-04-26T23:05:40.150Z,2026-04-26T23:05:40.150Z,287,294
4932,13,623,497,623,623,623,497,true,2026-04-25,KvK #13,KvK #13,2026-04-26T23:05:40.304Z,2026-04-26T23:05:40.304Z,286,308
4933,13,624,440,624,624,624,440,true,2026-04-25,KvK #13,KvK #13,2026-04-26T23:05:40.461Z,2026-04-26T23:05:40.461Z,286,317
4934,13,626,524,626,524,626,524,false,2026-04-25,KvK #13,KvK #13,2026-04-26T23:05:40.616Z,2026-04-26T23:05:40.616Z,286,303
4935,13,628,540,628,628,628,540,true,2026-04-25,KvK #13,KvK #13,2026-04-26T23:05:40.768Z,2026-04-26T23:05:40.768Z,286,299
4936,13,629,496,629,629,629,496,true,2026-04-25,KvK #13,KvK #13,2026-04-26T23:05:40.924Z,2026-04-26T23:05:40.924Z,286,308
4937,13,630,461,630,630,630,461,true,2026-04-25,KvK #13,KvK #13,2026-04-26T23:05:41.081Z,2026-04-26T23:05:41.081Z,286,314
4938,13,635,446,635,635,635,446,true,2026-04-25,KvK #13,KvK #13,2026-04-26T23:05:41.234Z,2026-04-26T23:05:41.234Z,285,316
4939,13,637,558,637,637,637,558,true,2026-04-25,KvK #13,KvK #13,2026-04-26T23:05:41.389Z,2026-04-26T23:05:41.389Z,285,297
4940,13,638,528,638,638,638,528,true,2026-04-25,KvK #13,KvK #13,2026-04-26T23:05:41.547Z,2026-04-26T23:05:41.547Z,284,302
4941,13,639,584,639,584,639,584,false,2026-04-25,KvK #13,KvK #13,2026-04-26T23:05:41.706Z,2026-04-26T23:05:41.706Z,284,293
4942,13,640,507,640,640,640,507,true,2026-04-25,KvK #13,KvK #13,2026-04-26T23:05:41.862Z,2026-04-26T23:05:41.862Z,284,305
4943,13,641,476,641,641,641,476,true,2026-04-25,KvK #13,KvK #13,2026-04-26T23:05:42.021Z,2026-04-26T23:05:42.021Z,284,311
4944,13,642,627,642,642,642,627,true,2026-04-25,KvK #13,KvK #13,2026-04-26T23:05:42.174Z,2026-04-26T23:05:42.174Z,284,286
4945,13,643,552,643,552,643,552,false,2026-04-25,KvK #13,KvK #13,2026-04-26T23:05:42.329Z,2026-04-26T23:05:42.329Z,284,298
4946,13,644,433,644,644,644,433,true,2026-04-25,KvK #13,KvK #13,2026-04-26T23:05:42.483Z,2026-04-26T23:05:42.483Z,283,318
4947,13,645,549,645,645,645,549,true,2026-04-25,KvK #13,KvK #13,2026-04-26T23:05:42.640Z,2026-04-26T23:05:42.640Z,283,299
4948,13,646,419,646,646,646,419,true,2026-04-25,KvK #13,KvK #13,2026-04-26T23:05:42.794Z,2026-04-26T23:05:42.794Z,283,320
4949,13,647,563,647,563,647,563,false,2026-04-25,KvK #13,KvK #13,2026-04-26T23:05:42.951Z,2026-04-26T23:05:42.951Z,283,296
4950,13,648,577,648,648,648,577,true,2026-04-25,KvK #13,KvK #13,2026-04-26T23:05:43.107Z,2026-04-26T23:05:43.107Z,283,294
4951,13,649,494,649,649,649,494,true,2026-04-25,KvK #13,KvK #13,2026-04-26T23:05:43.265Z,2026-04-26T23:05:43.265Z,282,308
4952,13,651,443,651,443,651,443,false,2026-04-25,KvK #13,KvK #13,2026-04-26T23:05:43.417Z,2026-04-26T23:05:43.417Z,282,316
4953,13,652,527,652,652,652,527,true,2026-04-25,KvK #13,KvK #13,2026-04-26T23:05:43.570Z,2026-04-26T23:05:43.570Z,282,302
4954,13,653,459,653,653,653,459,true,2026-04-25,KvK #13,KvK #13,2026-04-26T23:05:43.737Z,2026-04-26T23:05:43.737Z,282,314
4955,13,654,567,654,654,654,567,true,2026-04-25,KvK #13,KvK #13,2026-04-26T23:05:43.892Z,2026-04-26T23:05:43.892Z,282,296
4956,13,655,506,655,655,655,506,true,2026-04-25,KvK #13,KvK #13,2026-04-26T23:05:44.047Z,2026-04-26T23:05:44.047Z,282,305
4957,13,656,667,656,656,656,667,true,2026-04-25,KvK #13,KvK #13,2026-04-26T23:05:44.215Z,2026-04-26T23:05:44.215Z,281,279
4958,13,658,451,658,658,658,451,true,2026-04-25,KvK #13,KvK #13,2026-04-26T23:05:44.368Z,2026-04-26T23:05:44.368Z,281,315
4959,13,659,426,659,659,659,426,true,2026-04-25,KvK #13,KvK #13,2026-04-26T23:05:44.525Z,2026-04-26T23:05:44.525Z,281,319
4960,13,660,480,660,480,660,480,false,2026-04-25,KvK #13,KvK #13,2026-04-26T23:05:44.678Z,2026-04-26T23:05:44.678Z,281,311
4961,13,662,484,662,662,662,484,true,2026-04-25,KvK #13,KvK #13,2026-04-26T23:05:44.833Z,2026-04-26T23:05:44.833Z,280,310
4962,13,663,450,663,663,663,450,true,2026-04-25,KvK #13,KvK #13,2026-04-26T23:05:44.992Z,2026-04-26T23:05:44.992Z,280,315
4963,13,664,510,664,510,664,510,false,2026-04-25,KvK #13,KvK #13,2026-04-26T23:05:45.156Z,2026-04-26T23:05:45.156Z,280,306
4964,13,665,463,665,463,665,463,false,2026-04-25,KvK #13,KvK #13,2026-04-26T23:05:45.328Z,2026-04-26T23:05:45.328Z,280,314
4965,13,668,571,668,571,668,571,false,2026-04-25,KvK #13,KvK #13,2026-04-26T23:05:45.489Z,2026-04-26T23:05:45.489Z,279,295
4966,13,669,445,669,669,669,445,true,2026-04-25,KvK #13,KvK #13,2026-04-26T23:05:45.646Z,2026-04-26T23:05:45.646Z,279,316
4967,13,670,562,670,562,670,562,false,2026-04-25,KvK #13,KvK #13,2026-04-26T23:05:45.813Z,2026-04-26T23:05:45.813Z,279,297
4968,13,671,579,671,671,671,579,true,2026-04-25,KvK #13,KvK #13,2026-04-26T23:05:45.970Z,2026-04-26T23:05:45.970Z,279,294
4969,13,672,499,672,672,672,499,true,2026-04-25,KvK #13,KvK #13,2026-04-26T23:05:46.140Z,2026-04-26T23:05:46.140Z,279,307
4970,13,673,588,673,588,673,588,false,2026-04-25,KvK #13,KvK #13,2026-04-26T23:05:46.307Z,2026-04-26T23:05:46.307Z,279,292
4971,13,674,422,674,674,674,422,true,2026-04-25,KvK #13,KvK #13,2026-04-26T23:05:46.462Z,2026-04-26T23:05:46.462Z,279,320
4972,13,681,760,681,681,681,760,true,2026-04-25,KvK #13,KvK #13,2026-04-26T23:05:46.629Z,2026-04-26T23:05:46.629Z,278,264
4973,13,682,780,682,780,682,780,false,2026-04-25,KvK #13,KvK #13,2026-04-26T23:05:46.782Z,2026-04-26T23:05:46.782Z,276,261
4974,13,685,710,685,685,685,710,true,2026-04-25,KvK #13,KvK #13,2026-04-26T23:05:46.937Z,2026-04-26T23:05:46.937Z,277,273
4975,13,690,743,690,690,690,743,true,2026-04-25,KvK #13,KvK #13,2026-04-26T23:05:47.092Z,2026-04-26T23:05:47.092Z,276,266
4976,13,691,677,691,677,691,677,false,2026-04-25,KvK #13,KvK #13,2026-04-26T23:05:47.244Z,2026-04-26T23:05:47.244Z,276,278
4977,13,692,696,692,696,692,696,false,2026-04-25,KvK #13,KvK #13,2026-04-26T23:05:47.398Z,2026-04-26T23:05:47.398Z,276,274
4978,13,693,773,693,693,693,773,true,2026-04-25,KvK #13,KvK #13,2026-04-26T23:05:47.552Z,2026-04-26T23:05:47.552Z,275,262
4979,13,699,772,699,772,699,772,false,2026-04-25,KvK #13,KvK #13,2026-04-26T23:05:47.707Z,2026-04-26T23:05:47.707Z,275,262
4980,13,701,796,701,796,701,796,false,2026-04-25,KvK #13,KvK #13,2026-04-26T23:05:47.875Z,2026-04-26T23:05:47.875Z,274,258
4981,13,703,711,703,711,703,711,false,2026-04-25,KvK #13,KvK #13,2026-04-26T23:05:48.034Z,2026-04-26T23:05:48.034Z,274,272
4982,13,705,722,705,705,705,722,true,2026-04-25,KvK #13,KvK #13,2026-04-26T23:05:48.187Z,2026-04-26T23:05:48.187Z,272,271
4983,13,706,700,706,700,706,700,false,2026-04-25,KvK #13,KvK #13,2026-04-26T23:05:48.343Z,2026-04-26T23:05:48.343Z,272,273
4984,13,707,791,707,791,707,791,false,2026-04-25,KvK #13,KvK #13,2026-04-26T23:05:48.496Z,2026-04-26T23:05:48.496Z,273,259
4985,13,709,725,709,709,709,725,true,2026-04-25,KvK #13,KvK #13,2026-04-26T23:05:48.652Z,2026-04-26T23:05:48.652Z,273,270
4986,13,712,774,712,774,712,774,false,2026-04-25,KvK #13,KvK #13,2026-04-26T23:05:48.807Z,2026-04-26T23:05:48.807Z,271,262
4987,13,713,675,713,713,713,675,true,2026-04-25,KvK #13,KvK #13,2026-04-26T23:05:48.965Z,2026-04-26T23:05:48.965Z,272,278
4988,13,714,744,714,714,714,744,true,2026-04-25,KvK #13,KvK #13,2026-04-26T23:05:49.120Z,2026-04-26T23:05:49.120Z,272,267
4989,13,715,689,715,689,715,689,false,2026-04-25,KvK #13,KvK #13,2026-04-26T23:05:49.287Z,2026-04-26T23:05:49.287Z,272,276
4990,13,716,746,716,716,716,746,true,2026-04-25,KvK #13,KvK #13,2026-04-26T23:05:49.450Z,2026-04-26T23:05:49.450Z,272,267
4991,13,717,704,717,717,717,704,true,2026-04-25,KvK #13,KvK #13,2026-04-26T23:05:49.612Z,2026-04-26T23:05:49.612Z,272,273
4992,13,718,750,718,718,718,750,true,2026-04-25,KvK #13,KvK #13,2026-04-26T23:05:49.780Z,2026-04-26T23:05:49.780Z,271,265
4993,13,719,729,719,719,719,729,true,2026-04-25,KvK #13,KvK #13,2026-04-26T23:05:49.968Z,2026-04-26T23:05:49.968Z,271,268
4994,13,721,678,721,678,721,678,false,2026-04-25,KvK #13,KvK #13,2026-04-26T23:05:50.122Z,2026-04-26T23:05:50.122Z,271,278
4995,13,726,738,726,726,726,738,true,2026-04-25,KvK #13,KvK #13,2026-04-26T23:05:50.282Z,2026-04-26T23:05:50.282Z,270,268
4996,13,727,754,727,727,727,754,true,2026-04-25,KvK #13,KvK #13,2026-04-26T23:05:50.438Z,2026-04-26T23:05:50.438Z,270,264
4997,13,728,770,728,770,728,770,false,2026-04-25,KvK #13,KvK #13,2026-04-26T23:05:50.593Z,2026-04-26T23:05:50.593Z,270,263
4998,13,733,740,733,733,733,740,true,2026-04-25,KvK #13,KvK #13,2026-04-26T23:05:50.748Z,2026-04-26T23:05:50.748Z,269,268
4999,13,734,697,734,734,734,697,true,2026-04-25,KvK #13,KvK #13,2026-04-26T23:05:50.902Z,2026-04-26T23:05:50.902Z,269,275
5000,13,736,676,736,736,736,676,true,2026-04-25,KvK #13,KvK #13,2026-04-26T23:05:51.058Z,2026-04-26T23:05:51.058Z,267,277
5001,13,737,761,737,737,737,761,true,2026-04-25,KvK #13,KvK #13,2026-04-26T23:05:51.211Z,2026-04-26T23:05:51.211Z,268,264
5002,13,739,764,739,764,739,764,false,2026-04-25,KvK #13,KvK #13,2026-04-26T23:05:51.367Z,2026-04-26T23:05:51.367Z,268,264
5003,13,741,798,741,741,741,798,true,2026-04-25,KvK #13,KvK #13,2026-04-26T23:05:51.538Z,2026-04-26T23:05:51.538Z,267,258
5004,13,742,731,742,742,742,731,true,2026-04-25,KvK #13,KvK #13,2026-04-26T23:05:51.704Z,2026-04-26T23:05:51.704Z,267,269
5005,13,745,708,745,745,745,708,true,2026-04-25,KvK #13,KvK #13,2026-04-26T23:05:51.868Z,2026-04-26T23:05:51.868Z,267,272
5006,13,747,687,747,747,747,687,true,2026-04-25,KvK #13,KvK #13,2026-04-26T23:05:52.022Z,2026-04-26T23:05:52.022Z,266,276
5007,13,749,755,749,749,749,755,true,2026-04-25,KvK #13,KvK #13,2026-04-26T23:05:52.178Z,2026-04-26T23:05:52.178Z,266,265
5008,13,751,801,751,751,751,801,true,2026-04-25,KvK #13,KvK #13,2026-04-26T23:05:52.331Z,2026-04-26T23:05:52.331Z,266,258
5009,13,752,771,752,752,752,771,true,2026-04-25,KvK #13,KvK #13,2026-04-26T23:05:52.485Z,2026-04-26T23:05:52.485Z,266,263
5010,13,753,686,753,753,753,686,true,2026-04-25,KvK #13,KvK #13,2026-04-26T23:05:52.641Z,2026-04-26T23:05:52.641Z,266,277
5011,13,757,684,757,757,757,684,true,2026-04-25,KvK #13,KvK #13,2026-04-26T23:05:52.796Z,2026-04-26T23:05:52.796Z,265,277
5012,13,758,756,758,758,758,756,true,2026-04-25,KvK #13,KvK #13,2026-04-26T23:05:52.964Z,2026-04-26T23:05:52.964Z,265,265
5013,13,763,723,763,723,763,723,false,2026-04-25,KvK #13,KvK #13,2026-04-26T23:05:53.117Z,2026-04-26T23:05:53.117Z,264,270
5014,13,765,800,765,765,765,800,true,2026-04-25,KvK #13,KvK #13,2026-04-26T23:05:53.271Z,2026-04-26T23:05:53.271Z,264,258
5015,13,766,762,766,762,766,762,false,2026-04-25,KvK #13,KvK #13,2026-04-26T23:05:53.429Z,2026-04-26T23:05:53.429Z,263,264
5016,13,768,783,768,768,768,783,true,2026-04-25,KvK #13,KvK #13,2026-04-26T23:05:53.595Z,2026-04-26T23:05:53.595Z,263,261
5017,13,769,695,769,695,769,695,false,2026-04-25,KvK #13,KvK #13,2026-04-26T23:05:53.751Z,2026-04-26T23:05:53.751Z,263,275
5018,13,775,802,775,775,775,802,true,2026-04-25,KvK #13,KvK #13,2026-04-26T23:05:53.924Z,2026-04-26T23:05:53.924Z,262,258
5019,13,776,679,776,776,776,679,true,2026-04-25,KvK #13,KvK #13,2026-04-26T23:05:54.094Z,2026-04-26T23:05:54.094Z,262,278
5020,13,777,790,777,777,777,790,true,2026-04-25,KvK #13,KvK #13,2026-04-26T23:05:54.249Z,2026-04-26T23:05:54.249Z,261,259
5021,13,778,688,778,778,778,688,true,2026-04-25,KvK #13,KvK #13,2026-04-26T23:05:54.403Z,2026-04-26T23:05:54.403Z,260,275
5022,13,779,748,779,748,779,748,false,2026-04-25,KvK #13,KvK #13,2026-04-26T23:05:54.559Z,2026-04-26T23:05:54.559Z,261,266
5023,13,781,694,781,781,781,694,true,2026-04-25,KvK #13,KvK #13,2026-04-26T23:05:54.715Z,2026-04-26T23:05:54.715Z,261,275
5024,13,782,787,782,782,782,787,true,2026-04-25,KvK #13,KvK #13,2026-04-26T23:05:54.868Z,2026-04-26T23:05:54.868Z,261,260
5025,13,784,680,784,784,784,680,true,2026-04-25,KvK #13,KvK #13,2026-04-26T23:05:55.023Z,2026-04-26T23:05:55.023Z,260,278
5026,13,785,702,785,785,785,702,true,2026-04-25,KvK #13,KvK #13,2026-04-26T23:05:55.176Z,2026-04-26T23:05:55.176Z,260,274
5027,13,786,724,786,724,786,724,false,2026-04-25,KvK #13,KvK #13,2026-04-26T23:05:55.335Z,2026-04-26T23:05:55.335Z,259,270
5028,13,788,735,788,788,788,735,true,2026-04-25,KvK #13,KvK #13,2026-04-26T23:05:55.487Z,2026-04-26T23:05:55.487Z,260,267
5029,13,789,698,789,698,789,698,false,2026-04-25,KvK #13,KvK #13,2026-04-26T23:05:55.645Z,2026-04-26T23:05:55.645Z,260,275
5030,13,792,759,792,792,792,759,true,2026-04-25,KvK #13,KvK #13,2026-04-26T23:05:55.800Z,2026-04-26T23:05:55.800Z,259,264
5031,13,793,683,793,683,793,683,false,2026-04-25,KvK #13,KvK #13,2026-04-26T23:05:55.956Z,2026-04-26T23:05:55.956Z,259,277
5032,13,794,720,794,720,794,720,false,2026-04-25,KvK #13,KvK #13,2026-04-26T23:05:56.109Z,2026-04-26T23:05:56.109Z,259,271
5033,13,795,767,795,795,795,767,true,2026-04-25,KvK #13,KvK #13,2026-04-26T23:05:56.267Z,2026-04-26T23:05:56.267Z,258,263
5034,13,797,732,797,732,797,732,false,2026-04-25,KvK #13,KvK #13,2026-04-26T23:05:56.420Z,2026-04-26T23:05:56.420Z,258,269
5035,13,799,730,799,799,799,730,true,2026-04-25,KvK #13,KvK #13,2026-04-26T23:05:56.578Z,2026-04-26T23:05:56.578Z,258,268
5036,13,804,882,804,804,804,882,true,2026-04-25,KvK #13,KvK #13,2026-04-26T23:05:56.733Z,2026-04-26T23:05:56.733Z,257,244
5037,13,807,814,807,814,807,814,false,2026-04-25,KvK #13,KvK #13,2026-04-26T23:05:56.888Z,2026-04-26T23:05:56.888Z,257,256
5038,13,808,851,808,851,808,851,false,2026-04-25,KvK #13,KvK #13,2026-04-26T23:05:57.041Z,2026-04-26T23:05:57.041Z,257,250
5039,13,812,839,812,812,812,839,true,2026-04-25,KvK #13,KvK #13,2026-04-26T23:05:57.198Z,2026-04-26T23:05:57.198Z,256,252
5040,13,813,844,813,813,813,844,true,2026-04-25,KvK #13,KvK #13,2026-04-26T23:05:57.353Z,2026-04-26T23:05:57.353Z,256,251
5041,13,818,822,818,822,818,822,false,2026-04-25,KvK #13,KvK #13,2026-04-26T23:05:57.514Z,2026-04-26T23:05:57.514Z,255,254
5042,13,819,827,819,819,819,827,true,2026-04-25,KvK #13,KvK #13,2026-04-26T23:05:57.667Z,2026-04-26T23:05:57.667Z,255,254
5043,13,821,869,821,869,821,869,false,2026-04-25,KvK #13,KvK #13,2026-04-26T23:05:57.823Z,2026-04-26T23:05:57.823Z,254,246
5044,13,828,870,828,828,828,870,true,2026-04-25,KvK #13,KvK #13,2026-04-26T23:05:57.978Z,2026-04-26T23:05:57.978Z,252,246
5045,13,831,864,831,831,831,864,true,2026-04-25,KvK #13,KvK #13,2026-04-26T23:05:58.135Z,2026-04-26T23:05:58.135Z,253,247
5046,13,833,911,833,833,833,911,true,2026-04-25,KvK #13,KvK #13,2026-04-26T23:05:58.287Z,2026-04-26T23:05:58.287Z,253,239
5047,13,835,868,835,835,835,868,true,2026-04-25,KvK #13,KvK #13,2026-04-26T23:05:58.441Z,2026-04-26T23:05:58.441Z,252,247
5048,13,837,829,837,829,837,829,false,2026-04-25,KvK #13,KvK #13,2026-04-26T23:05:58.595Z,2026-04-26T23:05:58.595Z,252,253
5049,13,840,887,840,887,840,887,false,2026-04-25,KvK #13,KvK #13,2026-04-26T23:05:58.762Z,2026-04-26T23:05:58.762Z,251,244
5050,13,845,871,845,845,845,871,true,2026-04-25,KvK #13,KvK #13,2026-04-26T23:05:58.920Z,2026-04-26T23:05:58.920Z,251,245
5051,13,846,832,846,846,846,832,true,2026-04-25,KvK #13,KvK #13,2026-04-26T23:05:59.074Z,2026-04-26T23:05:59.074Z,251,253
5052,13,847,865,847,865,847,865,false,2026-04-25,KvK #13,KvK #13,2026-04-26T23:05:59.230Z,2026-04-26T23:05:59.230Z,250,247
5053,13,849,920,849,849,849,920,true,2026-04-25,KvK #13,KvK #13,2026-04-26T23:05:59.405Z,2026-04-26T23:05:59.405Z,250,238
5054,13,850,838,850,838,850,838,false,2026-04-25,KvK #13,KvK #13,2026-04-26T23:05:59.572Z,2026-04-26T23:05:59.572Z,250,252
5055,13,854,842,854,842,854,842,false,2026-04-25,KvK #13,KvK #13,2026-04-26T23:05:59.729Z,2026-04-26T23:05:59.729Z,249,251
5056,13,855,848,855,855,855,848,true,2026-04-25,KvK #13,KvK #13,2026-04-26T23:05:59.896Z,2026-04-26T23:05:59.896Z,249,250
5057,13,856,824,856,824,856,824,false,2026-04-25,KvK #13,KvK #13,2026-04-26T23:06:00.051Z,2026-04-26T23:06:00.051Z,249,254
5058,13,858,841,858,841,858,841,false,2026-04-25,KvK #13,KvK #13,2026-04-26T23:06:00.223Z,2026-04-26T23:06:00.223Z,248,251
5059,13,861,825,861,861,861,825,true,2026-04-25,KvK #13,KvK #13,2026-04-26T23:06:00.387Z,2026-04-26T23:06:00.387Z,248,254
5060,13,863,834,863,834,863,834,false,2026-04-25,KvK #13,KvK #13,2026-04-26T23:06:00.543Z,2026-04-26T23:06:00.543Z,248,252
5061,13,867,902,867,902,867,902,false,2026-04-25,KvK #13,KvK #13,2026-04-26T23:06:00.713Z,2026-04-26T23:06:00.713Z,247,241
5062,13,872,803,872,872,872,803,true,2026-04-25,KvK #13,KvK #13,2026-04-26T23:06:00.878Z,2026-04-26T23:06:00.878Z,246,257
5063,13,873,886,873,873,873,886,true,2026-04-25,KvK #13,KvK #13,2026-04-26T23:06:01.055Z,2026-04-26T23:06:01.055Z,246,244
5064,13,874,898,874,874,874,898,true,2026-04-25,KvK #13,KvK #13,2026-04-26T23:06:01.211Z,2026-04-26T23:06:01.211Z,246,242
5065,13,875,817,875,875,875,817,true,2026-04-25,KvK #13,KvK #13,2026-04-26T23:06:01.364Z,2026-04-26T23:06:01.364Z,245,255
5066,13,878,925,878,878,878,925,true,2026-04-25,KvK #13,KvK #13,2026-04-26T23:06:01.547Z,2026-04-26T23:06:01.547Z,245,237
5067,13,880,866,880,866,880,866,false,2026-04-25,KvK #13,KvK #13,2026-04-26T23:06:01.709Z,2026-04-26T23:06:01.709Z,245,247
5068,13,881,826,881,826,881,826,false,2026-04-25,KvK #13,KvK #13,2026-04-26T23:06:01.880Z,2026-04-26T23:06:01.880Z,245,254
5069,13,883,927,883,883,883,927,true,2026-04-25,KvK #13,KvK #13,2026-04-26T23:06:02.050Z,2026-04-26T23:06:02.050Z,244,237
5070,13,884,877,884,884,884,877,true,2026-04-25,KvK #13,KvK #13,2026-04-26T23:06:02.221Z,2026-04-26T23:06:02.221Z,244,245
5071,13,885,926,885,885,885,926,true,2026-04-25,KvK #13,KvK #13,2026-04-26T23:06:02.374Z,2026-04-26T23:06:02.374Z,244,237
5072,13,888,805,888,805,888,805,false,2026-04-25,KvK #13,KvK #13,2026-04-26T23:06:02.532Z,2026-04-26T23:06:02.532Z,243,257
5073,13,889,852,889,889,889,852,true,2026-04-25,KvK #13,KvK #13,2026-04-26T23:06:02.686Z,2026-04-26T23:06:02.686Z,243,249
5074,13,890,859,890,859,890,859,false,2026-04-25,KvK #13,KvK #13,2026-04-26T23:06:02.843Z,2026-04-26T23:06:02.843Z,243,248
5075,13,892,830,892,830,892,830,false,2026-04-25,KvK #13,KvK #13,2026-04-26T23:06:02.997Z,2026-04-26T23:06:02.997Z,243,253
5076,13,893,915,893,915,893,915,false,2026-04-25,KvK #13,KvK #13,2026-04-26T23:06:03.152Z,2026-04-26T23:06:03.152Z,243,238
5077,13,894,891,894,894,894,891,true,2026-04-25,KvK #13,KvK #13,2026-04-26T23:06:03.304Z,2026-04-26T23:06:03.304Z,243,243
5078,13,895,853,895,895,895,853,true,2026-04-25,KvK #13,KvK #13,2026-04-26T23:06:03.462Z,2026-04-26T23:06:03.462Z,242,249
5079,13,896,857,896,857,896,857,false,2026-04-25,KvK #13,KvK #13,2026-04-26T23:06:03.616Z,2026-04-26T23:06:03.616Z,242,249
5080,13,897,815,897,815,897,815,false,2026-04-25,KvK #13,KvK #13,2026-04-26T23:06:03.772Z,2026-04-26T23:06:03.772Z,242,255
5081,13,899,879,899,899,899,879,true,2026-04-25,KvK #13,KvK #13,2026-04-26T23:06:03.926Z,2026-04-26T23:06:03.926Z,242,245
5082,13,900,917,900,900,900,917,true,2026-04-25,KvK #13,KvK #13,2026-04-26T23:06:04.085Z,2026-04-26T23:06:04.085Z,242,238
5083,13,901,836,901,836,901,836,false,2026-04-25,KvK #13,KvK #13,2026-04-26T23:06:04.252Z,2026-04-26T23:06:04.252Z,241,252
5084,13,903,820,903,903,903,820,true,2026-04-25,KvK #13,KvK #13,2026-04-26T23:06:04.424Z,2026-04-26T23:06:04.424Z,241,255
5085,13,904,862,904,904,904,862,true,2026-04-25,KvK #13,KvK #13,2026-04-26T23:06:04.578Z,2026-04-26T23:06:04.578Z,241,248
5086,13,905,806,905,905,905,806,true,2026-04-25,KvK #13,KvK #13,2026-04-26T23:06:04.735Z,2026-04-26T23:06:04.735Z,241,257
5087,13,906,910,906,910,906,910,false,2026-04-25,KvK #13,KvK #13,2026-04-26T23:06:04.916Z,2026-04-26T23:06:04.916Z,240,238
5088,13,907,809,907,907,907,809,true,2026-04-25,KvK #13,KvK #13,2026-04-26T23:06:05.076Z,2026-04-26T23:06:05.076Z,240,257
5089,13,908,843,908,843,908,843,false,2026-04-25,KvK #13,KvK #13,2026-04-26T23:06:05.229Z,2026-04-26T23:06:05.229Z,240,251
5090,13,912,811,912,912,912,811,true,2026-04-25,KvK #13,KvK #13,2026-04-26T23:06:05.385Z,2026-04-26T23:06:05.385Z,239,256
5091,13,913,918,913,918,913,918,false,2026-04-25,KvK #13,KvK #13,2026-04-26T23:06:05.542Z,2026-04-26T23:06:05.542Z,238,238
5092,13,914,916,914,916,914,916,false,2026-04-25,KvK #13,KvK #13,2026-04-26T23:06:05.696Z,2026-04-26T23:06:05.696Z,239,237
5093,13,919,816,919,919,919,816,true,2026-04-25,KvK #13,KvK #13,2026-04-26T23:06:05.852Z,2026-04-26T23:06:05.852Z,238,254
5094,13,921,909,921,909,921,909,false,2026-04-25,KvK #13,KvK #13,2026-04-26T23:06:06.023Z,2026-04-26T23:06:06.023Z,238,240
5095,13,922,876,922,922,922,876,true,2026-04-25,KvK #13,KvK #13,2026-04-26T23:06:06.177Z,2026-04-26T23:06:06.177Z,237,244
5096,13,923,823,923,923,923,823,true,2026-04-25,KvK #13,KvK #13,2026-04-26T23:06:06.330Z,2026-04-26T23:06:06.330Z,237,254
5097,13,924,810,924,924,924,810,true,2026-04-25,KvK #13,KvK #13,2026-04-26T23:06:06.501Z,2026-04-26T23:06:06.501Z,237,256
5098,13,929,982,929,929,929,982,true,2026-04-25,KvK #13,KvK #13,2026-04-26T23:06:06.659Z,2026-04-26T23:06:06.659Z,235,226
5099,13,932,944,932,932,932,944,true,2026-04-25,KvK #13,KvK #13,2026-04-26T23:06:06.816Z,2026-04-26T23:06:06.816Z,236,232
5100,13,937,931,937,931,937,931,false,2026-04-25,KvK #13,KvK #13,2026-04-26T23:06:06.971Z,2026-04-26T23:06:06.971Z,235,236
5101,13,938,972,938,938,938,972,true,2026-04-25,KvK #13,KvK #13,2026-04-26T23:06:07.127Z,2026-04-26T23:06:07.127Z,235,229
5102,13,939,976,939,939,939,976,true,2026-04-25,KvK #13,KvK #13,2026-04-26T23:06:07.280Z,2026-04-26T23:06:07.280Z,234,228
5103,13,940,1004,940,1004,940,1004,false,2026-04-25,KvK #13,KvK #13,2026-04-26T23:06:07.449Z,2026-04-26T23:06:07.449Z,234,223
5104,13,947,985,947,985,947,985,false,2026-04-25,KvK #13,KvK #13,2026-04-26T23:06:07.607Z,2026-04-26T23:06:07.607Z,233,226
5105,13,948,969,948,969,948,969,false,2026-04-25,KvK #13,KvK #13,2026-04-26T23:06:07.760Z,2026-04-26T23:06:07.760Z,231,229
5106,13,949,979,949,979,949,979,false,2026-04-25,KvK #13,KvK #13,2026-04-26T23:06:07.914Z,2026-04-26T23:06:07.914Z,232,227
5107,13,952,959,952,952,952,959,true,2026-04-25,KvK #13,KvK #13,2026-04-26T23:06:08.072Z,2026-04-26T23:06:08.072Z,232,231
5108,13,956,962,956,956,956,962,true,2026-04-25,KvK #13,KvK #13,2026-04-26T23:06:08.227Z,2026-04-26T23:06:08.227Z,231,230
5109,13,957,943,957,943,957,943,false,2026-04-25,KvK #13,KvK #13,2026-04-26T23:06:08.383Z,2026-04-26T23:06:08.383Z,231,233
5110,13,958,946,958,946,958,946,false,2026-04-25,KvK #13,KvK #13,2026-04-26T23:06:08.554Z,2026-04-26T23:06:08.554Z,231,233
5111,13,960,936,960,936,960,936,false,2026-04-25,KvK #13,KvK #13,2026-04-26T23:06:08.715Z,2026-04-26T23:06:08.715Z,231,235
5112,13,961,934,961,961,961,934,true,2026-04-25,KvK #13,KvK #13,2026-04-26T23:06:08.881Z,2026-04-26T23:06:08.881Z,230,235
5113,13,963,991,963,963,963,991,true,2026-04-25,KvK #13,KvK #13,2026-04-26T23:06:09.035Z,2026-04-26T23:06:09.035Z,230,225
5114,13,964,1006,964,964,964,1006,true,2026-04-25,KvK #13,KvK #13,2026-04-26T23:06:09.190Z,2026-04-26T23:06:09.190Z,230,223
5115,13,965,942,965,965,965,942,true,2026-04-25,KvK #13,KvK #13,2026-04-26T23:06:09.344Z,2026-04-26T23:06:09.344Z,230,234
5116,13,967,966,967,967,967,966,true,2026-04-25,KvK #13,KvK #13,2026-04-26T23:06:09.502Z,2026-04-26T23:06:09.502Z,230,230
5117,13,968,955,968,968,968,955,true,2026-04-25,KvK #13,KvK #13,2026-04-26T23:06:09.668Z,2026-04-26T23:06:09.668Z,229,231
5118,13,970,974,970,974,970,974,false,2026-04-25,KvK #13,KvK #13,2026-04-26T23:06:09.822Z,2026-04-26T23:06:09.822Z,229,228
5119,13,971,928,971,928,971,928,false,2026-04-25,KvK #13,KvK #13,2026-04-26T23:06:09.978Z,2026-04-26T23:06:09.978Z,228,236
5120,13,978,933,978,978,978,933,true,2026-04-25,KvK #13,KvK #13,2026-04-26T23:06:10.150Z,2026-04-26T23:06:10.150Z,227,236
5121,13,980,951,980,951,980,951,false,2026-04-25,KvK #13,KvK #13,2026-04-26T23:06:10.305Z,2026-04-26T23:06:10.305Z,227,232
5122,13,981,1001,981,1001,981,1001,false,2026-04-25,KvK #13,KvK #13,2026-04-26T23:06:10.460Z,2026-04-26T23:06:10.460Z,227,223
5123,13,983,930,983,983,983,930,true,2026-04-25,KvK #13,KvK #13,2026-04-26T23:06:10.617Z,2026-04-26T23:06:10.617Z,225,236
5124,13,984,977,984,977,984,977,false,2026-04-25,KvK #13,KvK #13,2026-04-26T23:06:10.772Z,2026-04-26T23:06:10.772Z,226,228
5125,13,986,935,986,986,986,935,true,2026-04-25,KvK #13,KvK #13,2026-04-26T23:06:10.928Z,2026-04-26T23:06:10.928Z,226,235
5126,13,987,975,987,975,987,975,false,2026-04-25,KvK #13,KvK #13,2026-04-26T23:06:11.082Z,2026-04-26T23:06:11.082Z,225,227
5127,13,988,997,988,988,988,997,true,2026-04-25,KvK #13,KvK #13,2026-04-26T23:06:11.238Z,2026-04-26T23:06:11.238Z,226,224
5128,13,990,954,990,990,990,954,true,2026-04-25,KvK #13,KvK #13,2026-04-26T23:06:11.393Z,2026-04-26T23:06:11.393Z,225,231
5129,13,992,945,992,945,992,945,false,2026-04-25,KvK #13,KvK #13,2026-04-26T23:06:11.546Z,2026-04-26T23:06:11.546Z,225,233
5130,13,993,989,993,993,993,989,true,2026-04-25,KvK #13,KvK #13,2026-04-26T23:06:11.702Z,2026-04-26T23:06:11.702Z,224,225
5131,13,995,953,995,995,995,953,true,2026-04-25,KvK #13,KvK #13,2026-04-26T23:06:11.859Z,2026-04-26T23:06:11.859Z,224,230
5132,13,998,1005,998,1005,998,1005,false,2026-04-25,KvK #13,KvK #13,2026-04-26T23:06:12.022Z,2026-04-26T23:06:12.022Z,224,223
5133,13,999,973,999,973,999,973,false,2026-04-25,KvK #13,KvK #13,2026-04-26T23:06:12.184Z,2026-04-26T23:06:12.184Z,224,228
5134,13,1000,941,1000,1000,1000,941,true,2026-04-25,KvK #13,KvK #13,2026-04-26T23:06:12.337Z,2026-04-26T23:06:12.337Z,224,234
5135,13,1002,994,1002,994,1002,994,false,2026-04-25,KvK #13,KvK #13,2026-04-26T23:06:12.493Z,2026-04-26T23:06:12.493Z,223,224
5136,13,1003,996,1003,996,1003,996,false,2026-04-25,KvK #13,KvK #13,2026-04-26T23:06:12.653Z,2026-04-26T23:06:12.653Z,223,224
5137,13,1007,950,1007,1007,1007,950,true,2026-04-25,KvK #13,KvK #13,2026-04-26T23:06:12.820Z,2026-04-26T23:06:12.820Z,223,232
5138,13,1008,1157,1008,1008,1008,1157,true,2026-04-25,KvK #13,KvK #13,2026-04-26T23:06:12.975Z,2026-04-26T23:06:12.975Z,222,195
5139,13,1009,1021,1009,1021,1009,1021,false,2026-04-25,KvK #13,KvK #13,2026-04-26T23:06:13.129Z,2026-04-26T23:06:13.129Z,222,220
5140,13,1010,1056,1010,1010,1010,1056,true,2026-04-25,KvK #13,KvK #13,2026-04-26T23:06:13.296Z,2026-04-26T23:06:13.296Z,222,214
5141,13,1013,1106,1013,1106,1013,1106,false,2026-04-25,KvK #13,KvK #13,2026-04-26T23:06:13.459Z,2026-04-26T23:06:13.459Z,222,204
5142,13,1014,1093,1014,1014,1014,1093,true,2026-04-25,KvK #13,KvK #13,2026-04-26T23:06:13.612Z,2026-04-26T23:06:13.612Z,222,207
5143,13,1020,1102,1020,1020,1020,1102,true,2026-04-25,KvK #13,KvK #13,2026-04-26T23:06:13.776Z,2026-04-26T23:06:13.776Z,220,205
5144,13,1023,1011,1023,1023,1023,1011,true,2026-04-25,KvK #13,KvK #13,2026-04-26T23:06:13.936Z,2026-04-26T23:06:13.936Z,220,222
5145,13,1027,1066,1027,1027,1027,1066,true,2026-04-25,KvK #13,KvK #13,2026-04-26T23:06:14.090Z,2026-04-26T23:06:14.090Z,219,212
5146,13,1028,1076,1028,1028,1028,1076,true,2026-04-25,KvK #13,KvK #13,2026-04-26T23:06:14.248Z,2026-04-26T23:06:14.248Z,219,210
5147,13,1030,1072,1030,1072,1030,1072,false,2026-04-25,KvK #13,KvK #13,2026-04-26T23:06:14.409Z,2026-04-26T23:06:14.409Z,218,211
5148,13,1034,1124,1034,1124,1034,1124,false,2026-04-25,KvK #13,KvK #13,2026-04-26T23:06:14.577Z,2026-04-26T23:06:14.577Z,218,202
5149,13,1035,1075,1035,1035,1035,1075,true,2026-04-25,KvK #13,KvK #13,2026-04-26T23:06:14.734Z,2026-04-26T23:06:14.734Z,218,209
5150,13,1038,1016,1038,1038,1038,1016,true,2026-04-25,KvK #13,KvK #13,2026-04-26T23:06:14.889Z,2026-04-26T23:06:14.889Z,217,221
5151,13,1040,1111,1040,1040,1040,1111,true,2026-04-25,KvK #13,KvK #13,2026-04-26T23:06:15.041Z,2026-04-26T23:06:15.041Z,217,204
5152,13,1042,1029,1042,1029,1042,1029,false,2026-04-25,KvK #13,KvK #13,2026-04-26T23:06:15.196Z,2026-04-26T23:06:15.196Z,216,218
5153,13,1043,1048,1043,1048,1043,1048,false,2026-04-25,KvK #13,KvK #13,2026-04-26T23:06:15.351Z,2026-04-26T23:06:15.351Z,215,216
5154,13,1045,1078,1045,1045,1045,1078,true,2026-04-25,KvK #13,KvK #13,2026-04-26T23:06:15.505Z,2026-04-26T23:06:15.505Z,216,210
5155,13,1046,1068,1046,1068,1046,1068,false,2026-04-25,KvK #13,KvK #13,2026-04-26T23:06:15.661Z,2026-04-26T23:06:15.661Z,216,212
5156,13,1047,1026,1047,1047,1047,1026,true,2026-04-25,KvK #13,KvK #13,2026-04-26T23:06:15.819Z,2026-04-26T23:06:15.819Z,216,219
5157,13,1049,1036,1049,1036,1049,1036,false,2026-04-25,KvK #13,KvK #13,2026-04-26T23:06:15.984Z,2026-04-26T23:06:15.984Z,215,217
5158,13,1053,1054,1053,1053,1053,1054,true,2026-04-25,KvK #13,KvK #13,2026-04-26T23:06:16.139Z,2026-04-26T23:06:16.139Z,215,214
5159,13,1055,1019,1055,1055,1055,1019,true,2026-04-25,KvK #13,KvK #13,2026-04-26T23:06:16.296Z,2026-04-26T23:06:16.296Z,214,221
5160,13,1057,1044,1057,1057,1057,1044,true,2026-04-25,KvK #13,KvK #13,2026-04-26T23:06:16.453Z,2026-04-26T23:06:16.453Z,214,216
5161,13,1058,1097,1058,1097,1058,1097,false,2026-04-25,KvK #13,KvK #13,2026-04-26T23:06:16.610Z,2026-04-26T23:06:16.610Z,214,206
5162,13,1059,1081,1059,1059,1059,1081,true,2026-04-25,KvK #13,KvK #13,2026-04-26T23:06:16.764Z,2026-04-26T23:06:16.764Z,214,210
5163,13,1065,1037,1065,1065,1065,1037,true,2026-04-25,KvK #13,KvK #13,2026-04-26T23:06:16.922Z,2026-04-26T23:06:16.922Z,213,217
5164,13,1067,1039,1067,1067,1067,1039,true,2026-04-25,KvK #13,KvK #13,2026-04-26T23:06:17.083Z,2026-04-26T23:06:17.083Z,212,217
5165,13,1074,1063,1074,1063,1074,1063,false,2026-04-25,KvK #13,KvK #13,2026-04-26T23:06:17.246Z,2026-04-26T23:06:17.246Z,211,213
5166,13,1079,1116,1079,1079,1079,1116,true,2026-04-25,KvK #13,KvK #13,2026-04-26T23:06:17.410Z,2026-04-26T23:06:17.410Z,210,203
5167,13,1080,1017,1080,1080,1080,1017,true,2026-04-25,KvK #13,KvK #13,2026-04-26T23:06:17.568Z,2026-04-26T23:06:17.568Z,210,221
5168,13,1083,1077,1083,1083,1083,1077,true,2026-04-25,KvK #13,KvK #13,2026-04-26T23:06:17.722Z,2026-04-26T23:06:17.722Z,209,210
5169,13,1085,1126,1085,1085,1085,1126,true,2026-04-25,KvK #13,KvK #13,2026-04-26T23:06:17.878Z,2026-04-26T23:06:17.878Z,209,201
5170,13,1086,1071,1086,1086,1086,1071,true,2026-04-25,KvK #13,KvK #13,2026-04-26T23:06:18.038Z,2026-04-26T23:06:18.038Z,209,211
5171,13,1087,1025,1087,1025,1087,1025,false,2026-04-25,KvK #13,KvK #13,2026-04-26T23:06:18.204Z,2026-04-26T23:06:18.204Z,208,219
5172,13,1088,1060,1088,1088,1088,1060,true,2026-04-25,KvK #13,KvK #13,2026-04-26T23:06:18.363Z,2026-04-26T23:06:18.363Z,208,213
5173,13,1090,1012,1090,1012,1090,1012,false,2026-04-25,KvK #13,KvK #13,2026-04-26T23:06:18.515Z,2026-04-26T23:06:18.515Z,208,222
5174,13,1091,1135,1091,1091,1091,1135,true,2026-04-25,KvK #13,KvK #13,2026-04-26T23:06:18.669Z,2026-04-26T23:06:18.669Z,208,200
5175,13,1094,1032,1094,1032,1094,1032,false,2026-04-25,KvK #13,KvK #13,2026-04-26T23:06:18.824Z,2026-04-26T23:06:18.824Z,207,218
5176,13,1095,1024,1095,1095,1095,1024,true,2026-04-25,KvK #13,KvK #13,2026-04-26T23:06:18.980Z,2026-04-26T23:06:18.980Z,207,219
5177,13,1096,1129,1096,1129,1096,1129,false,2026-04-25,KvK #13,KvK #13,2026-04-26T23:06:19.137Z,2026-04-26T23:06:19.137Z,207,201
5178,13,1098,1103,1098,1103,1098,1103,false,2026-04-25,KvK #13,KvK #13,2026-04-26T23:06:19.291Z,2026-04-26T23:06:19.291Z,206,205
5179,13,1099,1064,1099,1064,1099,1064,false,2026-04-25,KvK #13,KvK #13,2026-04-26T23:06:19.459Z,2026-04-26T23:06:19.459Z,206,213
5180,13,1101,1119,1101,1119,1101,1119,false,2026-04-25,KvK #13,KvK #13,2026-04-26T23:06:19.679Z,2026-04-26T23:06:19.679Z,205,202
5181,13,1105,1100,1105,1100,1105,1100,false,2026-04-25,KvK #13,KvK #13,2026-04-26T23:06:19.838Z,2026-04-26T23:06:19.838Z,205,206
5182,13,1107,1082,1107,1107,1107,1082,true,2026-04-25,KvK #13,KvK #13,2026-04-26T23:06:19.997Z,2026-04-26T23:06:19.997Z,203,209
5183,13,1108,1144,1108,1108,1108,1144,true,2026-04-25,KvK #13,KvK #13,2026-04-26T23:06:20.152Z,2026-04-26T23:06:20.152Z,204,197
5184,13,1109,1092,1109,1109,1109,1092,true,2026-04-25,KvK #13,KvK #13,2026-04-26T23:06:20.305Z,2026-04-26T23:06:20.305Z,203,208
5185,13,1110,1062,1110,1110,1110,1062,true,2026-04-25,KvK #13,KvK #13,2026-04-26T23:06:20.465Z,2026-04-26T23:06:20.465Z,204,213
5186,13,1112,1084,1112,1112,1112,1084,true,2026-04-25,KvK #13,KvK #13,2026-04-26T23:06:20.621Z,2026-04-26T23:06:20.621Z,203,209
5187,13,1113,1117,1113,1113,1113,1117,true,2026-04-25,KvK #13,KvK #13,2026-04-26T23:06:20.778Z,2026-04-26T23:06:20.778Z,203,202
5188,13,1114,1127,1114,1127,1114,1127,false,2026-04-25,KvK #13,KvK #13,2026-04-26T23:06:20.933Z,2026-04-26T23:06:20.933Z,203,200
5189,13,1115,1137,1115,1115,1115,1137,true,2026-04-25,KvK #13,KvK #13,2026-04-26T23:06:21.091Z,2026-04-26T23:06:21.091Z,203,199
5190,13,1118,1136,1118,1118,1118,1136,true,2026-04-25,KvK #13,KvK #13,2026-04-26T23:06:21.242Z,2026-04-26T23:06:21.242Z,202,199
5191,13,1121,1061,1121,1121,1121,1061,true,2026-04-25,KvK #13,KvK #13,2026-04-26T23:06:21.399Z,2026-04-26T23:06:21.399Z,202,213
5192,13,1123,1022,1123,1022,1123,1022,false,2026-04-25,KvK #13,KvK #13,2026-04-26T23:06:21.575Z,2026-04-26T23:06:21.575Z,202,220
5193,13,1125,1015,1125,1015,1125,1015,false,2026-04-25,KvK #13,KvK #13,2026-04-26T23:06:21.739Z,2026-04-26T23:06:21.739Z,201,221
5194,13,1128,1041,1128,1128,1128,1041,true,2026-04-25,KvK #13,KvK #13,2026-04-26T23:06:21.895Z,2026-04-26T23:06:21.895Z,201,217
5195,13,1130,1153,1130,1130,1130,1153,true,2026-04-25,KvK #13,KvK #13,2026-04-26T23:06:22.049Z,2026-04-26T23:06:22.049Z,201,196
5196,13,1132,1051,1132,1051,1132,1051,false,2026-04-25,KvK #13,KvK #13,2026-04-26T23:06:22.206Z,2026-04-26T23:06:22.206Z,200,215
5197,13,1133,1069,1133,1133,1133,1069,true,2026-04-25,KvK #13,KvK #13,2026-04-26T23:06:22.380Z,2026-04-26T23:06:22.380Z,200,211
5198,13,1138,1050,1138,1050,1138,1050,false,2026-04-25,KvK #13,KvK #13,2026-04-26T23:06:23.820Z,2026-04-26T23:06:23.820Z,199,215
5199,13,1139,1122,1139,1139,1139,1122,true,2026-04-25,KvK #13,KvK #13,2026-04-26T23:06:23.988Z,2026-04-26T23:06:23.988Z,199,202
5200,13,1141,1140,1141,1141,1141,1140,true,2026-04-25,KvK #13,KvK #13,2026-04-26T23:06:24.146Z,2026-04-26T23:06:24.146Z,198,198
5201,13,1142,1033,1142,1142,1142,1033,true,2026-04-25,KvK #13,KvK #13,2026-04-26T23:06:24.301Z,2026-04-26T23:06:24.301Z,198,218
5202,13,1143,1031,1143,1143,1143,1031,true,2026-04-25,KvK #13,KvK #13,2026-04-26T23:06:24.457Z,2026-04-26T23:06:24.457Z,198,218
5203,13,1145,1018,1145,1018,1145,1018,false,2026-04-25,KvK #13,KvK #13,2026-04-26T23:06:24.614Z,2026-04-26T23:06:24.614Z,197,221
5204,13,1146,1104,1146,1146,1146,1104,true,2026-04-25,KvK #13,KvK #13,2026-04-26T23:06:24.771Z,2026-04-26T23:06:24.771Z,197,205
5205,13,1147,1152,1147,1147,1147,1152,true,2026-04-25,KvK #13,KvK #13,2026-04-26T23:06:24.926Z,2026-04-26T23:06:24.926Z,197,196
5206,13,1148,1134,1148,1148,1148,1134,true,2026-04-25,KvK #13,KvK #13,2026-04-26T23:06:25.080Z,2026-04-26T23:06:25.080Z,197,200
5207,13,1149,1156,1149,1149,1149,1156,true,2026-04-25,KvK #13,KvK #13,2026-04-26T23:06:25.236Z,2026-04-26T23:06:25.236Z,196,195
5208,13,1150,1120,1150,1120,1150,1120,false,2026-04-25,KvK #13,KvK #13,2026-04-26T23:06:25.391Z,2026-04-26T23:06:25.391Z,196,202
5209,13,1151,1089,1151,1089,1151,1089,false,2026-04-25,KvK #13,KvK #13,2026-04-26T23:06:25.558Z,2026-04-26T23:06:25.558Z,196,208
5210,13,1154,1070,1154,1070,1154,1070,false,2026-04-25,KvK #13,KvK #13,2026-04-26T23:06:25.713Z,2026-04-26T23:06:25.713Z,196,211
5211,13,1155,1052,1155,1155,1155,1052,true,2026-04-25,KvK #13,KvK #13,2026-04-26T23:06:25.866Z,2026-04-26T23:06:25.866Z,196,215
5212,13,1158,1131,1158,1158,1158,1131,true,2026-04-25,KvK #13,KvK #13,2026-04-26T23:06:26.024Z,2026-04-26T23:06:26.024Z,195,200
5213,13,1159,1073,1159,1159,1159,1073,true,2026-04-25,KvK #13,KvK #13,2026-04-26T23:06:26.180Z,2026-04-26T23:06:26.180Z,195,211
5214,13,1160,1168,1160,1168,1160,1168,false,2026-04-25,KvK #13,KvK #13,2026-04-26T23:06:26.338Z,2026-04-26T23:06:26.338Z,194,193
5215,13,1162,1213,1162,1213,1162,1213,false,2026-04-25,KvK #13,KvK #13,2026-04-26T23:06:26.495Z,2026-04-26T23:06:26.495Z,194,182
5216,13,1163,1219,1163,1219,1163,1219,false,2026-04-25,KvK #13,KvK #13,2026-04-26T23:06:26.652Z,2026-04-26T23:06:26.652Z,194,181
5217,13,1164,1187,1164,1164,1164,1187,true,2026-04-25,KvK #13,KvK #13,2026-04-26T23:06:26.808Z,2026-04-26T23:06:26.808Z,194,188
5218,13,1166,1161,1166,1161,1166,1161,false,2026-04-25,KvK #13,KvK #13,2026-04-26T23:06:26.962Z,2026-04-26T23:06:26.962Z,193,194
5219,13,1172,1199,1172,1172,1172,1199,true,2026-04-25,KvK #13,KvK #13,2026-04-26T23:06:27.116Z,2026-04-26T23:06:27.116Z,192,186
5220,13,1176,1204,1176,1204,1176,1204,false,2026-04-25,KvK #13,KvK #13,2026-04-26T23:06:27.273Z,2026-04-26T23:06:27.273Z,190,184
5221,13,1180,1183,1180,1183,1180,1183,false,2026-04-25,KvK #13,KvK #13,2026-04-26T23:06:27.429Z,2026-04-26T23:06:27.429Z,190,189
5222,13,1181,1169,1181,1169,1181,1169,false,2026-04-25,KvK #13,KvK #13,2026-04-26T23:06:27.585Z,2026-04-26T23:06:27.585Z,189,192
5223,13,1182,1167,1182,1167,1182,1167,false,2026-04-25,KvK #13,KvK #13,2026-04-26T23:06:27.744Z,2026-04-26T23:06:27.744Z,189,193
5224,13,1185,1175,1185,1175,1185,1175,false,2026-04-25,KvK #13,KvK #13,2026-04-26T23:06:27.898Z,2026-04-26T23:06:27.898Z,188,191
5225,13,1188,1198,1188,1188,1188,1198,true,2026-04-25,KvK #13,KvK #13,2026-04-26T23:06:28.056Z,2026-04-26T23:06:28.056Z,188,186
5226,13,1189,1174,1189,1174,1189,1174,false,2026-04-25,KvK #13,KvK #13,2026-04-26T23:06:28.213Z,2026-04-26T23:06:28.213Z,188,191
5227,13,1190,1207,1190,1190,1190,1207,true,2026-04-25,KvK #13,KvK #13,2026-04-26T23:06:28.380Z,2026-04-26T23:06:28.380Z,188,183
5228,13,1191,1197,1191,1191,1191,1197,true,2026-04-25,KvK #13,KvK #13,2026-04-26T23:06:28.536Z,2026-04-26T23:06:28.536Z,186,186
5229,13,1192,1205,1192,1205,1192,1205,false,2026-04-25,KvK #13,KvK #13,2026-04-26T23:06:28.707Z,2026-04-26T23:06:28.707Z,187,184
5230,13,1193,1179,1193,1193,1193,1179,true,2026-04-25,KvK #13,KvK #13,2026-04-26T23:06:28.873Z,2026-04-26T23:06:28.873Z,187,190
5231,13,1194,1200,1194,1200,1194,1200,false,2026-04-25,KvK #13,KvK #13,2026-04-26T23:06:29.026Z,2026-04-26T23:06:29.026Z,187,184
5232,13,1195,1171,1195,1195,1195,1171,true,2026-04-25,KvK #13,KvK #13,2026-04-26T23:06:29.180Z,2026-04-26T23:06:29.180Z,187,192
5233,13,1201,1178,1201,1178,1201,1178,false,2026-04-25,KvK #13,KvK #13,2026-04-26T23:06:29.334Z,2026-04-26T23:06:29.334Z,185,190
5234,13,1203,1184,1203,1184,1203,1184,false,2026-04-25,KvK #13,KvK #13,2026-04-26T23:06:29.487Z,2026-04-26T23:06:29.487Z,184,189
5235,13,1206,1208,1206,1206,1206,1208,true,2026-04-25,KvK #13,KvK #13,2026-04-26T23:06:29.640Z,2026-04-26T23:06:29.640Z,184,183
5236,13,1209,1173,1209,1173,1209,1173,false,2026-04-25,KvK #13,KvK #13,2026-04-26T23:06:29.795Z,2026-04-26T23:06:29.795Z,183,191
5237,13,1210,1186,1210,1210,1210,1186,true,2026-04-25,KvK #13,KvK #13,2026-04-26T23:06:29.951Z,2026-04-26T23:06:29.951Z,183,188
5238,13,1211,1170,1211,1170,1211,1170,false,2026-04-25,KvK #13,KvK #13,2026-04-26T23:06:30.118Z,2026-04-26T23:06:30.118Z,183,192
5239,13,1214,1212,1214,1214,1214,1212,true,2026-04-25,KvK #13,KvK #13,2026-04-26T23:06:30.274Z,2026-04-26T23:06:30.274Z,182,182
5240,13,1215,1202,1215,1215,1215,1202,true,2026-04-25,KvK #13,KvK #13,2026-04-26T23:06:30.430Z,2026-04-26T23:06:30.430Z,182,185
5241,13,1216,1196,1216,1216,1216,1196,true,2026-04-25,KvK #13,KvK #13,2026-04-26T23:06:30.583Z,2026-04-26T23:06:30.583Z,181,186
5242,13,1217,1165,1217,1217,1217,1165,true,2026-04-25,KvK #13,KvK #13,2026-04-26T23:06:30.739Z,2026-04-26T23:06:30.739Z,181,192
5243,13,1220,1218,1220,1218,1220,1218,false,2026-04-25,KvK #13,KvK #13,2026-04-26T23:06:30.906Z,2026-04-26T23:06:30.906Z,181,181
5244,13,1221,1177,1221,1221,1221,1177,true,2026-04-25,KvK #13,KvK #13,2026-04-26T23:06:31.065Z,2026-04-26T23:06:31.065Z,181,190
5245,13,1222,1276,1222,1222,1222,1276,true,2026-04-25,KvK #13,KvK #13,2026-04-26T23:06:31.220Z,2026-04-26T23:06:31.220Z,180,166
5246,13,1226,1228,1226,1226,1226,1228,true,2026-04-25,KvK #13,KvK #13,2026-04-26T23:06:31.375Z,2026-04-26T23:06:31.375Z,179,177
5247,13,1230,1247,1230,1247,1230,1247,false,2026-04-25,KvK #13,KvK #13,2026-04-26T23:06:31.530Z,2026-04-26T23:06:31.530Z,177,173
5248,13,1231,1264,1231,1264,1231,1264,false,2026-04-25,KvK #13,KvK #13,2026-04-26T23:06:31.683Z,2026-04-26T23:06:31.683Z,177,168
5249,13,1233,1239,1233,1233,1233,1239,true,2026-04-25,KvK #13,KvK #13,2026-04-26T23:06:31.847Z,2026-04-26T23:06:31.847Z,176,174
5250,13,1236,1235,1236,1235,1236,1235,false,2026-04-25,KvK #13,KvK #13,2026-04-26T23:06:32.013Z,2026-04-26T23:06:32.013Z,175,175
5251,13,1237,1261,1237,1237,1237,1261,true,2026-04-25,KvK #13,KvK #13,2026-04-26T23:06:32.180Z,2026-04-26T23:06:32.180Z,175,169
5252,13,1240,1225,1240,1240,1240,1225,true,2026-04-25,KvK #13,KvK #13,2026-04-26T23:06:32.351Z,2026-04-26T23:06:32.351Z,174,179
5253,13,1243,1241,1243,1241,1243,1241,false,2026-04-25,KvK #13,KvK #13,2026-04-26T23:06:32.505Z,2026-04-26T23:06:32.505Z,173,174
5254,13,1244,1266,1244,1244,1244,1266,true,2026-04-25,KvK #13,KvK #13,2026-04-26T23:06:32.710Z,2026-04-26T23:06:32.710Z,173,168
5255,13,1245,1250,1245,1245,1245,1250,true,2026-04-25,KvK #13,KvK #13,2026-04-26T23:06:32.879Z,2026-04-26T23:06:32.879Z,173,172
5256,13,1246,1232,1246,1232,1246,1232,false,2026-04-25,KvK #13,KvK #13,2026-04-26T23:06:33.079Z,2026-04-26T23:06:33.079Z,173,176
5257,13,1248,1249,1248,1248,1248,1249,true,2026-04-25,KvK #13,KvK #13,2026-04-26T23:06:33.249Z,2026-04-26T23:06:33.249Z,172,172
5258,13,1251,1270,1251,1251,1251,1270,true,2026-04-25,KvK #13,KvK #13,2026-04-26T23:06:33.402Z,2026-04-26T23:06:33.402Z,172,167
5259,13,1252,1277,1252,1252,1252,1277,true,2026-04-25,KvK #13,KvK #13,2026-04-26T23:06:33.564Z,2026-04-26T23:06:33.564Z,172,166
5260,13,1254,1268,1254,1268,1254,1268,false,2026-04-25,KvK #13,KvK #13,2026-04-26T23:06:33.724Z,2026-04-26T23:06:33.724Z,171,167
5261,13,1256,1227,1256,1256,1256,1227,true,2026-04-25,KvK #13,KvK #13,2026-04-26T23:06:33.899Z,2026-04-26T23:06:33.899Z,170,179
5262,13,1258,1238,1258,1238,1258,1238,false,2026-04-25,KvK #13,KvK #13,2026-04-26T23:06:34.063Z,2026-04-26T23:06:34.063Z,170,174
5263,13,1259,1234,1259,1259,1259,1234,true,2026-04-25,KvK #13,KvK #13,2026-04-26T23:06:34.219Z,2026-04-26T23:06:34.219Z,170,176
5264,13,1260,1229,1260,1260,1260,1229,true,2026-04-25,KvK #13,KvK #13,2026-04-26T23:06:34.381Z,2026-04-26T23:06:34.381Z,170,178
5265,13,1263,1262,1263,1262,1263,1262,false,2026-04-25,KvK #13,KvK #13,2026-04-26T23:06:34.545Z,2026-04-26T23:06:34.545Z,169,169
5266,13,1267,1242,1267,1267,1267,1242,true,2026-04-25,KvK #13,KvK #13,2026-04-26T23:06:34.699Z,2026-04-26T23:06:34.699Z,168,177
5267,13,1269,1223,1269,1269,1269,1223,true,2026-04-25,KvK #13,KvK #13,2026-04-26T23:06:34.852Z,2026-04-26T23:06:34.852Z,167,179
5268,13,1271,1253,1271,1271,1271,1253,true,2026-04-25,KvK #13,KvK #13,2026-04-26T23:06:35.010Z,2026-04-26T23:06:35.010Z,167,171
5269,13,1272,1265,1272,1272,1272,1265,true,2026-04-25,KvK #13,KvK #13,2026-04-26T23:06:35.176Z,2026-04-26T23:06:35.176Z,167,168
5270,13,1273,1257,1273,1273,1273,1257,true,2026-04-25,KvK #13,KvK #13,2026-04-26T23:06:35.331Z,2026-04-26T23:06:35.331Z,166,170
5271,13,1274,1224,1274,1274,1274,1224,true,2026-04-25,KvK #13,KvK #13,2026-04-26T23:06:35.488Z,2026-04-26T23:06:35.488Z,166,179
5272,13,1275,1255,1275,1275,1275,1255,true,2026-04-25,KvK #13,KvK #13,2026-04-26T23:06:35.655Z,2026-04-26T23:06:35.655Z,166,171
5273,13,1280,1315,1280,1315,1280,1315,false,2026-04-25,KvK #13,KvK #13,2026-04-26T23:06:35.811Z,2026-04-26T23:06:35.811Z,165,156
5274,13,1281,1298,1281,1281,1281,1298,true,2026-04-25,KvK #13,KvK #13,2026-04-26T23:06:35.978Z,2026-04-26T23:06:35.978Z,165,160
5275,13,1282,1311,1282,1282,1282,1311,true,2026-04-25,KvK #13,KvK #13,2026-04-26T23:06:36.134Z,2026-04-26T23:06:36.134Z,165,157
5276,13,1284,1293,1284,1284,1284,1293,true,2026-04-25,KvK #13,KvK #13,2026-04-26T23:06:36.301Z,2026-04-26T23:06:36.301Z,164,161
5277,13,1285,1297,1285,1285,1285,1297,true,2026-04-25,KvK #13,KvK #13,2026-04-26T23:06:36.458Z,2026-04-26T23:06:36.458Z,164,160
5278,13,1286,1327,1286,1286,1286,1327,true,2026-04-25,KvK #13,KvK #13,2026-04-26T23:06:36.612Z,2026-04-26T23:06:36.612Z,163,153
5279,13,1290,1330,1290,1290,1290,1330,true,2026-04-25,KvK #13,KvK #13,2026-04-26T23:06:36.766Z,2026-04-26T23:06:36.766Z,162,152
5280,13,1291,1310,1291,1291,1291,1310,true,2026-04-25,KvK #13,KvK #13,2026-04-26T23:06:36.927Z,2026-04-26T23:06:36.927Z,162,157
5281,13,1294,1279,1294,1294,1294,1279,true,2026-04-25,KvK #13,KvK #13,2026-04-26T23:06:37.079Z,2026-04-26T23:06:37.079Z,161,165
5282,13,1296,1283,1296,1296,1296,1283,true,2026-04-25,KvK #13,KvK #13,2026-04-26T23:06:37.237Z,2026-04-26T23:06:37.237Z,160,164
5283,13,1301,1299,1301,1301,1301,1299,true,2026-04-25,KvK #13,KvK #13,2026-04-26T23:06:37.389Z,2026-04-26T23:06:37.389Z,159,160
5284,13,1303,1278,1303,1303,1303,1278,true,2026-04-25,KvK #13,KvK #13,2026-04-26T23:06:37.543Z,2026-04-26T23:06:37.543Z,159,165
5285,13,1305,1287,1305,1287,1305,1287,false,2026-04-25,KvK #13,KvK #13,2026-04-26T23:06:37.699Z,2026-04-26T23:06:37.699Z,158,163
5286,13,1306,1289,1306,1306,1306,1289,true,2026-04-25,KvK #13,KvK #13,2026-04-26T23:06:37.893Z,2026-04-26T23:06:37.893Z,158,163
5287,13,1307,1317,1307,1307,1307,1317,true,2026-04-25,KvK #13,KvK #13,2026-04-26T23:06:38.056Z,2026-04-26T23:06:38.056Z,158,155
5288,13,1308,1295,1308,1308,1308,1295,true,2026-04-25,KvK #13,KvK #13,2026-04-26T23:06:38.210Z,2026-04-26T23:06:38.210Z,158,161
5289,13,1309,1318,1309,1309,1309,1318,true,2026-04-25,KvK #13,KvK #13,2026-04-26T23:06:38.371Z,2026-04-26T23:06:38.371Z,157,155
5290,13,1312,1292,1312,1312,1312,1292,true,2026-04-25,KvK #13,KvK #13,2026-04-26T23:06:38.536Z,2026-04-26T23:06:38.536Z,157,162
5291,13,1313,1324,1313,1324,1313,1324,false,2026-04-25,KvK #13,KvK #13,2026-04-26T23:06:38.704Z,2026-04-26T23:06:38.704Z,157,153
5292,13,1316,1323,1316,1323,1316,1323,false,2026-04-25,KvK #13,KvK #13,2026-04-26T23:06:38.860Z,2026-04-26T23:06:38.860Z,156,153
5293,13,1319,1300,1319,1319,1319,1300,true,2026-04-25,KvK #13,KvK #13,2026-04-26T23:06:39.015Z,2026-04-26T23:06:39.015Z,155,160
5294,13,1321,1314,1321,1314,1321,1314,false,2026-04-25,KvK #13,KvK #13,2026-04-26T23:06:39.169Z,2026-04-26T23:06:39.169Z,154,156
5295,13,1322,1304,1322,1322,1322,1304,true,2026-04-25,KvK #13,KvK #13,2026-04-26T23:06:39.324Z,2026-04-26T23:06:39.324Z,154,159
5296,13,1326,1320,1326,1320,1326,1320,false,2026-04-25,KvK #13,KvK #13,2026-04-26T23:06:39.480Z,2026-04-26T23:06:39.480Z,153,154
5297,13,1328,1325,1328,1325,1328,1325,false,2026-04-25,KvK #13,KvK #13,2026-04-26T23:06:39.635Z,2026-04-26T23:06:39.635Z,152,153
5298,13,1329,1302,1329,1329,1329,1302,true,2026-04-25,KvK #13,KvK #13,2026-04-26T23:06:39.793Z,2026-04-26T23:06:39.793Z,152,159
5299,13,1331,1288,1331,1331,1331,1288,true,2026-04-25,KvK #13,KvK #13,2026-04-26T23:06:39.945Z,2026-04-26T23:06:39.945Z,152,163
5300,13,1337,1354,1337,1337,1337,1354,true,2026-04-25,KvK #13,KvK #13,2026-04-26T23:06:40.104Z,2026-04-26T23:06:40.104Z,150,145
5301,13,1339,1353,1339,1339,1339,1353,true,2026-04-25,KvK #13,KvK #13,2026-04-26T23:06:40.257Z,2026-04-26T23:06:40.257Z,150,145
5302,13,1340,1342,1340,1342,1340,1342,false,2026-04-25,KvK #13,KvK #13,2026-04-26T23:06:40.412Z,2026-04-26T23:06:40.412Z,149,149
5303,13,1341,1361,1341,1341,1341,1361,true,2026-04-25,KvK #13,KvK #13,2026-04-26T23:06:40.567Z,2026-04-26T23:06:40.567Z,149,143
5304,13,1343,1336,1343,1336,1343,1336,false,2026-04-25,KvK #13,KvK #13,2026-04-26T23:06:40.723Z,2026-04-26T23:06:40.723Z,149,151
5305,13,1344,1333,1344,1344,1344,1333,true,2026-04-25,KvK #13,KvK #13,2026-04-26T23:06:40.903Z,2026-04-26T23:06:40.903Z,148,151
5306,13,1347,1369,1347,1347,1347,1369,true,2026-04-25,KvK #13,KvK #13,2026-04-26T23:06:41.094Z,2026-04-26T23:06:41.094Z,147,141
5307,13,1348,1352,1348,1348,1348,1352,true,2026-04-25,KvK #13,KvK #13,2026-04-26T23:06:41.269Z,2026-04-26T23:06:41.269Z,147,146
5308,13,1349,1355,1349,1355,1349,1355,false,2026-04-25,KvK #13,KvK #13,2026-04-26T23:06:41.424Z,2026-04-26T23:06:41.424Z,147,145
5309,13,1351,1359,1351,1359,1351,1359,false,2026-04-25,KvK #13,KvK #13,2026-04-26T23:06:41.581Z,2026-04-26T23:06:41.581Z,146,144
5310,13,1356,1377,1356,1377,1356,1377,false,2026-04-25,KvK #13,KvK #13,2026-04-26T23:06:41.737Z,2026-04-26T23:06:41.737Z,145,139
5311,13,1357,1350,1357,1357,1357,1350,true,2026-04-25,KvK #13,KvK #13,2026-04-26T23:06:41.895Z,2026-04-26T23:06:41.895Z,145,146
5312,13,1358,1338,1358,1358,1358,1338,true,2026-04-25,KvK #13,KvK #13,2026-04-26T23:06:42.060Z,2026-04-26T23:06:42.060Z,144,150
5313,13,1360,1332,1360,1360,1360,1332,true,2026-04-25,KvK #13,KvK #13,2026-04-26T23:06:42.222Z,2026-04-26T23:06:42.222Z,144,151
5314,13,1362,1364,1362,1362,1362,1364,true,2026-04-25,KvK #13,KvK #13,2026-04-26T23:06:43.578Z,2026-04-26T23:06:43.578Z,143,142
5315,13,1363,1334,1363,1334,1363,1334,false,2026-04-25,KvK #13,KvK #13,2026-04-26T23:06:43.747Z,2026-04-26T23:06:43.747Z,143,151
5316,13,1365,1345,1365,1345,1365,1345,false,2026-04-25,KvK #13,KvK #13,2026-04-26T23:06:43.906Z,2026-04-26T23:06:43.906Z,142,148
5317,13,1367,1335,1367,1367,1367,1335,true,2026-04-25,KvK #13,KvK #13,2026-04-26T23:06:44.072Z,2026-04-26T23:06:44.072Z,142,151
5318,13,1368,1372,1368,1368,1368,1372,true,2026-04-25,KvK #13,KvK #13,2026-04-26T23:06:44.227Z,2026-04-26T23:06:44.227Z,141,140
5319,13,1371,1370,1371,1370,1371,1370,false,2026-04-25,KvK #13,KvK #13,2026-04-26T23:06:44.382Z,2026-04-26T23:06:44.382Z,140,141
5320,13,1373,1380,1373,1380,1373,1380,false,2026-04-25,KvK #13,KvK #13,2026-04-26T23:06:44.567Z,2026-04-26T23:06:44.567Z,140,138
5321,13,1374,1379,1374,1379,1374,1379,false,2026-04-25,KvK #13,KvK #13,2026-04-26T23:06:44.759Z,2026-04-26T23:06:44.759Z,139,138
5322,13,1375,1378,1375,1375,1375,1378,true,2026-04-25,KvK #13,KvK #13,2026-04-26T23:06:44.912Z,2026-04-26T23:06:44.912Z,139,138
5323,13,1376,1366,1376,1376,1376,1366,true,2026-04-25,KvK #13,KvK #13,2026-04-26T23:06:45.067Z,2026-04-26T23:06:45.067Z,139,142
5324,13,1381,1346,1381,1381,1381,1346,true,2026-04-25,KvK #13,KvK #13,2026-04-26T23:06:45.221Z,2026-04-26T23:06:45.221Z,138,148
5325,13,1386,1382,1386,1386,1386,1382,true,2026-04-25,KvK #13,KvK #13,2026-04-26T23:06:45.377Z,2026-04-26T23:06:45.377Z,136,137
5326,13,1389,1403,1389,1403,1389,1403,false,2026-04-25,KvK #13,KvK #13,2026-04-26T23:06:45.543Z,2026-04-26T23:06:45.543Z,135,131
5327,13,1390,1397,1390,1397,1390,1397,false,2026-04-25,KvK #13,KvK #13,2026-04-26T23:06:45.704Z,2026-04-26T23:06:45.704Z,135,132
5328,13,1391,1387,1391,1391,1391,1387,true,2026-04-25,KvK #13,KvK #13,2026-04-26T23:06:45.860Z,2026-04-26T23:06:45.860Z,135,136
5329,13,1392,1402,1392,1402,1392,1402,false,2026-04-25,KvK #13,KvK #13,2026-04-26T23:06:46.015Z,2026-04-26T23:06:46.015Z,134,131
5330,13,1394,1384,1394,1384,1394,1384,false,2026-04-25,KvK #13,KvK #13,2026-04-26T23:06:46.187Z,2026-04-26T23:06:46.187Z,133,137
5331,13,1396,1383,1396,1396,1396,1383,true,2026-04-25,KvK #13,KvK #13,2026-04-26T23:06:46.340Z,2026-04-26T23:06:46.340Z,133,137
5332,13,1398,1388,1398,1398,1398,1388,true,2026-04-25,KvK #13,KvK #13,2026-04-26T23:06:46.496Z,2026-04-26T23:06:46.496Z,132,135
5333,13,1399,1393,1399,1393,1399,1393,false,2026-04-25,KvK #13,KvK #13,2026-04-26T23:06:46.650Z,2026-04-26T23:06:46.650Z,132,134
5334,13,1400,1385,1400,1400,1400,1385,true,2026-04-25,KvK #13,KvK #13,2026-04-26T23:06:46.809Z,2026-04-26T23:06:46.809Z,132,137
5335,13,1401,1395,1401,1401,1401,1395,true,2026-04-25,KvK #13,KvK #13,2026-04-26T23:06:46.962Z,2026-04-26T23:06:46.962Z,131,133
5336,13,1404,1410,1404,1404,1404,1410,true,2026-04-25,KvK #13,KvK #13,2026-04-26T23:06:47.116Z,2026-04-26T23:06:47.116Z,130,129
5337,13,1405,1420,1405,1420,1405,1420,false,2026-04-25,KvK #13,KvK #13,2026-04-26T23:06:47.270Z,2026-04-26T23:06:47.270Z,130,125
5338,13,1406,1421,1406,1406,1406,1421,true,2026-04-25,KvK #13,KvK #13,2026-04-26T23:06:47.425Z,2026-04-26T23:06:47.425Z,130,125
5339,13,1409,1424,1409,1424,1409,1424,false,2026-04-25,KvK #13,KvK #13,2026-04-26T23:06:47.579Z,2026-04-26T23:06:47.579Z,129,124
5340,13,1413,1415,1413,1413,1413,1415,true,2026-04-25,KvK #13,KvK #13,2026-04-26T23:06:47.732Z,2026-04-26T23:06:47.732Z,128,127
5341,13,1414,1411,1414,1414,1414,1411,true,2026-04-25,KvK #13,KvK #13,2026-04-26T23:06:47.885Z,2026-04-26T23:06:47.885Z,127,128
5342,13,1416,1417,1416,1416,1416,1417,true,2026-04-25,KvK #13,KvK #13,2026-04-26T23:06:48.039Z,2026-04-26T23:06:48.039Z,126,126
5343,13,1419,1425,1419,1419,1419,1425,true,2026-04-25,KvK #13,KvK #13,2026-04-26T23:06:48.207Z,2026-04-26T23:06:48.207Z,125,124
5344,13,1422,1418,1422,1422,1422,1418,true,2026-04-25,KvK #13,KvK #13,2026-04-26T23:06:48.372Z,2026-04-26T23:06:48.372Z,125,125
5345,13,1423,1412,1423,1412,1423,1412,false,2026-04-25,KvK #13,KvK #13,2026-04-26T23:06:48.527Z,2026-04-26T23:06:48.527Z,124,128
5346,13,1426,1407,1426,1426,1426,1407,true,2026-04-25,KvK #13,KvK #13,2026-04-26T23:06:48.682Z,2026-04-26T23:06:48.682Z,124,129
5347,13,1427,1437,1427,1437,1427,1437,false,2026-04-25,KvK #13,KvK #13,2026-04-26T23:06:48.842Z,2026-04-26T23:06:48.842Z,123,121
5348,13,1428,1454,1428,1428,1428,1454,true,2026-04-25,KvK #13,KvK #13,2026-04-26T23:06:48.993Z,2026-04-26T23:06:48.993Z,123,117
5349,13,1430,1431,1430,1431,1430,1431,false,2026-04-25,KvK #13,KvK #13,2026-04-26T23:06:49.149Z,2026-04-26T23:06:49.149Z,123,122
5350,13,1433,1452,1433,1433,1433,1452,true,2026-04-25,KvK #13,KvK #13,2026-04-26T23:06:49.304Z,2026-04-26T23:06:49.304Z,122,118
5351,13,1434,1448,1434,1434,1434,1448,true,2026-04-25,KvK #13,KvK #13,2026-04-26T23:06:49.463Z,2026-04-26T23:06:49.463Z,121,118
5352,13,1435,1436,1435,1435,1435,1436,true,2026-04-25,KvK #13,KvK #13,2026-04-26T23:06:49.633Z,2026-04-26T23:06:49.633Z,121,121
5353,13,1439,1450,1439,1439,1439,1450,true,2026-04-25,KvK #13,KvK #13,2026-04-26T23:06:49.799Z,2026-04-26T23:06:49.799Z,120,118
5354,13,1440,1438,1440,1440,1440,1438,true,2026-04-25,KvK #13,KvK #13,2026-04-26T23:06:49.957Z,2026-04-26T23:06:49.957Z,120,121
5355,13,1441,1432,1441,1441,1441,1432,true,2026-04-25,KvK #13,KvK #13,2026-04-26T23:06:50.113Z,2026-04-26T23:06:50.113Z,120,122
5356,13,1442,1445,1442,1445,1442,1445,false,2026-04-25,KvK #13,KvK #13,2026-04-26T23:06:50.269Z,2026-04-26T23:06:50.269Z,120,119
5357,13,1443,1429,1443,1429,1443,1429,false,2026-04-25,KvK #13,KvK #13,2026-04-26T23:06:50.424Z,2026-04-26T23:06:50.424Z,119,123
5358,13,1444,1446,1444,1446,1444,1446,false,2026-04-25,KvK #13,KvK #13,2026-04-26T23:06:50.579Z,2026-04-26T23:06:50.579Z,119,119
5359,13,1449,1456,1449,1456,1449,1456,false,2026-04-25,KvK #13,KvK #13,2026-04-26T23:06:50.733Z,2026-04-26T23:06:50.733Z,118,117
5360,13,1453,1447,1453,1453,1453,1447,true,2026-04-25,KvK #13,KvK #13,2026-04-26T23:06:50.889Z,2026-04-26T23:06:50.889Z,117,118
5361,13,1455,1451,1455,1455,1455,1451,true,2026-04-25,KvK #13,KvK #13,2026-04-26T23:06:51.044Z,2026-04-26T23:06:51.044Z,117,118
5362,13,1457,1458,1457,1457,1457,1458,true,2026-04-25,KvK #13,KvK #13,2026-04-26T23:06:51.199Z,2026-04-26T23:06:51.199Z,117,117
5363,13,1459,1469,1459,1459,1459,1469,true,2026-04-25,KvK #13,KvK #13,2026-04-26T23:06:51.360Z,2026-04-26T23:06:51.360Z,116,115
5364,13,1461,1462,1461,1461,1461,1462,true,2026-04-25,KvK #13,KvK #13,2026-04-26T23:06:51.526Z,2026-04-26T23:06:51.526Z,116,116
5365,13,1465,1488,1465,1465,1465,1488,true,2026-04-25,KvK #13,KvK #13,2026-04-26T23:06:51.682Z,2026-04-26T23:06:51.682Z,116,112
5366,13,1466,1490,1466,1466,1466,1490,true,2026-04-25,KvK #13,KvK #13,2026-04-26T23:06:51.837Z,2026-04-26T23:06:51.837Z,115,111
5367,13,1468,1495,1468,1495,1468,1495,false,2026-04-25,KvK #13,KvK #13,2026-04-26T23:06:51.991Z,2026-04-26T23:06:51.991Z,115,111
5368,13,1470,1474,1470,1470,1470,1474,true,2026-04-25,KvK #13,KvK #13,2026-04-26T23:06:52.146Z,2026-04-26T23:06:52.146Z,115,114
5369,13,1471,1467,1471,1467,1471,1467,false,2026-04-25,KvK #13,KvK #13,2026-04-26T23:06:52.299Z,2026-04-26T23:06:52.299Z,115,115
5370,13,1478,1498,1478,1478,1478,1498,true,2026-04-25,KvK #13,KvK #13,2026-04-26T23:06:52.453Z,2026-04-26T23:06:52.453Z,113,110
5371,13,1481,1464,1481,1464,1481,1464,false,2026-04-25,KvK #13,KvK #13,2026-04-26T23:06:52.608Z,2026-04-26T23:06:52.608Z,113,116
5372,13,1483,1463,1483,1463,1483,1463,false,2026-04-25,KvK #13,KvK #13,2026-04-26T23:06:52.767Z,2026-04-26T23:06:52.767Z,113,116
5373,13,1485,1493,1485,1493,1485,1493,false,2026-04-25,KvK #13,KvK #13,2026-04-26T23:06:54.153Z,2026-04-26T23:06:54.153Z,112,111
5374,13,1486,1477,1486,1486,1486,1477,true,2026-04-25,KvK #13,KvK #13,2026-04-26T23:06:54.327Z,2026-04-26T23:06:54.327Z,112,114
5375,13,1487,1473,1487,1487,1487,1473,true,2026-04-25,KvK #13,KvK #13,2026-04-26T23:06:54.491Z,2026-04-26T23:06:54.491Z,112,114
5376,13,1489,1484,1489,1489,1489,1484,true,2026-04-25,KvK #13,KvK #13,2026-04-26T23:06:54.643Z,2026-04-26T23:06:54.643Z,112,112
5377,13,1491,1472,1491,1491,1491,1472,true,2026-04-25,KvK #13,KvK #13,2026-04-26T23:06:54.799Z,2026-04-26T23:06:54.799Z,111,114
5378,13,1494,1475,1494,1475,1494,1475,false,2026-04-25,KvK #13,KvK #13,2026-04-26T23:06:54.960Z,2026-04-26T23:06:54.960Z,111,114
5379,13,1496,1476,1496,1496,1496,1476,true,2026-04-25,KvK #13,KvK #13,2026-04-26T23:06:55.123Z,2026-04-26T23:06:55.123Z,111,114
5380,13,1497,1480,1497,1497,1497,1480,true,2026-04-25,KvK #13,KvK #13,2026-04-26T23:06:55.278Z,2026-04-26T23:06:55.278Z,110,113
5381,13,1499,1460,1499,1460,1499,1460,false,2026-04-25,KvK #13,KvK #13,2026-04-26T23:06:55.436Z,2026-04-26T23:06:55.436Z,110,116
5382,13,1500,1482,1500,1500,1500,1482,true,2026-04-25,KvK #13,KvK #13,2026-04-26T23:06:55.603Z,2026-04-26T23:06:55.603Z,110,113
5383,13,1501,1492,1501,1501,1501,1492,true,2026-04-25,KvK #13,KvK #13,2026-04-26T23:06:55.774Z,2026-04-26T23:06:55.774Z,110,111
5384,13,1502,1479,1502,1479,1502,1479,false,2026-04-25,KvK #13,KvK #13,2026-04-26T23:06:55.927Z,2026-04-26T23:06:55.927Z,110,113
5385,13,1508,1521,1508,1508,1508,1521,true,2026-04-25,KvK #13,KvK #13,2026-04-26T23:06:56.082Z,2026-04-26T23:06:56.082Z,108,105
5386,13,1509,1505,1509,1509,1509,1505,true,2026-04-25,KvK #13,KvK #13,2026-04-26T23:06:56.252Z,2026-04-26T23:06:56.252Z,108,109
5387,13,1510,1531,1510,1510,1510,1531,true,2026-04-25,KvK #13,KvK #13,2026-04-26T23:06:56.420Z,2026-04-26T23:06:56.420Z,108,103
5388,13,1512,1524,1512,1512,1512,1524,true,2026-04-25,KvK #13,KvK #13,2026-04-26T23:06:56.581Z,2026-04-26T23:06:56.581Z,107,104
5389,13,1513,1503,1513,1513,1513,1503,true,2026-04-25,KvK #13,KvK #13,2026-04-26T23:06:56.750Z,2026-04-26T23:06:56.750Z,107,109
5390,13,1514,1511,1514,1514,1514,1511,true,2026-04-25,KvK #13,KvK #13,2026-04-26T23:06:56.917Z,2026-04-26T23:06:56.917Z,107,108
5391,13,1516,1506,1516,1516,1516,1506,true,2026-04-25,KvK #13,KvK #13,2026-04-26T23:06:57.077Z,2026-04-26T23:06:57.077Z,107,109
5392,13,1517,1504,1517,1517,1517,1504,true,2026-04-25,KvK #13,KvK #13,2026-04-26T23:06:57.230Z,2026-04-26T23:06:57.230Z,106,109
5393,13,1518,1515,1518,1518,1518,1515,true,2026-04-25,KvK #13,KvK #13,2026-04-26T23:06:57.387Z,2026-04-26T23:06:57.387Z,106,107
5394,13,1523,1525,1523,1523,1523,1525,true,2026-04-25,KvK #13,KvK #13,2026-04-26T23:06:57.545Z,2026-04-26T23:06:57.545Z,104,104
5395,13,1527,1520,1527,1527,1527,1520,true,2026-04-25,KvK #13,KvK #13,2026-04-26T23:06:57.703Z,2026-04-26T23:06:57.703Z,103,105
5396,13,1528,1507,1528,1528,1528,1507,true,2026-04-25,KvK #13,KvK #13,2026-04-26T23:06:57.855Z,2026-04-26T23:06:57.855Z,103,109
5397,13,1529,1526,1529,1529,1529,1526,true,2026-04-25,KvK #13,KvK #13,2026-04-26T23:06:58.013Z,2026-04-26T23:06:58.013Z,103,104
5398,13,1530,1522,1530,1530,1530,1522,true,2026-04-25,KvK #13,KvK #13,2026-04-26T23:06:58.169Z,2026-04-26T23:06:58.169Z,103,104
5399,13,1534,1538,1534,1534,1534,1538,true,2026-04-25,KvK #13,KvK #13,2026-04-26T23:06:58.324Z,2026-04-26T23:06:58.324Z,102,101
5400,13,1535,1539,1535,1539,1535,1539,false,2026-04-25,KvK #13,KvK #13,2026-04-26T23:06:58.479Z,2026-04-26T23:06:58.479Z,102,100
5401,13,1536,1519,1536,1519,1536,1519,false,2026-04-25,KvK #13,KvK #13,2026-04-26T23:06:58.634Z,2026-04-26T23:06:58.634Z,101,105
5402,13,1537,1556,1537,1537,1537,1556,true,2026-04-25,KvK #13,KvK #13,2026-04-26T23:06:58.791Z,2026-04-26T23:06:58.791Z,101,96
5403,13,1540,1552,1540,1540,1540,1552,true,2026-04-25,KvK #13,KvK #13,2026-04-26T23:06:58.944Z,2026-04-26T23:06:58.944Z,100,97
5404,13,1541,1533,1541,1533,1541,1533,false,2026-04-25,KvK #13,KvK #13,2026-04-26T23:06:59.101Z,2026-04-26T23:06:59.101Z,100,102
5405,13,1543,1546,1543,1543,1543,1546,true,2026-04-25,KvK #13,KvK #13,2026-04-26T23:06:59.259Z,2026-04-26T23:06:59.259Z,99,99
5406,13,1545,1532,1545,1545,1545,1532,true,2026-04-25,KvK #13,KvK #13,2026-04-26T23:06:59.416Z,2026-04-26T23:06:59.416Z,99,102
5407,13,1548,1555,1548,1555,1548,1555,false,2026-04-25,KvK #13,KvK #13,2026-04-26T23:06:59.574Z,2026-04-26T23:06:59.574Z,98,96
5408,13,1550,1544,1550,1550,1550,1544,true,2026-04-25,KvK #13,KvK #13,2026-04-26T23:06:59.727Z,2026-04-26T23:06:59.727Z,97,99
5409,13,1551,1558,1551,1551,1551,1558,true,2026-04-25,KvK #13,KvK #13,2026-04-26T23:06:59.884Z,2026-04-26T23:06:59.884Z,97,96
5410,13,1553,1542,1553,1553,1553,1542,true,2026-04-25,KvK #13,KvK #13,2026-04-26T23:07:00.051Z,2026-04-26T23:07:00.051Z,97,99
5411,13,1554,1547,1554,1554,1554,1547,true,2026-04-25,KvK #13,KvK #13,2026-04-26T23:07:00.213Z,2026-04-26T23:07:00.213Z,97,98
5412,13,1557,1549,1557,1557,1557,1549,true,2026-04-25,KvK #13,KvK #13,2026-04-26T23:07:00.378Z,2026-04-26T23:07:00.378Z,96,98
5413,13,1561,1578,1561,1561,1561,1578,true,2026-04-25,KvK #13,KvK #13,2026-04-26T23:07:00.534Z,2026-04-26T23:07:00.534Z,95,91
5414,13,1564,1559,1564,1564,1564,1559,true,2026-04-25,KvK #13,KvK #13,2026-04-26T23:07:00.693Z,2026-04-26T23:07:00.693Z,94,95
5415,13,1570,1569,1570,1569,1570,1569,false,2026-04-25,KvK #13,KvK #13,2026-04-26T23:07:00.849Z,2026-04-26T23:07:00.849Z,93,93
5416,13,1571,1582,1571,1571,1571,1582,true,2026-04-25,KvK #13,KvK #13,2026-04-26T23:07:01.004Z,2026-04-26T23:07:01.004Z,93,90
5417,13,1572,1589,1572,1572,1572,1589,true,2026-04-25,KvK #13,KvK #13,2026-04-26T23:07:01.157Z,2026-04-26T23:07:01.157Z,92,89
5418,13,1573,1591,1573,1573,1573,1591,true,2026-04-25,KvK #13,KvK #13,2026-04-26T23:07:01.315Z,2026-04-26T23:07:01.315Z,92,89
5419,13,1574,1567,1574,1574,1574,1567,true,2026-04-25,KvK #13,KvK #13,2026-04-26T23:07:01.484Z,2026-04-26T23:07:01.484Z,92,93
5420,13,1576,1588,1576,1576,1576,1588,true,2026-04-25,KvK #13,KvK #13,2026-04-26T23:07:01.652Z,2026-04-26T23:07:01.652Z,91,89
5421,13,1577,1583,1577,1583,1577,1583,false,2026-04-25,KvK #13,KvK #13,2026-04-26T23:07:01.811Z,2026-04-26T23:07:01.811Z,91,90
5422,13,1579,1575,1579,1579,1579,1575,true,2026-04-25,KvK #13,KvK #13,2026-04-26T23:07:01.983Z,2026-04-26T23:07:01.983Z,91,92
5423,13,1581,1566,1581,1581,1581,1566,true,2026-04-25,KvK #13,KvK #13,2026-04-26T23:07:02.150Z,2026-04-26T23:07:02.150Z,90,94
5424,13,1584,1563,1584,1584,1584,1563,true,2026-04-25,KvK #13,KvK #13,2026-04-26T23:07:02.304Z,2026-04-26T23:07:02.304Z,90,94
5425,13,1585,1562,1585,1585,1585,1562,true,2026-04-25,KvK #13,KvK #13,2026-04-26T23:07:02.460Z,2026-04-26T23:07:02.460Z,90,95
5426,13,1586,1587,1586,1586,1586,1587,true,2026-04-25,KvK #13,KvK #13,2026-04-26T23:07:02.633Z,2026-04-26T23:07:02.633Z,90,90
5427,13,1590,1560,1590,1590,1590,1560,true,2026-04-25,KvK #13,KvK #13,2026-04-26T23:07:02.800Z,2026-04-26T23:07:02.800Z,89,95
5428,13,1592,1565,1592,1592,1592,1565,true,2026-04-25,KvK #13,KvK #13,2026-04-26T23:07:02.956Z,2026-04-26T23:07:02.956Z,89,94
5429,13,1593,1580,1593,1593,1593,1580,true,2026-04-25,KvK #13,KvK #13,2026-04-26T23:07:03.130Z,2026-04-26T23:07:03.130Z,89,91
5430,13,1594,1568,1594,1568,1594,1568,false,2026-04-25,KvK #13,KvK #13,2026-04-26T23:07:03.299Z,2026-04-26T23:07:03.299Z,89,93
5431,13,1601,1611,1601,1601,1601,1611,true,2026-04-25,KvK #13,KvK #13,2026-04-26T23:07:03.466Z,2026-04-26T23:07:03.466Z,87,85
5432,13,1603,1624,1603,1624,1603,1624,false,2026-04-25,KvK #13,KvK #13,2026-04-26T23:07:03.635Z,2026-04-26T23:07:03.635Z,87,82
5433,13,1606,1613,1606,1613,1606,1613,false,2026-04-25,KvK #13,KvK #13,2026-04-26T23:07:03.799Z,2026-04-26T23:07:03.799Z,86,85
5434,13,1608,1614,1608,1614,1608,1614,false,2026-04-25,KvK #13,KvK #13,2026-04-26T23:07:03.976Z,2026-04-26T23:07:03.976Z,86,84
5435,13,1609,1598,1609,1609,1609,1598,true,2026-04-25,KvK #13,KvK #13,2026-04-26T23:07:04.146Z,2026-04-26T23:07:04.146Z,85,88
5436,13,1610,1623,1610,1623,1610,1623,false,2026-04-25,KvK #13,KvK #13,2026-04-26T23:07:04.314Z,2026-04-26T23:07:04.314Z,85,82
5437,13,1612,1604,1612,1612,1612,1604,true,2026-04-25,KvK #13,KvK #13,2026-04-26T23:07:04.472Z,2026-04-26T23:07:04.472Z,85,87
5438,13,1615,1602,1615,1615,1615,1602,true,2026-04-25,KvK #13,KvK #13,2026-04-26T23:07:04.627Z,2026-04-26T23:07:04.627Z,84,87
5439,13,1616,1595,1616,1616,1616,1595,true,2026-04-25,KvK #13,KvK #13,2026-04-26T23:07:04.797Z,2026-04-26T23:07:04.797Z,84,88
5440,13,1617,1597,1617,1597,1617,1597,false,2026-04-25,KvK #13,KvK #13,2026-04-26T23:07:04.969Z,2026-04-26T23:07:04.969Z,84,88
5441,13,1618,1600,1618,1600,1618,1600,false,2026-04-25,KvK #13,KvK #13,2026-04-26T23:07:05.127Z,2026-04-26T23:07:05.127Z,83,87
5442,13,1619,1596,1619,1596,1619,1596,false,2026-04-25,KvK #13,KvK #13,2026-04-26T23:07:05.282Z,2026-04-26T23:07:05.282Z,83,88
5443,13,1621,1599,1621,1621,1621,1599,true,2026-04-25,KvK #13,KvK #13,2026-04-26T23:07:05.454Z,2026-04-26T23:07:05.454Z,83,88
5444,13,1625,1620,1625,1625,1625,1620,true,2026-04-25,KvK #13,KvK #13,2026-04-26T23:07:05.608Z,2026-04-26T23:07:05.608Z,82,83
5445,13,1626,1605,1626,1626,1626,1605,true,2026-04-25,KvK #13,KvK #13,2026-04-26T23:07:05.767Z,2026-04-26T23:07:05.767Z,82,86
5446,13,1627,1622,1627,1627,1627,1622,true,2026-04-25,KvK #13,KvK #13,2026-04-26T23:07:05.936Z,2026-04-26T23:07:05.936Z,82,83
5447,13,1629,1647,1629,1629,1629,1647,true,2026-04-25,KvK #13,KvK #13,2026-04-26T23:07:06.103Z,2026-04-26T23:07:06.103Z,81,77
5448,13,1632,1631,1632,1632,1632,1631,true,2026-04-25,KvK #13,KvK #13,2026-04-26T23:07:06.257Z,2026-04-26T23:07:06.257Z,81,81
5449,13,1635,1637,1635,1635,1635,1637,true,2026-04-25,KvK #13,KvK #13,2026-04-26T23:07:06.413Z,2026-04-26T23:07:06.413Z,80,79
5450,13,1636,1650,1636,1650,1636,1650,false,2026-04-25,KvK #13,KvK #13,2026-04-26T23:07:06.569Z,2026-04-26T23:07:06.569Z,80,76
5451,13,1641,1643,1641,1643,1641,1643,false,2026-04-25,KvK #13,KvK #13,2026-04-26T23:07:06.727Z,2026-04-26T23:07:06.727Z,79,78
5452,13,1642,1653,1642,1642,1642,1653,true,2026-04-25,KvK #13,KvK #13,2026-04-26T23:07:06.881Z,2026-04-26T23:07:06.881Z,78,76
5453,13,1645,1639,1645,1639,1645,1639,false,2026-04-25,KvK #13,KvK #13,2026-04-26T23:07:07.042Z,2026-04-26T23:07:07.042Z,78,79
5454,13,1646,1638,1646,1646,1646,1638,true,2026-04-25,KvK #13,KvK #13,2026-04-26T23:07:07.208Z,2026-04-26T23:07:07.208Z,78,79
5455,13,1649,1633,1649,1649,1649,1633,true,2026-04-25,KvK #13,KvK #13,2026-04-26T23:07:07.364Z,2026-04-26T23:07:07.364Z,77,80
5456,13,1651,1640,1651,1640,1651,1640,false,2026-04-25,KvK #13,KvK #13,2026-04-26T23:07:07.521Z,2026-04-26T23:07:07.521Z,76,79
5457,13,1652,1648,1652,1652,1652,1648,true,2026-04-25,KvK #13,KvK #13,2026-04-26T23:07:07.676Z,2026-04-26T23:07:07.676Z,76,77
5458,13,1654,1628,1654,1654,1654,1628,true,2026-04-25,KvK #13,KvK #13,2026-04-26T23:07:09.050Z,2026-04-26T23:07:09.050Z,76,81
5459,13,1655,1644,1655,1655,1655,1644,true,2026-04-25,KvK #13,KvK #13,2026-04-26T23:07:09.218Z,2026-04-26T23:07:09.218Z,75,78
5460,13,1657,1630,1657,1630,1657,1630,false,2026-04-25,KvK #13,KvK #13,2026-04-26T23:07:09.373Z,2026-04-26T23:07:09.373Z,75,81
5461,13,1658,1656,1658,1656,1658,1656,false,2026-04-25,KvK #13,KvK #13,2026-04-26T23:07:09.545Z,2026-04-26T23:07:09.545Z,75,75
5462,13,1659,1634,1659,1634,1659,1634,false,2026-04-25,KvK #13,KvK #13,2026-04-26T23:07:09.699Z,2026-04-26T23:07:09.699Z,75,80
5463,13,1,107,1,1,1,107,true,2026-04-25,KvK #13,KvK #13,2026-04-26T23:08:12.261Z,2026-04-26T23:08:12.261Z,425,378